CREATE DATABASE  IF NOT EXISTS `sbms` /*!40100 DEFAULT CHARACTER SET utf8mb4 COLLATE utf8mb4_0900_ai_ci */ /*!80016 DEFAULT ENCRYPTION='N' */;
USE `sbms`;
-- MySQL dump 10.13  Distrib 8.0.45, for Win64 (x86_64)
--
-- Host: localhost    Database: sbms
-- ------------------------------------------------------
-- Server version	8.4.8

/*!40101 SET @OLD_CHARACTER_SET_CLIENT=@@CHARACTER_SET_CLIENT */;
/*!40101 SET @OLD_CHARACTER_SET_RESULTS=@@CHARACTER_SET_RESULTS */;
/*!40101 SET @OLD_COLLATION_CONNECTION=@@COLLATION_CONNECTION */;
/*!50503 SET NAMES utf8 */;
/*!40103 SET @OLD_TIME_ZONE=@@TIME_ZONE */;
/*!40103 SET TIME_ZONE='+00:00' */;
/*!40014 SET @OLD_UNIQUE_CHECKS=@@UNIQUE_CHECKS, UNIQUE_CHECKS=0 */;
/*!40014 SET @OLD_FOREIGN_KEY_CHECKS=@@FOREIGN_KEY_CHECKS, FOREIGN_KEY_CHECKS=0 */;
/*!40101 SET @OLD_SQL_MODE=@@SQL_MODE, SQL_MODE='NO_AUTO_VALUE_ON_ZERO' */;
/*!40111 SET @OLD_SQL_NOTES=@@SQL_NOTES, SQL_NOTES=0 */;

--
-- Table structure for table `account`
--

DROP TABLE IF EXISTS `account`;
/*!40101 SET @saved_cs_client     = @@character_set_client */;
/*!50503 SET character_set_client = utf8mb4 */;
CREATE TABLE `account` (
  `id` bigint NOT NULL AUTO_INCREMENT,
  `account_name` varchar(150) NOT NULL,
  `account_number` varchar(40) NOT NULL,
  `account_status` enum('ACTIVE','CLOSED','PENDING','SUSPENDED') NOT NULL,
  `account_type_id` bigint NOT NULL,
  `activated_at` datetime(6) DEFAULT NULL,
  `available_balance` decimal(18,2) NOT NULL,
  `branch_id` bigint NOT NULL,
  `created_at` datetime(6) NOT NULL,
  `currency_code` varchar(10) NOT NULL,
  `current_balance` decimal(18,2) NOT NULL,
  `customer_id` bigint NOT NULL,
  `opened_at` datetime(6) DEFAULT NULL,
  `updated_at` datetime(6) NOT NULL,
  `closed_date` date DEFAULT NULL,
  `profit_ratio_id` bigint DEFAULT NULL,
  `remarks` varchar(500) DEFAULT NULL,
  `status` enum('ACTIVE','ARCHIVED','PENDING') NOT NULL,
  `opening_request_id` bigint DEFAULT NULL,
  PRIMARY KEY (`id`),
  UNIQUE KEY `uk_account_account_number` (`account_number`),
  UNIQUE KEY `uk_account_number` (`account_number`),
  KEY `FKgw84mgpacw9htdxcs2j1p7u6j` (`account_type_id`),
  KEY `FKnnwpo0lfq4xai1rs6887sx02k` (`customer_id`),
  KEY `FKnvumwpphgqx9e5a9qy18sg8iq` (`opening_request_id`),
  CONSTRAINT `FKgw84mgpacw9htdxcs2j1p7u6j` FOREIGN KEY (`account_type_id`) REFERENCES `account_type` (`id`),
  CONSTRAINT `FKnnwpo0lfq4xai1rs6887sx02k` FOREIGN KEY (`customer_id`) REFERENCES `customer` (`id`),
  CONSTRAINT `FKnvumwpphgqx9e5a9qy18sg8iq` FOREIGN KEY (`opening_request_id`) REFERENCES `account_opening_request` (`id`)
) ENGINE=InnoDB AUTO_INCREMENT=20 DEFAULT CHARSET=utf8mb4 COLLATE=utf8mb4_0900_ai_ci;
/*!40101 SET character_set_client = @saved_cs_client */;

--
-- Dumping data for table `account`
--

LOCK TABLES `account` WRITE;
/*!40000 ALTER TABLE `account` DISABLE KEYS */;
INSERT INTO `account` VALUES (1,'Md. Hasan Ali Savings Account','ACC-000001','ACTIVE',1,'2026-04-16 10:28:29.797236',0.00,2,'2026-04-16 09:35:12.757807','BDT',0.00,1,'2026-04-16 09:35:12.757807','2026-05-01 14:08:50.000000',NULL,1,'Existing active account normalized for module 8 seed','ACTIVE',1),(2,'Customar Savings Account','ACC-000002','PENDING',2,NULL,0.00,2,'2026-04-16 12:04:24.443168','BDT',0.00,2,'2026-04-16 12:04:24.443168','2026-05-01 14:08:50.000000',NULL,NULL,'Existing pending activation account normalized for module 8 seed','ACTIVE',2),(3,'Customer 03 - Mudarabah Savings Plus','ACC-000003','ACTIVE',3,NULL,5000.00,1,'2026-05-01 14:08:50.000000','BDT',5000.00,3,'2026-04-14 10:00:00.000000','2026-05-01 14:08:50.000000',NULL,3,'Approved savings account','ACTIVE',3),(4,'Customer 04 - SME Current Wadia','ACC-000004','SUSPENDED',4,NULL,7600.00,1,'2026-05-01 14:08:50.000000','BDT',8000.00,4,'2026-04-15 10:00:00.000000','2026-05-01 14:08:50.000000',NULL,NULL,'Blocked pending business verification','ACTIVE',NULL),(5,'Customer 05 - Corporate Mudarabah','ACC-000005','SUSPENDED',5,NULL,15000.00,2,'2026-05-01 14:08:50.000000','BDT',15000.00,5,'2026-04-16 10:00:00.000000','2026-05-01 14:08:50.000000',NULL,5,'Frozen pending compliance review','ACTIVE',NULL),(6,'Customer 06 - Hajj Savings','ACC-000006','CLOSED',6,NULL,0.00,1,'2026-05-01 14:08:50.000000','BDT',2500.00,6,'2026-04-17 10:00:00.000000','2026-05-01 14:08:50.000000','2026-04-28',6,'Closed after customer instruction','ACTIVE',NULL),(7,'Customer 07 - Umrah Savings','ACC-000007','ACTIVE',7,NULL,3000.00,2,'2026-05-01 14:08:50.000000','BDT',3000.00,7,'2026-04-18 10:00:00.000000','2026-05-01 14:08:50.000000',NULL,7,'Approved Umrah savings account','ACTIVE',7),(8,'Customer 08 - Student Savings','ACC-000008','PENDING',8,NULL,700.00,1,'2026-05-01 14:08:50.000000','BDT',700.00,8,'2026-04-19 10:00:00.000000','2026-05-01 14:08:50.000000',NULL,8,'Pending guardian confirmation','ACTIVE',NULL),(9,'Customer 09 - Payroll Savings','ACC-000009','ACTIVE',9,NULL,4300.00,3,'2026-05-01 14:08:50.000000','BDT',4500.00,9,'2026-04-20 10:00:00.000000','2026-05-01 14:08:50.000000',NULL,9,'Payroll savings account active','ACTIVE',NULL),(10,'Customer 10 - Business Current','ACC-000010','SUSPENDED',10,NULL,11800.00,2,'2026-05-01 14:08:50.000000','BDT',12000.00,10,'2026-04-21 10:00:00.000000','2026-05-01 14:08:50.000000',NULL,NULL,'Blocked business current temporarily','ACTIVE',10),(11,'Customer 11 - Women Savings','ACC-000011','ACTIVE',11,NULL,1800.00,1,'2026-05-01 14:08:50.000000','BDT',1800.00,11,'2026-04-22 10:00:00.000000','2026-05-01 14:08:50.000000',NULL,11,'Women savings account active','ACTIVE',NULL),(12,'Customer 12 - Senior Citizen Savings','ACC-000012','SUSPENDED',12,NULL,2100.00,3,'2026-05-01 14:08:51.000000','BDT',2200.00,12,'2026-04-23 10:00:00.000000','2026-05-01 14:08:51.000000',NULL,12,'Frozen due to signature update','ACTIVE',NULL),(13,'Customer 13 - NRB FC Savings','ACC-000013','ACTIVE',13,NULL,550.00,2,'2026-05-01 14:08:51.000000','USD',550.00,13,'2026-04-24 10:00:00.000000','2026-05-01 14:08:51.000000',NULL,13,'NRB FC savings active','ACTIVE',13),(14,'Customer 14 - Monthly Deposit Lite','ACC-000014','CLOSED',14,NULL,0.00,1,'2026-05-01 14:08:51.000000','BDT',900.00,14,'2026-04-25 10:00:00.000000','2026-05-01 14:08:51.000000','2026-04-29',14,'Monthly deposit account closed after maturity','ACTIVE',NULL),(15,'Customer 15 - Digital Savings','ACC-000015','ACTIVE',15,NULL,980.00,3,'2026-05-01 14:08:51.000000','BDT',1000.00,15,'2026-04-26 10:00:00.000000','2026-05-01 14:08:51.000000',NULL,15,'Digital savings account active','ACTIVE',15),(16,'Smoke Customer 013244 - Digital Savings','ACC-000016','PENDING',15,NULL,1000.00,1,'2026-05-16 01:32:46.487750','BDT',1000.00,19,'2026-05-16 01:32:46.487750','2026-05-16 01:32:46.487750',NULL,NULL,'Smoke account opening request','ACTIVE',16),(17,'Smoke Customer 013629 - Digital Savings','ACC-000017','ACTIVE',15,NULL,1000.00,1,'2026-05-16 01:36:31.741067','BDT',1000.00,20,'2026-05-16 01:36:31.741067','2026-05-16 01:36:44.009063',NULL,NULL,'Smoke account activation','ACTIVE',17),(18,'Smoke Customer 080710 - Digital Savings','ACC-000018','ACTIVE',15,NULL,1000.00,1,'2026-05-16 08:07:13.452828','BDT',1000.00,21,'2026-05-16 08:07:13.452828','2026-05-16 08:07:30.442108',NULL,NULL,'Smoke account activation','ACTIVE',18),(19,'Smoke Customer 080951 - Digital Savings','ACC-000019','ACTIVE',15,NULL,1000.00,1,'2026-05-16 08:09:53.815420','BDT',1000.00,22,'2026-05-16 08:09:53.815420','2026-05-16 08:10:08.645418',NULL,NULL,'Smoke account activation','ACTIVE',19);
/*!40000 ALTER TABLE `account` ENABLE KEYS */;
UNLOCK TABLES;

--
-- Table structure for table `account_opening_request`
--

DROP TABLE IF EXISTS `account_opening_request`;
/*!40101 SET @saved_cs_client     = @@character_set_client */;
/*!50503 SET character_set_client = utf8mb4 */;
CREATE TABLE `account_opening_request` (
  `id` bigint NOT NULL AUTO_INCREMENT,
  `account_type_id` bigint NOT NULL,
  `branch_id` bigint NOT NULL,
  `requested_date` date NOT NULL DEFAULT '2026-04-01',
  `created_at` datetime(6) NOT NULL,
  `customer_id` bigint NOT NULL,
  `ops_verified_at` datetime(6) DEFAULT NULL,
  `ops_verified_by` bigint DEFAULT NULL,
  `rejection_reason` varchar(255) DEFAULT NULL,
  `remarks` varchar(500) DEFAULT NULL,
  `request_no` varchar(40) NOT NULL,
  `request_status` enum('APPROVED','DRAFT','REJECTED','SENT_BACK','SUBMITTED','VERIFIED') NOT NULL,
  `submitted_at` datetime(6) DEFAULT NULL,
  `teller_reviewed_at` datetime(6) DEFAULT NULL,
  `teller_reviewed_by` bigint DEFAULT NULL,
  `updated_at` datetime(6) NOT NULL,
  `approved_at` datetime(6) DEFAULT NULL,
  `approved_by` varchar(100) DEFAULT NULL,
  `initial_deposit_amount` decimal(18,2) NOT NULL,
  `status` enum('ACTIVE','ARCHIVED','PENDING') NOT NULL,
  `verified_at` datetime(6) DEFAULT NULL,
  `verified_by` varchar(100) DEFAULT NULL,
  `applicant_image_name` varchar(180) DEFAULT NULL,
  PRIMARY KEY (`id`),
  UNIQUE KEY `uk_account_opening_request_request_no` (`request_no`),
  UNIQUE KEY `uk_account_opening_request_no` (`request_no`),
  KEY `FK91gifgp8kgh7slc798c2glwn` (`account_type_id`),
  KEY `FKhanp2oknvyrqv5r99orubg94i` (`customer_id`),
  CONSTRAINT `FK91gifgp8kgh7slc798c2glwn` FOREIGN KEY (`account_type_id`) REFERENCES `account_type` (`id`),
  CONSTRAINT `FKhanp2oknvyrqv5r99orubg94i` FOREIGN KEY (`customer_id`) REFERENCES `customer` (`id`)
) ENGINE=InnoDB AUTO_INCREMENT=20 DEFAULT CHARSET=utf8mb4 COLLATE=utf8mb4_0900_ai_ci;
/*!40101 SET character_set_client = @saved_cs_client */;

--
-- Dumping data for table `account_opening_request`
--

LOCK TABLES `account_opening_request` WRITE;
/*!40000 ALTER TABLE `account_opening_request` DISABLE KEYS */;
INSERT INTO `account_opening_request` VALUES (1,1,2,'2026-04-01','2026-04-16 09:21:26.398912',1,'2026-04-16 09:31:23.314336',1,NULL,'Existing request normalized for module 8 seed','AOR-0001','APPROVED','2026-04-16 09:21:26.382917','2026-04-16 09:30:05.653579',1,'2026-05-01 14:08:50.000000','2026-05-01 14:08:50.000000','SYSTEM_REVIEWER',0.00,'ACTIVE','2026-05-01 14:08:50.000000','SYSTEM_REVIEWER',NULL),(2,2,2,'2026-04-01','2026-04-16 11:45:14.540264',2,'2026-04-16 11:47:08.517009',1,NULL,'Existing request normalized for module 8 seed','AOR-0002','APPROVED','2026-04-16 11:45:14.540264','2026-04-16 11:47:01.251504',1,'2026-05-01 14:08:50.000000','2026-05-01 14:08:50.000000','SYSTEM_REVIEWER',0.00,'ACTIVE','2026-05-01 14:08:50.000000','SYSTEM_REVIEWER',NULL),(3,3,1,'2026-04-01','2026-05-01 14:08:50.000000',3,NULL,NULL,NULL,'Approved savings request','AOR-0003','APPROVED',NULL,NULL,NULL,'2026-05-01 14:08:50.000000','2026-05-01 14:08:50.000000','SYSTEM_REVIEWER',5000.00,'ACTIVE','2026-05-01 14:08:50.000000','SYSTEM_REVIEWER',NULL),(4,4,1,'2026-04-02','2026-05-01 14:08:50.000000',4,NULL,NULL,NULL,'Verified and waiting for final approval','AOR-0004','VERIFIED',NULL,NULL,NULL,'2026-05-01 14:08:50.000000',NULL,NULL,8000.00,'ACTIVE','2026-05-01 14:08:50.000000','SYSTEM_REVIEWER',NULL),(5,5,2,'2026-04-03','2026-05-01 14:08:50.000000',5,NULL,NULL,NULL,'Submitted corporate opening request','AOR-0005','SUBMITTED',NULL,NULL,NULL,'2026-05-01 14:08:50.000000',NULL,NULL,15000.00,'ACTIVE',NULL,NULL,NULL),(6,6,1,'2026-04-04','2026-05-01 14:08:50.000000',6,NULL,NULL,NULL,'Draft Hajj savings request','AOR-0006','DRAFT',NULL,NULL,NULL,'2026-05-01 14:08:50.000000',NULL,NULL,2000.00,'ACTIVE',NULL,NULL,NULL),(7,7,2,'2026-04-05','2026-05-01 14:08:50.000000',7,NULL,NULL,NULL,'Approved Umrah savings request','AOR-0007','APPROVED',NULL,NULL,NULL,'2026-05-01 14:08:50.000000','2026-05-01 14:08:50.000000','SYSTEM_REVIEWER',3000.00,'ACTIVE','2026-05-01 14:08:50.000000','SYSTEM_REVIEWER',NULL),(8,8,1,'2026-04-06','2026-05-01 14:08:50.000000',8,NULL,NULL,NULL,'Need corrected guardian document before approval','AOR-0008','SENT_BACK',NULL,NULL,NULL,'2026-05-01 14:08:50.000000',NULL,NULL,700.00,'ACTIVE','2026-05-01 14:08:50.000000','SYSTEM_REVIEWER',NULL),(9,9,3,'2026-04-07','2026-05-01 14:08:50.000000',9,NULL,NULL,NULL,'Rejected because employer proof mismatch','AOR-0009','REJECTED',NULL,NULL,NULL,'2026-05-01 14:08:50.000000','2026-05-01 14:08:50.000000','SYSTEM_REVIEWER',2500.00,'ACTIVE','2026-05-01 14:08:50.000000','SYSTEM_REVIEWER',NULL),(10,10,2,'2026-04-08','2026-05-01 14:08:50.000000',10,NULL,NULL,NULL,'Approved business current request','AOR-0010','APPROVED',NULL,NULL,NULL,'2026-05-01 14:08:50.000000','2026-05-01 14:08:50.000000','SYSTEM_REVIEWER',12000.00,'ACTIVE','2026-05-01 14:08:50.000000','SYSTEM_REVIEWER',NULL),(11,11,1,'2026-04-09','2026-05-01 14:08:50.000000',11,NULL,NULL,NULL,'Verified and pending branch approval','AOR-0011','VERIFIED',NULL,NULL,NULL,'2026-05-01 14:08:50.000000',NULL,NULL,1500.00,'ACTIVE','2026-05-01 14:08:50.000000','SYSTEM_REVIEWER',NULL),(12,12,3,'2026-04-10','2026-05-01 14:08:50.000000',12,NULL,NULL,NULL,'Submitted senior citizen savings request','AOR-0012','SUBMITTED',NULL,NULL,NULL,'2026-05-01 14:08:50.000000',NULL,NULL,2000.00,'ACTIVE',NULL,NULL,NULL),(13,13,2,'2026-04-11','2026-05-01 14:08:50.000000',13,NULL,NULL,NULL,'Approved NRB FC savings request','AOR-0013','APPROVED',NULL,NULL,NULL,'2026-05-01 14:08:50.000000','2026-05-01 14:08:50.000000','SYSTEM_REVIEWER',500.00,'ACTIVE','2026-05-01 14:08:50.000000','SYSTEM_REVIEWER',NULL),(14,14,1,'2026-04-12','2026-05-01 14:08:50.000000',14,NULL,NULL,NULL,'Draft monthly deposit request','AOR-0014','DRAFT',NULL,NULL,NULL,'2026-05-01 14:08:50.000000',NULL,NULL,900.00,'ACTIVE',NULL,NULL,NULL),(15,15,3,'2026-04-13','2026-05-01 14:08:50.000000',15,NULL,NULL,NULL,'Approved digital savings request','AOR-0015','APPROVED',NULL,NULL,NULL,'2026-05-01 14:08:50.000000','2026-05-01 14:08:50.000000','SYSTEM_REVIEWER',1000.00,'ACTIVE','2026-05-01 14:08:50.000000','SYSTEM_REVIEWER',NULL),(16,15,1,'2026-05-16','2026-05-16 01:32:46.117639',19,NULL,NULL,NULL,'Smoke account opening request','AOR-0016','APPROVED',NULL,NULL,NULL,'2026-05-16 01:32:46.479750','2026-05-16 01:32:46.479750','branch.manager01',1000.00,'ACTIVE','2026-05-16 01:32:46.397637','ops.officer01',NULL),(17,15,1,'2026-05-16','2026-05-16 01:36:31.376056',20,NULL,NULL,NULL,'Smoke account opening request','AOR-0017','APPROVED',NULL,NULL,NULL,'2026-05-16 01:36:31.733059','2026-05-16 01:36:31.733059','branch.manager01',1000.00,'ACTIVE','2026-05-16 01:36:31.640060','ops.officer01',NULL),(18,15,1,'2026-05-16','2026-05-16 08:07:13.060820',21,NULL,NULL,NULL,'Smoke account opening request','AOR-0018','APPROVED',NULL,NULL,NULL,'2026-05-16 08:07:13.446818','2026-05-16 08:07:13.446818','branch.manager01',1000.00,'ACTIVE','2026-05-16 08:07:13.353819','ops.officer01',NULL),(19,15,1,'2026-05-16','2026-05-16 08:09:53.407422',22,NULL,NULL,NULL,'Smoke account opening request','AOR-0019','APPROVED',NULL,NULL,NULL,'2026-05-16 08:09:53.804420','2026-05-16 08:09:53.804420','branch.manager01',1000.00,'ACTIVE','2026-05-16 08:09:53.690418','ops.officer01',NULL);
/*!40000 ALTER TABLE `account_opening_request` ENABLE KEYS */;
UNLOCK TABLES;

--
-- Table structure for table `account_status_history`
--

DROP TABLE IF EXISTS `account_status_history`;
/*!40101 SET @saved_cs_client     = @@character_set_client */;
/*!50503 SET character_set_client = utf8mb4 */;
CREATE TABLE `account_status_history` (
  `id` bigint NOT NULL AUTO_INCREMENT,
  `account_id` bigint NOT NULL,
  `action_at` datetime(6) NOT NULL,
  `action_by` bigint DEFAULT NULL,
  `from_status` enum('ACTIVE','CLOSED','PENDING','SUSPENDED') DEFAULT NULL,
  `remarks` varchar(255) DEFAULT NULL,
  `to_status` enum('ACTIVE','CLOSED','PENDING','SUSPENDED') NOT NULL,
  PRIMARY KEY (`id`)
) ENGINE=InnoDB AUTO_INCREMENT=4 DEFAULT CHARSET=utf8mb4 COLLATE=utf8mb4_0900_ai_ci;
/*!40101 SET character_set_client = @saved_cs_client */;

--
-- Dumping data for table `account_status_history`
--

LOCK TABLES `account_status_history` WRITE;
/*!40000 ALTER TABLE `account_status_history` DISABLE KEYS */;
INSERT INTO `account_status_history` VALUES (1,1,'2026-04-16 09:35:12.768802',1,NULL,'\"Standard savings account opening\"','PENDING'),(2,1,'2026-04-16 10:28:29.798236',1,'PENDING','Activated from UI','ACTIVE'),(3,2,'2026-04-16 12:04:24.509169',1,NULL,'\"Account Created\"','PENDING');
/*!40000 ALTER TABLE `account_status_history` ENABLE KEYS */;
UNLOCK TABLES;

--
-- Table structure for table `account_type`
--

DROP TABLE IF EXISTS `account_type`;
/*!40101 SET @saved_cs_client     = @@character_set_client */;
/*!50503 SET character_set_client = utf8mb4 */;
CREATE TABLE `account_type` (
  `id` bigint NOT NULL AUTO_INCREMENT,
  `account_category` varchar(100) NOT NULL,
  `account_subcategory` varchar(100) DEFAULT NULL,
  `code` varchar(50) NOT NULL,
  `created_at` datetime(6) NOT NULL,
  `minimum_balance` decimal(18,2) DEFAULT NULL,
  `name` varchar(150) NOT NULL,
  `profit_applicable` bit(1) NOT NULL,
  `psr_required` bit(1) NOT NULL,
  `status` enum('ACTIVE','ARCHIVED','PENDING') NOT NULL,
  `updated_at` datetime(6) NOT NULL,
  `currency_code` varchar(10) NOT NULL,
  `minimum_opening_balance` decimal(18,2) NOT NULL,
  `shariah_contract_type` enum('IJARAH','MUDARABAH','MURABAHA','QARD','WADIAH') NOT NULL,
  `type_code` varchar(30) NOT NULL,
  `type_name` varchar(100) NOT NULL,
  `withdrawal_allowed` bit(1) NOT NULL,
  PRIMARY KEY (`id`),
  UNIQUE KEY `uk_account_type_code` (`code`)
) ENGINE=InnoDB AUTO_INCREMENT=16 DEFAULT CHARSET=utf8mb4 COLLATE=utf8mb4_0900_ai_ci;
/*!40101 SET character_set_client = @saved_cs_client */;

--
-- Dumping data for table `account_type`
--

LOCK TABLES `account_type` WRITE;
/*!40000 ALTER TABLE `account_type` DISABLE KEYS */;
INSERT INTO `account_type` VALUES (1,'SAVINGS','MUDARABAH_BASIC','ACT-001','2026-04-15 07:09:46.368288',1000.00,'Mudarabah Savings Basic',_binary '',_binary '','ACTIVE','2026-05-01 14:08:50.000000','BDT',1000.00,'MUDARABAH','ACT-001','Mudarabah Savings Basic',_binary ''),(2,'CURRENT','WADIAH_PERSONAL','ACT-002','2026-04-16 11:01:06.960752',2000.00,'Wadia Current Personal',_binary '\0',_binary '\0','ACTIVE','2026-05-01 14:08:50.000000','BDT',2000.00,'WADIAH','ACT-002','Wadia Current Personal',_binary ''),(3,'SAVINGS','MUDARABAH_PLUS','ACT-003','2026-05-01 14:08:50.000000',3000.00,'Mudarabah Savings Plus',_binary '',_binary '','ACTIVE','2026-05-01 14:08:50.000000','BDT',3000.00,'MUDARABAH','ACT-003','Mudarabah Savings Plus',_binary ''),(4,'CURRENT','SME_WADIAH','ACT-004','2026-05-01 14:08:50.000000',5000.00,'SME Current Wadia',_binary '\0',_binary '\0','ACTIVE','2026-05-01 14:08:50.000000','BDT',5000.00,'WADIAH','ACT-004','SME Current Wadia',_binary ''),(5,'CURRENT','CORPORATE_MUDARABAH','ACT-005','2026-05-01 14:08:50.000000',10000.00,'Corporate Mudarabah',_binary '',_binary '','ACTIVE','2026-05-01 14:08:50.000000','BDT',10000.00,'MUDARABAH','ACT-005','Corporate Mudarabah',_binary ''),(6,'SAVINGS','HAJJ','ACT-006','2026-05-01 14:08:50.000000',1500.00,'Hajj Savings',_binary '',_binary '','ACTIVE','2026-05-01 14:08:50.000000','BDT',1500.00,'MUDARABAH','ACT-006','Hajj Savings',_binary '\0'),(7,'SAVINGS','UMRAH','ACT-007','2026-05-01 14:08:50.000000',1500.00,'Umrah Savings',_binary '',_binary '','ACTIVE','2026-05-01 14:08:50.000000','BDT',1500.00,'MUDARABAH','ACT-007','Umrah Savings',_binary '\0'),(8,'SAVINGS','STUDENT','ACT-008','2026-05-01 14:08:50.000000',500.00,'Student Savings',_binary '',_binary '','ACTIVE','2026-05-01 14:08:50.000000','BDT',500.00,'MUDARABAH','ACT-008','Student Savings',_binary ''),(9,'SAVINGS','PAYROLL','ACT-009','2026-05-01 14:08:50.000000',1000.00,'Payroll Savings',_binary '',_binary '','ACTIVE','2026-05-01 14:08:50.000000','BDT',1000.00,'MUDARABAH','ACT-009','Payroll Savings',_binary ''),(10,'CURRENT','BUSINESS','ACT-010','2026-05-01 14:08:50.000000',7500.00,'Business Current',_binary '\0',_binary '\0','ACTIVE','2026-05-01 14:08:50.000000','BDT',7500.00,'WADIAH','ACT-010','Business Current',_binary ''),(11,'SAVINGS','WOMEN','ACT-011','2026-05-01 14:08:50.000000',800.00,'Women Savings',_binary '',_binary '','ACTIVE','2026-05-01 14:08:50.000000','BDT',800.00,'MUDARABAH','ACT-011','Women Savings',_binary ''),(12,'SAVINGS','SENIOR_CITIZEN','ACT-012','2026-05-01 14:08:50.000000',700.00,'Senior Citizen Savings',_binary '',_binary '','ACTIVE','2026-05-01 14:08:50.000000','BDT',700.00,'MUDARABAH','ACT-012','Senior Citizen Savings',_binary ''),(13,'SAVINGS','NRB_FC','ACT-013','2026-05-01 14:08:50.000000',100.00,'NRB FC Savings',_binary '',_binary '','ACTIVE','2026-05-01 14:08:50.000000','USD',100.00,'MUDARABAH','ACT-013','NRB FC Savings',_binary ''),(14,'DEPOSIT','MONTHLY_DEPOSIT','ACT-014','2026-05-01 14:08:50.000000',500.00,'Monthly Deposit Lite',_binary '',_binary '','ACTIVE','2026-05-01 14:08:50.000000','BDT',500.00,'MUDARABAH','ACT-014','Monthly Deposit Lite',_binary '\0'),(15,'SAVINGS','DIGITAL','ACT-015','2026-05-01 14:08:50.000000',300.00,'Digital Savings',_binary '',_binary '','ACTIVE','2026-05-01 14:08:50.000000','BDT',300.00,'MUDARABAH','ACT-015','Digital Savings',_binary '');
/*!40000 ALTER TABLE `account_type` ENABLE KEYS */;
UNLOCK TABLES;

--
-- Table structure for table `account_types`
--

DROP TABLE IF EXISTS `account_types`;
/*!40101 SET @saved_cs_client     = @@character_set_client */;
/*!50503 SET character_set_client = utf8mb4 */;
CREATE TABLE `account_types` (
  `id` bigint NOT NULL AUTO_INCREMENT,
  `account_category` varchar(100) NOT NULL,
  `account_subcategory` varchar(100) DEFAULT NULL,
  `code` varchar(50) NOT NULL,
  `created_at` datetime(6) NOT NULL,
  `minimum_balance` decimal(18,2) DEFAULT NULL,
  `name` varchar(150) NOT NULL,
  `profit_applicable` bit(1) NOT NULL,
  `psr_required` bit(1) NOT NULL,
  `status` enum('ACTIVE','INACTIVE') NOT NULL,
  `updated_at` datetime(6) NOT NULL,
  PRIMARY KEY (`id`),
  UNIQUE KEY `uk_account_types_code` (`code`)
) ENGINE=InnoDB DEFAULT CHARSET=utf8mb4 COLLATE=utf8mb4_0900_ai_ci;
/*!40101 SET character_set_client = @saved_cs_client */;

--
-- Dumping data for table `account_types`
--

LOCK TABLES `account_types` WRITE;
/*!40000 ALTER TABLE `account_types` DISABLE KEYS */;
/*!40000 ALTER TABLE `account_types` ENABLE KEYS */;
UNLOCK TABLES;

--
-- Table structure for table `audit_log`
--

DROP TABLE IF EXISTS `audit_log`;
/*!40101 SET @saved_cs_client     = @@character_set_client */;
/*!50503 SET character_set_client = utf8mb4 */;
CREATE TABLE `audit_log` (
  `id` bigint NOT NULL AUTO_INCREMENT,
  `action` varchar(100) NOT NULL,
  `action_at` datetime(6) NOT NULL,
  `description` varchar(500) DEFAULT NULL,
  `entity_id` bigint DEFAULT NULL,
  `entity_type` varchar(100) DEFAULT NULL,
  `ip_address` varchar(50) DEFAULT NULL,
  `user_id` bigint DEFAULT NULL,
  `username` varchar(100) DEFAULT NULL,
  `action_name` varchar(80) NOT NULL,
  `module_name` varchar(80) NOT NULL,
  `new_value_json` text,
  `old_value_json` text,
  `performed_at` datetime(6) NOT NULL,
  `performed_by` varchar(120) NOT NULL,
  `reference_id` bigint DEFAULT NULL,
  `status` enum('ACTIVE','ARCHIVED','PENDING') NOT NULL,
  PRIMARY KEY (`id`)
) ENGINE=InnoDB AUTO_INCREMENT=358 DEFAULT CHARSET=utf8mb4 COLLATE=utf8mb4_0900_ai_ci;
/*!40101 SET character_set_client = @saved_cs_client */;

--
-- Dumping data for table `audit_log`
--

LOCK TABLES `audit_log` WRITE;
/*!40000 ALTER TABLE `audit_log` DISABLE KEYS */;
INSERT INTO `audit_log` VALUES (1,'ASSIGN','2026-05-04 08:32:00.000000','Investigation case assigned | SECURITY_SEED',1,'SECURITY_INVESTIGATION',NULL,NULL,'SECURITY_SEED','ASSIGN','SECURITY_INVESTIGATION','{\"caseStatus\":\"ASSIGNED\",\"assignedTo\":1}','{\"caseStatus\":\"OPEN\",\"assignedTo\":null}','2026-05-04 08:32:00.000000','SECURITY_SEED',1,'ACTIVE'),(2,'REVIEW_START','2026-05-04 08:40:00.000000','Review started | SECURITY_SEED',2,'SECURITY_INVESTIGATION',NULL,NULL,'SECURITY_SEED','REVIEW_START','SECURITY_INVESTIGATION','{\"caseStatus\":\"UNDER_REVIEW\"}','{\"caseStatus\":\"ASSIGNED\"}','2026-05-04 08:40:00.000000','SECURITY_SEED',2,'ACTIVE'),(3,'ASSIGN','2026-05-04 09:27:00.000000','Investigation case assigned | SECURITY_SEED',4,'SECURITY_INVESTIGATION',NULL,NULL,'SECURITY_SEED','ASSIGN','SECURITY_INVESTIGATION','{\"caseStatus\":\"ASSIGNED\",\"assignedTo\":1}','{\"caseStatus\":\"OPEN\",\"assignedTo\":null}','2026-05-04 09:27:00.000000','SECURITY_SEED',4,'ACTIVE'),(4,'REVIEW_START','2026-05-04 09:38:00.000000','Review started | SECURITY_SEED',5,'SECURITY_INVESTIGATION',NULL,NULL,'SECURITY_SEED','REVIEW_START','SECURITY_INVESTIGATION','{\"caseStatus\":\"UNDER_REVIEW\"}','{\"caseStatus\":\"ASSIGNED\"}','2026-05-04 09:38:00.000000','SECURITY_SEED',5,'ACTIVE'),(5,'CLOSE','2026-05-03 15:45:00.000000','Case closed | SECURITY_SEED',7,'SECURITY_INVESTIGATION',NULL,NULL,'SECURITY_SEED','CLOSE','SECURITY_INVESTIGATION','{\"caseStatus\":\"CLOSED\"}','{\"caseStatus\":\"UNDER_REVIEW\"}','2026-05-03 15:45:00.000000','SECURITY_SEED',7,'ACTIVE'),(6,'ASSIGN','2026-05-03 16:25:00.000000','Investigation case assigned | SECURITY_SEED',8,'SECURITY_INVESTIGATION',NULL,NULL,'SECURITY_SEED','ASSIGN','SECURITY_INVESTIGATION','{\"caseStatus\":\"ASSIGNED\",\"assignedTo\":1}','{\"caseStatus\":\"OPEN\",\"assignedTo\":null}','2026-05-03 16:25:00.000000','SECURITY_SEED',8,'ACTIVE'),(7,'ASSIGN','2026-05-02 10:17:00.000000','Investigation case assigned | SECURITY_SEED',10,'SECURITY_INVESTIGATION',NULL,NULL,'SECURITY_SEED','ASSIGN','SECURITY_INVESTIGATION','{\"caseStatus\":\"ASSIGNED\",\"assignedTo\":1}','{\"caseStatus\":\"OPEN\",\"assignedTo\":null}','2026-05-02 10:17:00.000000','SECURITY_SEED',10,'ACTIVE'),(8,'REVIEW_START','2026-05-01 12:25:00.000000','Review started | SECURITY_SEED',12,'SECURITY_INVESTIGATION',NULL,NULL,'SECURITY_SEED','REVIEW_START','SECURITY_INVESTIGATION','{\"caseStatus\":\"UNDER_REVIEW\"}','{\"caseStatus\":\"ASSIGNED\"}','2026-05-01 12:25:00.000000','SECURITY_SEED',12,'ACTIVE'),(9,'CLOSE','2026-05-01 14:10:00.000000','Case closed | SECURITY_SEED',13,'SECURITY_INVESTIGATION',NULL,NULL,'SECURITY_SEED','CLOSE','SECURITY_INVESTIGATION','{\"caseStatus\":\"CLOSED\"}','{\"caseStatus\":\"UNDER_REVIEW\"}','2026-05-01 14:10:00.000000','SECURITY_SEED',13,'ACTIVE'),(10,'LOCK_USER','2026-05-04 08:16:00.000000','User locked after threshold | SECURITY_SEED',1002,'AUTH',NULL,NULL,'SECURITY_SEED','LOCK_USER','AUTH','{\"status\":\"LOCKED\"}','{\"status\":\"ACTIVE\"}','2026-05-04 08:16:00.000000','SECURITY_SEED',1002,'ACTIVE'),(11,'RAISE_AML_ALERT','2026-05-04 09:11:00.000000','AML alert raised | SECURITY_SEED',2002,'TRANSACTION',NULL,NULL,'SECURITY_SEED','RAISE_AML_ALERT','TRANSACTION','{\"alert\":\"AML_FLAG\"}','{\"alert\":\"NONE\"}','2026-05-04 09:11:00.000000','SECURITY_SEED',2002,'ACTIVE'),(12,'SANCTION_SCREEN','2026-05-04 09:21:00.000000','Sanction hit logged | SECURITY_SEED',3001,'CUSTOMER',NULL,NULL,'SECURITY_SEED','SANCTION_SCREEN','CUSTOMER','{\"screening\":\"HIT\"}','{\"screening\":\"CLEAR\"}','2026-05-04 09:21:00.000000','SECURITY_SEED',3001,'ACTIVE'),(13,'PERMISSION_MAP_UPDATE','2026-05-03 16:02:00.000000','Role permission updated | SECURITY_SEED',5001,'ROLE',NULL,NULL,'SECURITY_SEED','PERMISSION_MAP_UPDATE','ROLE','{\"permissions\":\"ELEVATED\"}','{\"permissions\":\"LIMITED\"}','2026-05-03 16:02:00.000000','SECURITY_SEED',5001,'ACTIVE'),(14,'PASSWORD_RESET','2026-05-03 15:22:00.000000','Admin password reset | SECURITY_SEED',4001,'USER',NULL,NULL,'SECURITY_SEED','PASSWORD_RESET','USER','{\"passwordReset\":\"DONE\"}','{\"passwordReset\":\"PENDING\"}','2026-05-03 15:22:00.000000','SECURITY_SEED',4001,'ACTIVE'),(15,'CONFIG_REVIEW','2026-05-01 15:05:00.000000','Security configuration reviewed | SECURITY_SEED',9001,'SECURITY',NULL,NULL,'SECURITY_SEED','CONFIG_REVIEW','SECURITY','{\"ruleVersion\":\"1.1\"}','{\"ruleVersion\":\"1.0\"}','2026-05-01 15:05:00.000000','SECURITY_SEED',9001,'ACTIVE'),(16,'ASSIGN','2026-05-04 08:17:38.348174','ASSIGN',3,'SECURITY_INVESTIGATION',NULL,NULL,'SYSTEM','ASSIGN','SECURITY_INVESTIGATION','{\"caseStatus\":\"ASSIGNED\",\"assignedTo\":1}','{\"caseStatus\":\"OPEN\",\"assignedTo\":null}','2026-05-04 08:17:38.348174','SYSTEM',3,'ACTIVE'),(17,'ROLE_CREATE','2026-05-09 15:57:38.397790','POST /api/roles/create',NULL,'ROLE_MANAGEMENT','0:0:0:0:0:0:0:1',3,'Admin01','ROLE_CREATE','ROLE_MANAGEMENT','[{\"code\":\"AOP_TEST_ROLE_20260509\",\"name\":\"AOP Test Role\",\"description\":\"Temporary role for AOP verification\",\"status\":\"ACTIVE\",\"actionBy\":null}]','{\"outcome\":\"SUCCESS\"}','2026-05-09 15:57:38.397790','Admin01',NULL,'ACTIVE'),(18,'ROLE_CREATE','2026-05-09 16:00:24.006561','POST /api/roles/create',NULL,'ROLE_MANAGEMENT','0:0:0:0:0:0:0:1',3,'Admin01','ROLE_CREATE','ROLE_MANAGEMENT','[{\"code\":\"AOP_TEST_ROLE_160023\",\"name\":\"AOP Test Role 160023\",\"description\":\"Temporary role for AOP verification\",\"status\":\"ACTIVE\",\"actionBy\":null}]','{\"outcome\":\"SUCCESS\"}','2026-05-09 16:00:24.006561','Admin01',NULL,'ACTIVE'),(19,'ROLE_ARCHIVE','2026-05-09 16:00:45.989695','DELETE /api/roles/23',23,'ROLE_MANAGEMENT','0:0:0:0:0:0:0:1',3,'Admin01','ROLE_ARCHIVE','ROLE_MANAGEMENT','[23]','{\"outcome\":\"SUCCESS\"}','2026-05-09 16:00:45.989695','Admin01',23,'ACTIVE'),(20,'ROLE_ARCHIVE','2026-05-09 16:00:46.089993','DELETE /api/roles/24',24,'ROLE_MANAGEMENT','0:0:0:0:0:0:0:1',3,'Admin01','ROLE_ARCHIVE','ROLE_MANAGEMENT','[24]','{\"outcome\":\"SUCCESS\"}','2026-05-09 16:00:46.089993','Admin01',24,'ACTIVE'),(21,'USER_UNLOCK','2026-05-13 06:10:28.787500','POST /api/users/20/unlock',20,'USER_MANAGEMENT','0:0:0:0:0:0:0:1',3,'Admin01','USER_UNLOCK','USER_MANAGEMENT','{\"request\":\"[20,{\\\"actionBy\\\":\\\"Admin01\\\",\\\"reason\\\":null}]\",\"error\":\"Step-up verification is required for this action\"}','{\"outcome\":\"FAILED\"}','2026-05-13 06:10:28.787500','Admin01',20,'ACTIVE'),(22,'USER_UNLOCK','2026-05-13 06:11:12.733935','POST /api/users/20/unlock',20,'USER_MANAGEMENT','0:0:0:0:0:0:0:1',3,'Admin01','USER_UNLOCK','USER_MANAGEMENT','{\"request\":\"[20,{\\\"actionBy\\\":\\\"Admin01\\\",\\\"reason\\\":\\\"because this user is a system admin.\\\"}]\",\"error\":\"Step-up verification is required for this action\"}','{\"outcome\":\"FAILED\"}','2026-05-13 06:11:12.733935','Admin01',20,'ACTIVE'),(23,'USER_EDIT','2026-05-13 06:12:39.408475','PUT /api/users/9',9,'USER_MANAGEMENT','0:0:0:0:0:0:0:1',3,'Admin01','USER_EDIT','USER_MANAGEMENT','[9,{\"username\":\"audit.reviewer01\",\"fullName\":\"Audit Reviewer One\",\"email\":\"audit.reviewer01@sbms.local\",\"mobile\":\"01710000009\",\"profileImageName\":\"94a43d90-56ae-4bc3-9fc4-206a50898ed8.jpg\",\"employeeNo\":\"EMP-0009\",\"designation\":\"Audit Reviewer\",\"branchId\":4,\"userType\":\"STAFF\",\"status\":\"ACTIVE\",\"roleId\":1,\"active\":null,\"locked\":null,\"emailVerified\":true,\"mobileVerified\":true,\"actionBy\":\"Admin01\"}]','{\"outcome\":\"SUCCESS\"}','2026-05-13 06:12:39.408475','Admin01',9,'ACTIVE'),(24,'USER_EDIT','2026-05-13 06:34:52.865211','PUT /api/users/3',3,'USER_MANAGEMENT','0:0:0:0:0:0:0:1',3,'Admin01','USER_EDIT','USER_MANAGEMENT','[3,{\"username\":\"Admin01\",\"fullName\":\"Md. Masud Rana\",\"email\":\"masud.jee68@gmail.com\",\"mobile\":\"01575634380\",\"profileImageName\":\"ac6e8a7e-288e-4ef7-afa7-7a40b99d24c9.jpg\",\"employeeNo\":\"EMP-0003\",\"designation\":\"Seeded User\",\"branchId\":1,\"userType\":\"STAFF\",\"status\":\"ACTIVE\",\"roleId\":1,\"active\":null,\"locked\":null,\"emailVerified\":true,\"mobileVerified\":true,\"actionBy\":\"Admin01\"}]','{\"outcome\":\"SUCCESS\"}','2026-05-13 06:34:52.865211','Admin01',3,'ACTIVE'),(25,'USER_RESTORE','2026-05-13 06:49:42.385800','PUT /api/users/17/restore',17,'USER_MANAGEMENT','0:0:0:0:0:0:0:1',3,'Admin01','USER_RESTORE','USER_MANAGEMENT','[17]','{\"outcome\":\"SUCCESS\"}','2026-05-13 06:49:42.385800','Admin01',17,'ACTIVE'),(26,'USER_UNLOCK','2026-05-13 06:50:19.835818','POST /api/users/20/unlock',20,'USER_MANAGEMENT','0:0:0:0:0:0:0:1',3,'Admin01','USER_UNLOCK','USER_MANAGEMENT','{\"request\":\"[20,{\\\"actionBy\\\":\\\"Admin01\\\",\\\"reason\\\":\\\"This user is system admin.\\\"}]\",\"error\":\"Step-up verification is required for this action\"}','{\"outcome\":\"FAILED\"}','2026-05-13 06:50:19.835818','Admin01',20,'ACTIVE'),(27,'KYC_EDIT','2026-05-13 08:02:42.120335','PUT /api/kyc/profile/16',16,'KYC_MANAGEMENT','0:0:0:0:0:0:0:1',3,'Admin01','KYC_EDIT','KYC_MANAGEMENT','[16,{\"customerId\":1,\"riskLevel\":\"HIGH\",\"sourceOfFundsNote\":\"Legacy corporate fund declaration reviewed from onboarding documents\",\"pepFlag\":false,\"sanctionFlag\":false,\"amlFlag\":false,\"reviewStatus\":\"APPROVED\",\"remarks\":\"Legacy corporate KYC approved\",\"status\":\"ACTIVE\"}]','{\"outcome\":\"SUCCESS\"}','2026-05-13 08:02:42.120335','Admin01',16,'ACTIVE'),(28,'USER_EDIT','2026-05-14 19:17:39.936774','PUT /api/users/19',19,'USER_MANAGEMENT','0:0:0:0:0:0:0:1',3,'Admin01','USER_EDIT','USER_MANAGEMENT','{\"error\":\"Email already exists\",\"request\":\"[19,{\\\"username\\\":\\\"contract.review01\\\",\\\"fullName\\\":\\\"Mahadi Hasan\\\",\\\"email\\\":\\\"masud.jee68@gmail.com\\\",\\\"mobile\\\":\\\"01972526763\\\",\\\"profileImageName\\\":\\\"988f19ac-831c-4d16-9b22-c3fb30b6aa2f.jpg\\\",\\\"employeeNo\\\":\\\"EMP-0019\\\",\\\"designation\\\":\\\"Contract Reviewer\\\",\\\"branchId\\\":9,\\\"userType\\\":\\\"STAFF\\\",\\\"status\\\":\\\"ACTIVE\\\",\\\"roleId\\\":6...\"}','{\"outcome\":\"FAILED\"}','2026-05-14 19:17:39.936774','Admin01',19,'ACTIVE'),(29,'USER_EDIT','2026-05-14 19:19:41.239705','PUT /api/users/19',19,'USER_MANAGEMENT','0:0:0:0:0:0:0:1',3,'Admin01','USER_EDIT','USER_MANAGEMENT','{\"error\":\"Email already exists\",\"request\":\"[19,{\\\"username\\\":\\\"contract.review01\\\",\\\"fullName\\\":\\\"Mahadi Hasan\\\",\\\"email\\\":\\\"masud.jee68@gmail.com\\\",\\\"mobile\\\":\\\"01972526763\\\",\\\"profileImageName\\\":\\\"988f19ac-831c-4d16-9b22-c3fb30b6aa2f.jpg\\\",\\\"employeeNo\\\":\\\"EMP-0019\\\",\\\"designation\\\":\\\"Contract Reviewer\\\",\\\"branchId\\\":9,\\\"userType\\\":\\\"STAFF\\\",\\\"status\\\":\\\"ACTIVE\\\",\\\"roleId\\\":6...\"}','{\"outcome\":\"FAILED\"}','2026-05-14 19:19:41.239705','Admin01',19,'ACTIVE'),(30,'USER_EDIT','2026-05-14 19:19:49.119390','PUT /api/users/19',19,'USER_MANAGEMENT','0:0:0:0:0:0:0:1',3,'Admin01','USER_EDIT','USER_MANAGEMENT','{\"error\":\"Email already exists\",\"request\":\"[19,{\\\"username\\\":\\\"contract.review01\\\",\\\"fullName\\\":\\\"Mahadi Hasan\\\",\\\"email\\\":\\\"masud.jee68@gmail.com\\\",\\\"mobile\\\":\\\"01972526763\\\",\\\"profileImageName\\\":\\\"988f19ac-831c-4d16-9b22-c3fb30b6aa2f.jpg\\\",\\\"employeeNo\\\":\\\"EMP-0019\\\",\\\"designation\\\":\\\"Contract Reviewer\\\",\\\"branchId\\\":9,\\\"userType\\\":\\\"STAFF\\\",\\\"status\\\":\\\"ACTIVE\\\",\\\"roleId\\\":6...\"}','{\"outcome\":\"FAILED\"}','2026-05-14 19:19:49.119390','Admin01',19,'ACTIVE'),(31,'USER_EDIT','2026-05-14 19:20:50.309791','PUT /api/users/19',19,'USER_MANAGEMENT','0:0:0:0:0:0:0:1',3,'Admin01','USER_EDIT','USER_MANAGEMENT','{\"error\":\"Email already exists\",\"request\":\"[19,{\\\"username\\\":\\\"contract.review01\\\",\\\"fullName\\\":\\\"Mehedi Hassan\\\",\\\"email\\\":\\\"masud.jee68@gmail.com\\\",\\\"mobile\\\":\\\"01972526763\\\",\\\"profileImageName\\\":\\\"a9e4b6be-337d-4d71-8472-0dfba510d83b.jpg\\\",\\\"employeeNo\\\":\\\"EMP-0019\\\",\\\"designation\\\":\\\"Contract Reviewer\\\",\\\"branchId\\\":9,\\\"userType\\\":\\\"STAFF\\\",\\\"status\\\":\\\"ACTIVE\\\",\\\"roleId\\\":...\"}','{\"outcome\":\"FAILED\"}','2026-05-14 19:20:50.309791','Admin01',19,'ACTIVE'),(32,'USER_EDIT','2026-05-14 19:22:01.821821','PUT /api/users/19',19,'USER_MANAGEMENT','0:0:0:0:0:0:0:1',3,'Admin01','USER_EDIT','USER_MANAGEMENT','[19,{\"username\":\"contract.review01\",\"fullName\":\"Mehedi Hassan\",\"email\":\"abdulmannanmahadi@gmail.com\",\"mobile\":\"01972526763\",\"profileImageName\":\"a9e4b6be-337d-4d71-8472-0dfba510d83b.jpg\",\"employeeNo\":\"EMP-0019\",\"designation\":\"Contract Reviewer\",\"branchId\":9,\"userType\":\"STAFF\",\"status\":\"ACTIVE\",\"roleId\":6,\"active\":null,\"locked\":null,\"emailVerified\":true,\"mobileVerified\":true,\"actionBy\":\"Admin01\"}]','{\"outcome\":\"SUCCESS\"}','2026-05-14 19:22:01.821821','Admin01',19,'ACTIVE'),(33,'USER_EDIT','2026-05-14 19:41:50.025884','PUT /api/users/17',17,'USER_MANAGEMENT','0:0:0:0:0:0:0:1',3,'Admin01','USER_EDIT','USER_MANAGEMENT','[17,{\"username\":\"statement.desk01\",\"fullName\":\"Abdullah Al Mahmud\",\"email\":\"almahmud448@gmail.com\",\"mobile\":\"01575500755\",\"profileImageName\":\"e87e8cb4-57d6-4295-916c-f29f3aee3c7c.jpg\",\"employeeNo\":\"EMP-0017\",\"designation\":\"Statement Desk Officer\",\"branchId\":8,\"userType\":\"STAFF\",\"status\":\"ACTIVE\",\"roleId\":4,\"active\":null,\"locked\":null,\"emailVerified\":true,\"mobileVerified\":true,\"actionBy\":\"Admin01\"}]','{\"outcome\":\"SUCCESS\"}','2026-05-14 19:41:50.025884','Admin01',17,'ACTIVE'),(34,'ROLE_RESTORE','2026-05-15 18:41:59.281426','PUT /api/roles/24/restore',24,'ROLE_MANAGEMENT','0:0:0:0:0:0:0:1',3,'Admin01','ROLE_RESTORE','ROLE_MANAGEMENT','[24]','{\"outcome\":\"SUCCESS\"}','2026-05-15 18:41:59.281426','Admin01',24,'ACTIVE'),(35,'USER_UNLOCK','2026-05-15 19:50:27.538571','POST /api/users/20/unlock',20,'USER_MANAGEMENT','0:0:0:0:0:0:0:1',3,'Admin01','USER_UNLOCK','USER_MANAGEMENT','[20,{\"actionBy\":\"Admin01\",\"reason\":null}]','{\"outcome\":\"SUCCESS\"}','2026-05-15 19:50:27.538571','Admin01',20,'ACTIVE'),(36,'FORGOTPASSWORD','2026-05-16 01:07:08.954562','POST /api/auth/forgot-password',NULL,'AUTH','0:0:0:0:0:0:0:1',NULL,'SYSTEM','FORGOTPASSWORD','AUTH','[{\"identifier\":\"Admin01\",\"channelType\":\"EMAIL\"}]','{\"outcome\":\"SUCCESS\"}','2026-05-16 01:07:08.954562','SYSTEM',NULL,'ACTIVE'),(37,'FORGOTPASSWORD','2026-05-16 01:09:49.348316','POST /api/auth/forgot-password',NULL,'AUTH','0:0:0:0:0:0:0:1',NULL,'SYSTEM','FORGOTPASSWORD','AUTH','{\"error\":\"An active unexpired OTP already exists for this contact and purpose\",\"request\":\"[{\\\"identifier\\\":\\\"Admin01\\\",\\\"channelType\\\":\\\"EMAIL\\\"}]\"}','{\"outcome\":\"FAILED\"}','2026-05-16 01:09:49.348316','SYSTEM',NULL,'ACTIVE'),(38,'FORGOTPASSWORD','2026-05-16 01:10:39.788835','POST /api/auth/forgot-password',NULL,'AUTH','0:0:0:0:0:0:0:1',NULL,'SYSTEM','FORGOTPASSWORD','AUTH','[{\"identifier\":\"Admin01\",\"channelType\":\"EMAIL\"}]','{\"outcome\":\"SUCCESS\"}','2026-05-16 01:10:39.788835','SYSTEM',NULL,'ACTIVE'),(39,'RESETPASSWORD','2026-05-16 01:10:40.253834','POST /api/auth/reset-password',NULL,'AUTH','0:0:0:0:0:0:0:1',NULL,'SYSTEM','RESETPASSWORD','AUTH','[{\"requestId\":35,\"otpCode\":\"***masked***\",\"newPassword\":\"***masked***\",\"confirmPassword\":\"***masked***\"}]','{\"outcome\":\"SUCCESS\"}','2026-05-16 01:10:40.253834','SYSTEM',NULL,'ACTIVE'),(40,'FORGOTPASSWORD','2026-05-16 01:10:40.812838','POST /api/auth/forgot-password',NULL,'AUTH','0:0:0:0:0:0:0:1',NULL,'SYSTEM','FORGOTPASSWORD','AUTH','[{\"identifier\":\"branch.manager01\",\"channelType\":\"EMAIL\"}]','{\"outcome\":\"SUCCESS\"}','2026-05-16 01:10:40.812838','SYSTEM',NULL,'ACTIVE'),(41,'RESETPASSWORD','2026-05-16 01:10:41.060836','POST /api/auth/reset-password',NULL,'AUTH','0:0:0:0:0:0:0:1',NULL,'SYSTEM','RESETPASSWORD','AUTH','[{\"requestId\":37,\"otpCode\":\"***masked***\",\"newPassword\":\"***masked***\",\"confirmPassword\":\"***masked***\"}]','{\"outcome\":\"SUCCESS\"}','2026-05-16 01:10:41.060836','SYSTEM',NULL,'ACTIVE'),(42,'FORGOTPASSWORD','2026-05-16 01:10:41.420836','POST /api/auth/forgot-password',NULL,'AUTH','0:0:0:0:0:0:0:1',NULL,'SYSTEM','FORGOTPASSWORD','AUTH','[{\"identifier\":\"ops.officer01\",\"channelType\":\"EMAIL\"}]','{\"outcome\":\"SUCCESS\"}','2026-05-16 01:10:41.420836','SYSTEM',NULL,'ACTIVE'),(43,'RESETPASSWORD','2026-05-16 01:10:41.662834','POST /api/auth/reset-password',NULL,'AUTH','0:0:0:0:0:0:0:1',NULL,'SYSTEM','RESETPASSWORD','AUTH','[{\"requestId\":39,\"otpCode\":\"***masked***\",\"newPassword\":\"***masked***\",\"confirmPassword\":\"***masked***\"}]','{\"outcome\":\"SUCCESS\"}','2026-05-16 01:10:41.662834','SYSTEM',NULL,'ACTIVE'),(44,'FORGOTPASSWORD','2026-05-16 01:10:41.998837','POST /api/auth/forgot-password',NULL,'AUTH','0:0:0:0:0:0:0:1',NULL,'SYSTEM','FORGOTPASSWORD','AUTH','[{\"identifier\":\"investment.officer01\",\"channelType\":\"EMAIL\"}]','{\"outcome\":\"SUCCESS\"}','2026-05-16 01:10:41.998837','SYSTEM',NULL,'ACTIVE'),(45,'RESETPASSWORD','2026-05-16 01:10:42.261834','POST /api/auth/reset-password',NULL,'AUTH','0:0:0:0:0:0:0:1',NULL,'SYSTEM','RESETPASSWORD','AUTH','[{\"requestId\":41,\"otpCode\":\"***masked***\",\"newPassword\":\"***masked***\",\"confirmPassword\":\"***masked***\"}]','{\"outcome\":\"SUCCESS\"}','2026-05-16 01:10:42.261834','SYSTEM',NULL,'ACTIVE'),(46,'FORGOTPASSWORD','2026-05-16 01:10:42.715830','POST /api/auth/forgot-password',NULL,'AUTH','0:0:0:0:0:0:0:1',NULL,'SYSTEM','FORGOTPASSWORD','AUTH','[{\"identifier\":\"shariah.board01\",\"channelType\":\"EMAIL\"}]','{\"outcome\":\"SUCCESS\"}','2026-05-16 01:10:42.715830','SYSTEM',NULL,'ACTIVE'),(47,'RESETPASSWORD','2026-05-16 01:10:42.928837','POST /api/auth/reset-password',NULL,'AUTH','0:0:0:0:0:0:0:1',NULL,'SYSTEM','RESETPASSWORD','AUTH','[{\"requestId\":43,\"otpCode\":\"***masked***\",\"newPassword\":\"***masked***\",\"confirmPassword\":\"***masked***\"}]','{\"outcome\":\"SUCCESS\"}','2026-05-16 01:10:42.928837','SYSTEM',NULL,'ACTIVE'),(48,'FORGOTPASSWORD','2026-05-16 01:10:43.416834','POST /api/auth/forgot-password',NULL,'AUTH','0:0:0:0:0:0:0:1',NULL,'SYSTEM','FORGOTPASSWORD','AUTH','[{\"identifier\":\"customer.seed01\",\"channelType\":\"EMAIL\"}]','{\"outcome\":\"SUCCESS\"}','2026-05-16 01:10:43.416834','SYSTEM',NULL,'ACTIVE'),(49,'RESETPASSWORD','2026-05-16 01:10:43.641836','POST /api/auth/reset-password',NULL,'AUTH','0:0:0:0:0:0:0:1',NULL,'SYSTEM','RESETPASSWORD','AUTH','[{\"requestId\":45,\"otpCode\":\"***masked***\",\"newPassword\":\"***masked***\",\"confirmPassword\":\"***masked***\"}]','{\"outcome\":\"SUCCESS\"}','2026-05-16 01:10:43.641836','SYSTEM',NULL,'ACTIVE'),(50,'FORGOTPASSWORD','2026-05-16 01:18:08.731464','POST /api/auth/forgot-password',NULL,'AUTH','0:0:0:0:0:0:0:1',NULL,'SYSTEM','FORGOTPASSWORD','AUTH','[{\"identifier\":\"Admin01\",\"channelType\":\"EMAIL\"}]','{\"outcome\":\"SUCCESS\"}','2026-05-16 01:18:08.731464','SYSTEM',NULL,'ACTIVE'),(51,'FORGOTPASSWORD','2026-05-16 01:18:08.925468','POST /api/auth/forgot-password',NULL,'AUTH','0:0:0:0:0:0:0:1',NULL,'SYSTEM','FORGOTPASSWORD','AUTH','[{\"identifier\":\"branch.manager01\",\"channelType\":\"EMAIL\"}]','{\"outcome\":\"SUCCESS\"}','2026-05-16 01:18:08.925468','SYSTEM',NULL,'ACTIVE'),(52,'FORGOTPASSWORD','2026-05-16 01:18:09.045467','POST /api/auth/forgot-password',NULL,'AUTH','0:0:0:0:0:0:0:1',NULL,'SYSTEM','FORGOTPASSWORD','AUTH','[{\"identifier\":\"ops.officer01\",\"channelType\":\"EMAIL\"}]','{\"outcome\":\"SUCCESS\"}','2026-05-16 01:18:09.045467','SYSTEM',NULL,'ACTIVE'),(53,'FORGOTPASSWORD','2026-05-16 01:18:09.159465','POST /api/auth/forgot-password',NULL,'AUTH','0:0:0:0:0:0:0:1',NULL,'SYSTEM','FORGOTPASSWORD','AUTH','[{\"identifier\":\"investment.officer01\",\"channelType\":\"EMAIL\"}]','{\"outcome\":\"SUCCESS\"}','2026-05-16 01:18:09.159465','SYSTEM',NULL,'ACTIVE'),(54,'FORGOTPASSWORD','2026-05-16 01:18:09.255464','POST /api/auth/forgot-password',NULL,'AUTH','0:0:0:0:0:0:0:1',NULL,'SYSTEM','FORGOTPASSWORD','AUTH','[{\"identifier\":\"shariah.board01\",\"channelType\":\"EMAIL\"}]','{\"outcome\":\"SUCCESS\"}','2026-05-16 01:18:09.255464','SYSTEM',NULL,'ACTIVE'),(55,'FORGOTPASSWORD','2026-05-16 01:18:09.366466','POST /api/auth/forgot-password',NULL,'AUTH','0:0:0:0:0:0:0:1',NULL,'SYSTEM','FORGOTPASSWORD','AUTH','[{\"identifier\":\"customer.seed01\",\"channelType\":\"EMAIL\"}]','{\"outcome\":\"SUCCESS\"}','2026-05-16 01:18:09.366466','SYSTEM',NULL,'ACTIVE'),(56,'FORGOTPASSWORD','2026-05-16 01:18:17.075155','POST /api/auth/forgot-password',NULL,'AUTH','0:0:0:0:0:0:0:1',NULL,'SYSTEM','FORGOTPASSWORD','AUTH','{\"error\":\"An active unexpired OTP already exists for this contact and purpose\",\"request\":\"[{\\\"identifier\\\":\\\"Admin01\\\",\\\"channelType\\\":\\\"EMAIL\\\"}]\"}','{\"outcome\":\"FAILED\"}','2026-05-16 01:18:17.075155','SYSTEM',NULL,'ACTIVE'),(57,'FORGOTPASSWORD','2026-05-16 01:18:26.163461','POST /api/auth/forgot-password',NULL,'AUTH','0:0:0:0:0:0:0:1',NULL,'SYSTEM','FORGOTPASSWORD','AUTH','[{\"identifier\":\"Admin01\",\"channelType\":\"EMAIL\"}]','{\"outcome\":\"SUCCESS\"}','2026-05-16 01:18:26.163461','SYSTEM',NULL,'ACTIVE'),(58,'FORGOTPASSWORD','2026-05-16 01:18:55.851879','POST /api/auth/forgot-password',NULL,'AUTH','0:0:0:0:0:0:0:1',NULL,'SYSTEM','FORGOTPASSWORD','AUTH','[{\"identifier\":\"Admin01\",\"channelType\":\"EMAIL\"}]','{\"outcome\":\"SUCCESS\"}','2026-05-16 01:18:55.851879','SYSTEM',NULL,'ACTIVE'),(59,'RESETPASSWORD','2026-05-16 01:18:56.264883','POST /api/auth/reset-password',NULL,'AUTH','0:0:0:0:0:0:0:1',NULL,'SYSTEM','RESETPASSWORD','AUTH','[{\"requestId\":54,\"otpCode\":\"***masked***\",\"newPassword\":\"***masked***\",\"confirmPassword\":\"***masked***\"}]','{\"outcome\":\"SUCCESS\"}','2026-05-16 01:18:56.264883','SYSTEM',NULL,'ACTIVE'),(60,'FORGOTPASSWORD','2026-05-16 01:18:56.726878','POST /api/auth/forgot-password',NULL,'AUTH','0:0:0:0:0:0:0:1',NULL,'SYSTEM','FORGOTPASSWORD','AUTH','[{\"identifier\":\"branch.manager01\",\"channelType\":\"EMAIL\"}]','{\"outcome\":\"SUCCESS\"}','2026-05-16 01:18:56.726878','SYSTEM',NULL,'ACTIVE'),(61,'RESETPASSWORD','2026-05-16 01:18:56.970878','POST /api/auth/reset-password',NULL,'AUTH','0:0:0:0:0:0:0:1',NULL,'SYSTEM','RESETPASSWORD','AUTH','[{\"requestId\":56,\"otpCode\":\"***masked***\",\"newPassword\":\"***masked***\",\"confirmPassword\":\"***masked***\"}]','{\"outcome\":\"SUCCESS\"}','2026-05-16 01:18:56.970878','SYSTEM',NULL,'ACTIVE'),(62,'FORGOTPASSWORD','2026-05-16 01:18:57.403880','POST /api/auth/forgot-password',NULL,'AUTH','0:0:0:0:0:0:0:1',NULL,'SYSTEM','FORGOTPASSWORD','AUTH','[{\"identifier\":\"ops.officer01\",\"channelType\":\"EMAIL\"}]','{\"outcome\":\"SUCCESS\"}','2026-05-16 01:18:57.403880','SYSTEM',NULL,'ACTIVE'),(63,'RESETPASSWORD','2026-05-16 01:18:57.664884','POST /api/auth/reset-password',NULL,'AUTH','0:0:0:0:0:0:0:1',NULL,'SYSTEM','RESETPASSWORD','AUTH','[{\"requestId\":58,\"otpCode\":\"***masked***\",\"newPassword\":\"***masked***\",\"confirmPassword\":\"***masked***\"}]','{\"outcome\":\"SUCCESS\"}','2026-05-16 01:18:57.664884','SYSTEM',NULL,'ACTIVE'),(64,'FORGOTPASSWORD','2026-05-16 01:18:58.033881','POST /api/auth/forgot-password',NULL,'AUTH','0:0:0:0:0:0:0:1',NULL,'SYSTEM','FORGOTPASSWORD','AUTH','[{\"identifier\":\"investment.officer01\",\"channelType\":\"EMAIL\"}]','{\"outcome\":\"SUCCESS\"}','2026-05-16 01:18:58.033881','SYSTEM',NULL,'ACTIVE'),(65,'RESETPASSWORD','2026-05-16 01:18:58.239882','POST /api/auth/reset-password',NULL,'AUTH','0:0:0:0:0:0:0:1',NULL,'SYSTEM','RESETPASSWORD','AUTH','[{\"requestId\":60,\"otpCode\":\"***masked***\",\"newPassword\":\"***masked***\",\"confirmPassword\":\"***masked***\"}]','{\"outcome\":\"SUCCESS\"}','2026-05-16 01:18:58.239882','SYSTEM',NULL,'ACTIVE'),(66,'FORGOTPASSWORD','2026-05-16 01:18:58.611877','POST /api/auth/forgot-password',NULL,'AUTH','0:0:0:0:0:0:0:1',NULL,'SYSTEM','FORGOTPASSWORD','AUTH','[{\"identifier\":\"shariah.board01\",\"channelType\":\"EMAIL\"}]','{\"outcome\":\"SUCCESS\"}','2026-05-16 01:18:58.611877','SYSTEM',NULL,'ACTIVE'),(67,'RESETPASSWORD','2026-05-16 01:18:58.882882','POST /api/auth/reset-password',NULL,'AUTH','0:0:0:0:0:0:0:1',NULL,'SYSTEM','RESETPASSWORD','AUTH','[{\"requestId\":62,\"otpCode\":\"***masked***\",\"newPassword\":\"***masked***\",\"confirmPassword\":\"***masked***\"}]','{\"outcome\":\"SUCCESS\"}','2026-05-16 01:18:58.882882','SYSTEM',NULL,'ACTIVE'),(68,'FORGOTPASSWORD','2026-05-16 01:18:59.213880','POST /api/auth/forgot-password',NULL,'AUTH','0:0:0:0:0:0:0:1',NULL,'SYSTEM','FORGOTPASSWORD','AUTH','[{\"identifier\":\"customer.seed01\",\"channelType\":\"EMAIL\"}]','{\"outcome\":\"SUCCESS\"}','2026-05-16 01:18:59.213880','SYSTEM',NULL,'ACTIVE'),(69,'RESETPASSWORD','2026-05-16 01:18:59.436883','POST /api/auth/reset-password',NULL,'AUTH','0:0:0:0:0:0:0:1',NULL,'SYSTEM','RESETPASSWORD','AUTH','[{\"requestId\":64,\"otpCode\":\"***masked***\",\"newPassword\":\"***masked***\",\"confirmPassword\":\"***masked***\"}]','{\"outcome\":\"SUCCESS\"}','2026-05-16 01:18:59.436883','SYSTEM',NULL,'ACTIVE'),(70,'USER_CREATE','2026-05-16 01:19:00.612881','POST /api/users/create',NULL,'USER_MANAGEMENT','0:0:0:0:0:0:0:1',3,'Admin01','USER_CREATE','USER_MANAGEMENT','[{\"username\":\"branch.staff.011900\",\"password\":\"***masked***\",\"fullName\":\"Smoke Branch Staff\",\"email\":\"branch.staff.011900@sbms.local\",\"mobile\":\"0171011900\",\"profileImageName\":null,\"employeeNo\":\"BS-011900\",\"designation\":\"Branch Staff\",\"branchId\":1,\"userType\":\"STAFF\",\"status\":\"ACTIVE\",\"roleId\":25,\"active\":true,\"locked\":false,\"actionBy\":\"Admin01\"}]','{\"outcome\":\"SUCCESS\"}','2026-05-16 01:19:00.612881','Admin01',NULL,'ACTIVE'),(71,'USER_CREATE','2026-05-16 01:19:01.055882','POST /api/users/create',NULL,'USER_MANAGEMENT','0:0:0:0:0:0:0:1',3,'Admin01','USER_CREATE','USER_MANAGEMENT','[{\"username\":\"teller.011900\",\"password\":\"***masked***\",\"fullName\":\"Smoke Teller\",\"email\":\"teller.011900@sbms.local\",\"mobile\":\"0181011900\",\"profileImageName\":null,\"employeeNo\":\"TL-011900\",\"designation\":\"Teller\",\"branchId\":1,\"userType\":\"STAFF\",\"status\":\"ACTIVE\",\"roleId\":3,\"active\":true,\"locked\":false,\"actionBy\":\"Admin01\"}]','{\"outcome\":\"SUCCESS\"}','2026-05-16 01:19:01.055882','Admin01',NULL,'ACTIVE'),(72,'MONTHLY_CLOSING_CREATE','2026-05-16 01:19:03.943357','POST /api/monthly-closing-runs/create',NULL,'MONTHLYCLOSING','0:0:0:0:0:0:0:1',4,'branch.manager01','MONTHLY_CLOSING_CREATE','MONTHLYCLOSING','[{\"branchId\":1,\"closingMonth\":[2026,4,16],\"vaultClosedConfirmed\":true,\"profitPostedConfirmed\":true,\"reversalsReviewed\":true,\"statementsGenerated\":true,\"remarks\":\"Smoke monthly closing run\"}]','{\"outcome\":\"SUCCESS\"}','2026-05-16 01:19:03.943357','branch.manager01',NULL,'ACTIVE'),(73,'FORGOTPASSWORD','2026-05-16 01:24:00.841653','POST /api/auth/forgot-password',NULL,'AUTH','0:0:0:0:0:0:0:1',NULL,'SYSTEM','FORGOTPASSWORD','AUTH','[{\"identifier\":\"ops.officer01\",\"channelType\":\"EMAIL\"}]','{\"outcome\":\"SUCCESS\"}','2026-05-16 01:24:00.841653','SYSTEM',NULL,'ACTIVE'),(74,'RESETPASSWORD','2026-05-16 01:24:01.316664','POST /api/auth/reset-password',NULL,'AUTH','0:0:0:0:0:0:0:1',NULL,'SYSTEM','RESETPASSWORD','AUTH','[{\"requestId\":66,\"otpCode\":\"***masked***\",\"newPassword\":\"***masked***\",\"confirmPassword\":\"***masked***\"}]','{\"outcome\":\"SUCCESS\"}','2026-05-16 01:24:01.316664','SYSTEM',NULL,'ACTIVE'),(75,'FORGOTPASSWORD','2026-05-16 01:24:01.904649','POST /api/auth/forgot-password',NULL,'AUTH','0:0:0:0:0:0:0:1',NULL,'SYSTEM','FORGOTPASSWORD','AUTH','[{\"identifier\":\"investment.officer01\",\"channelType\":\"EMAIL\"}]','{\"outcome\":\"SUCCESS\"}','2026-05-16 01:24:01.904649','SYSTEM',NULL,'ACTIVE'),(76,'RESETPASSWORD','2026-05-16 01:24:02.356648','POST /api/auth/reset-password',NULL,'AUTH','0:0:0:0:0:0:0:1',NULL,'SYSTEM','RESETPASSWORD','AUTH','[{\"requestId\":68,\"otpCode\":\"***masked***\",\"newPassword\":\"***masked***\",\"confirmPassword\":\"***masked***\"}]','{\"outcome\":\"SUCCESS\"}','2026-05-16 01:24:02.356648','SYSTEM',NULL,'ACTIVE'),(77,'FORGOTPASSWORD','2026-05-16 01:24:02.826652','POST /api/auth/forgot-password',NULL,'AUTH','0:0:0:0:0:0:0:1',NULL,'SYSTEM','FORGOTPASSWORD','AUTH','[{\"identifier\":\"shariah.board01\",\"channelType\":\"EMAIL\"}]','{\"outcome\":\"SUCCESS\"}','2026-05-16 01:24:02.826652','SYSTEM',NULL,'ACTIVE'),(78,'RESETPASSWORD','2026-05-16 01:24:03.235646','POST /api/auth/reset-password',NULL,'AUTH','0:0:0:0:0:0:0:1',NULL,'SYSTEM','RESETPASSWORD','AUTH','[{\"requestId\":70,\"otpCode\":\"***masked***\",\"newPassword\":\"***masked***\",\"confirmPassword\":\"***masked***\"}]','{\"outcome\":\"SUCCESS\"}','2026-05-16 01:24:03.235646','SYSTEM',NULL,'ACTIVE'),(79,'FORGOTPASSWORD','2026-05-16 01:24:03.572679','POST /api/auth/forgot-password',NULL,'AUTH','0:0:0:0:0:0:0:1',NULL,'SYSTEM','FORGOTPASSWORD','AUTH','[{\"identifier\":\"customer.seed01\",\"channelType\":\"EMAIL\"}]','{\"outcome\":\"SUCCESS\"}','2026-05-16 01:24:03.572679','SYSTEM',NULL,'ACTIVE'),(80,'RESETPASSWORD','2026-05-16 01:24:03.816679','POST /api/auth/reset-password',NULL,'AUTH','0:0:0:0:0:0:0:1',NULL,'SYSTEM','RESETPASSWORD','AUTH','[{\"requestId\":72,\"otpCode\":\"***masked***\",\"newPassword\":\"***masked***\",\"confirmPassword\":\"***masked***\"}]','{\"outcome\":\"SUCCESS\"}','2026-05-16 01:24:03.816679','SYSTEM',NULL,'ACTIVE'),(81,'FORGOTPASSWORD','2026-05-16 01:24:19.097546','POST /api/auth/forgot-password',NULL,'AUTH','0:0:0:0:0:0:0:1',NULL,'SYSTEM','FORGOTPASSWORD','AUTH','[{\"identifier\":\"Admin01\",\"channelType\":\"EMAIL\"}]','{\"outcome\":\"SUCCESS\"}','2026-05-16 01:24:19.097546','SYSTEM',NULL,'ACTIVE'),(82,'RESETPASSWORD','2026-05-16 01:24:19.367547','POST /api/auth/reset-password',NULL,'AUTH','0:0:0:0:0:0:0:1',NULL,'SYSTEM','RESETPASSWORD','AUTH','[{\"requestId\":74,\"otpCode\":\"***masked***\",\"newPassword\":\"***masked***\",\"confirmPassword\":\"***masked***\"}]','{\"outcome\":\"SUCCESS\"}','2026-05-16 01:24:19.367547','SYSTEM',NULL,'ACTIVE'),(83,'FORGOTPASSWORD','2026-05-16 01:24:19.740549','POST /api/auth/forgot-password',NULL,'AUTH','0:0:0:0:0:0:0:1',NULL,'SYSTEM','FORGOTPASSWORD','AUTH','[{\"identifier\":\"branch.manager01\",\"channelType\":\"EMAIL\"}]','{\"outcome\":\"SUCCESS\"}','2026-05-16 01:24:19.740549','SYSTEM',NULL,'ACTIVE'),(84,'RESETPASSWORD','2026-05-16 01:24:19.946547','POST /api/auth/reset-password',NULL,'AUTH','0:0:0:0:0:0:0:1',NULL,'SYSTEM','RESETPASSWORD','AUTH','[{\"requestId\":76,\"otpCode\":\"***masked***\",\"newPassword\":\"***masked***\",\"confirmPassword\":\"***masked***\"}]','{\"outcome\":\"SUCCESS\"}','2026-05-16 01:24:19.946547','SYSTEM',NULL,'ACTIVE'),(85,'FORGOTPASSWORD','2026-05-16 01:24:20.227546','POST /api/auth/forgot-password',NULL,'AUTH','0:0:0:0:0:0:0:1',NULL,'SYSTEM','FORGOTPASSWORD','AUTH','[{\"identifier\":\"ops.officer01\",\"channelType\":\"EMAIL\"}]','{\"outcome\":\"SUCCESS\"}','2026-05-16 01:24:20.227546','SYSTEM',NULL,'ACTIVE'),(86,'RESETPASSWORD','2026-05-16 01:24:20.417548','POST /api/auth/reset-password',NULL,'AUTH','0:0:0:0:0:0:0:1',NULL,'SYSTEM','RESETPASSWORD','AUTH','[{\"requestId\":78,\"otpCode\":\"***masked***\",\"newPassword\":\"***masked***\",\"confirmPassword\":\"***masked***\"}]','{\"outcome\":\"SUCCESS\"}','2026-05-16 01:24:20.417548','SYSTEM',NULL,'ACTIVE'),(87,'FORGOTPASSWORD','2026-05-16 01:24:20.689317','POST /api/auth/forgot-password',NULL,'AUTH','0:0:0:0:0:0:0:1',NULL,'SYSTEM','FORGOTPASSWORD','AUTH','[{\"identifier\":\"investment.officer01\",\"channelType\":\"EMAIL\"}]','{\"outcome\":\"SUCCESS\"}','2026-05-16 01:24:20.689317','SYSTEM',NULL,'ACTIVE'),(88,'RESETPASSWORD','2026-05-16 01:24:20.890104','POST /api/auth/reset-password',NULL,'AUTH','0:0:0:0:0:0:0:1',NULL,'SYSTEM','RESETPASSWORD','AUTH','[{\"requestId\":80,\"otpCode\":\"***masked***\",\"newPassword\":\"***masked***\",\"confirmPassword\":\"***masked***\"}]','{\"outcome\":\"SUCCESS\"}','2026-05-16 01:24:20.890104','SYSTEM',NULL,'ACTIVE'),(89,'FORGOTPASSWORD','2026-05-16 01:24:21.280094','POST /api/auth/forgot-password',NULL,'AUTH','0:0:0:0:0:0:0:1',NULL,'SYSTEM','FORGOTPASSWORD','AUTH','[{\"identifier\":\"shariah.board01\",\"channelType\":\"EMAIL\"}]','{\"outcome\":\"SUCCESS\"}','2026-05-16 01:24:21.280094','SYSTEM',NULL,'ACTIVE'),(90,'RESETPASSWORD','2026-05-16 01:24:21.526095','POST /api/auth/reset-password',NULL,'AUTH','0:0:0:0:0:0:0:1',NULL,'SYSTEM','RESETPASSWORD','AUTH','[{\"requestId\":82,\"otpCode\":\"***masked***\",\"newPassword\":\"***masked***\",\"confirmPassword\":\"***masked***\"}]','{\"outcome\":\"SUCCESS\"}','2026-05-16 01:24:21.526095','SYSTEM',NULL,'ACTIVE'),(91,'FORGOTPASSWORD','2026-05-16 01:24:21.874101','POST /api/auth/forgot-password',NULL,'AUTH','0:0:0:0:0:0:0:1',NULL,'SYSTEM','FORGOTPASSWORD','AUTH','[{\"identifier\":\"customer.seed01\",\"channelType\":\"EMAIL\"}]','{\"outcome\":\"SUCCESS\"}','2026-05-16 01:24:21.874101','SYSTEM',NULL,'ACTIVE'),(92,'RESETPASSWORD','2026-05-16 01:24:22.240100','POST /api/auth/reset-password',NULL,'AUTH','0:0:0:0:0:0:0:1',NULL,'SYSTEM','RESETPASSWORD','AUTH','[{\"requestId\":84,\"otpCode\":\"***masked***\",\"newPassword\":\"***masked***\",\"confirmPassword\":\"***masked***\"}]','{\"outcome\":\"SUCCESS\"}','2026-05-16 01:24:22.240100','SYSTEM',NULL,'ACTIVE'),(93,'USER_CREATE','2026-05-16 01:24:23.537101','POST /api/users/create',NULL,'USER_MANAGEMENT','0:0:0:0:0:0:0:1',3,'Admin01','USER_CREATE','USER_MANAGEMENT','[{\"username\":\"branch.staff.012423\",\"password\":\"***masked***\",\"fullName\":\"Smoke Branch Staff\",\"email\":\"branch.staff.012423@sbms.local\",\"mobile\":\"0171012423\",\"profileImageName\":null,\"employeeNo\":\"BS-012423\",\"designation\":\"Branch Staff\",\"branchId\":1,\"userType\":\"STAFF\",\"status\":\"ACTIVE\",\"roleId\":25,\"active\":true,\"locked\":false,\"actionBy\":\"Admin01\"}]','{\"outcome\":\"SUCCESS\"}','2026-05-16 01:24:23.537101','Admin01',NULL,'ACTIVE'),(94,'USER_CREATE','2026-05-16 01:24:24.117101','POST /api/users/create',NULL,'USER_MANAGEMENT','0:0:0:0:0:0:0:1',3,'Admin01','USER_CREATE','USER_MANAGEMENT','[{\"username\":\"teller.012423\",\"password\":\"***masked***\",\"fullName\":\"Smoke Teller\",\"email\":\"teller.012423@sbms.local\",\"mobile\":\"0181012423\",\"profileImageName\":null,\"employeeNo\":\"TL-012423\",\"designation\":\"Teller\",\"branchId\":1,\"userType\":\"STAFF\",\"status\":\"ACTIVE\",\"roleId\":3,\"active\":true,\"locked\":false,\"actionBy\":\"Admin01\"}]','{\"outcome\":\"SUCCESS\"}','2026-05-16 01:24:24.117101','Admin01',NULL,'ACTIVE'),(95,'MONTHLY_CLOSING_CREATE','2026-05-16 01:24:25.672095','POST /api/monthly-closing-runs/create',NULL,'MONTHLYCLOSING','0:0:0:0:0:0:0:1',4,'branch.manager01','MONTHLY_CLOSING_CREATE','MONTHLYCLOSING','[{\"branchId\":1,\"closingMonth\":[2026,4,16],\"vaultClosedConfirmed\":true,\"profitPostedConfirmed\":true,\"reversalsReviewed\":true,\"statementsGenerated\":true,\"remarks\":\"Smoke monthly closing run\"}]','{\"outcome\":\"SUCCESS\"}','2026-05-16 01:24:25.672095','branch.manager01',NULL,'ACTIVE'),(96,'FORGOTPASSWORD','2026-05-16 01:27:43.323928','POST /api/auth/forgot-password',NULL,'AUTH','0:0:0:0:0:0:0:1',NULL,'SYSTEM','FORGOTPASSWORD','AUTH','[{\"identifier\":\"ops.officer01\",\"channelType\":\"EMAIL\"}]','{\"outcome\":\"SUCCESS\"}','2026-05-16 01:27:43.323928','SYSTEM',NULL,'ACTIVE'),(97,'RESETPASSWORD','2026-05-16 01:27:43.662927','POST /api/auth/reset-password',NULL,'AUTH','0:0:0:0:0:0:0:1',NULL,'SYSTEM','RESETPASSWORD','AUTH','[{\"requestId\":88,\"otpCode\":\"***masked***\",\"newPassword\":\"***masked***\",\"confirmPassword\":\"***masked***\"}]','{\"outcome\":\"SUCCESS\"}','2026-05-16 01:27:43.662927','SYSTEM',NULL,'ACTIVE'),(98,'FORGOTPASSWORD','2026-05-16 01:27:44.181926','POST /api/auth/forgot-password',NULL,'AUTH','0:0:0:0:0:0:0:1',NULL,'SYSTEM','FORGOTPASSWORD','AUTH','[{\"identifier\":\"investment.officer01\",\"channelType\":\"EMAIL\"}]','{\"outcome\":\"SUCCESS\"}','2026-05-16 01:27:44.181926','SYSTEM',NULL,'ACTIVE'),(99,'RESETPASSWORD','2026-05-16 01:27:44.406930','POST /api/auth/reset-password',NULL,'AUTH','0:0:0:0:0:0:0:1',NULL,'SYSTEM','RESETPASSWORD','AUTH','[{\"requestId\":90,\"otpCode\":\"***masked***\",\"newPassword\":\"***masked***\",\"confirmPassword\":\"***masked***\"}]','{\"outcome\":\"SUCCESS\"}','2026-05-16 01:27:44.406930','SYSTEM',NULL,'ACTIVE'),(100,'FORGOTPASSWORD','2026-05-16 01:27:44.705934','POST /api/auth/forgot-password',NULL,'AUTH','0:0:0:0:0:0:0:1',NULL,'SYSTEM','FORGOTPASSWORD','AUTH','[{\"identifier\":\"shariah.board01\",\"channelType\":\"EMAIL\"}]','{\"outcome\":\"SUCCESS\"}','2026-05-16 01:27:44.705934','SYSTEM',NULL,'ACTIVE'),(101,'RESETPASSWORD','2026-05-16 01:27:44.937926','POST /api/auth/reset-password',NULL,'AUTH','0:0:0:0:0:0:0:1',NULL,'SYSTEM','RESETPASSWORD','AUTH','[{\"requestId\":92,\"otpCode\":\"***masked***\",\"newPassword\":\"***masked***\",\"confirmPassword\":\"***masked***\"}]','{\"outcome\":\"SUCCESS\"}','2026-05-16 01:27:44.937926','SYSTEM',NULL,'ACTIVE'),(102,'FORGOTPASSWORD','2026-05-16 01:27:45.243930','POST /api/auth/forgot-password',NULL,'AUTH','0:0:0:0:0:0:0:1',NULL,'SYSTEM','FORGOTPASSWORD','AUTH','[{\"identifier\":\"customer.seed01\",\"channelType\":\"EMAIL\"}]','{\"outcome\":\"SUCCESS\"}','2026-05-16 01:27:45.243930','SYSTEM',NULL,'ACTIVE'),(103,'RESETPASSWORD','2026-05-16 01:27:45.482933','POST /api/auth/reset-password',NULL,'AUTH','0:0:0:0:0:0:0:1',NULL,'SYSTEM','RESETPASSWORD','AUTH','[{\"requestId\":94,\"otpCode\":\"***masked***\",\"newPassword\":\"***masked***\",\"confirmPassword\":\"***masked***\"}]','{\"outcome\":\"SUCCESS\"}','2026-05-16 01:27:45.482933','SYSTEM',NULL,'ACTIVE'),(104,'FORGOTPASSWORD','2026-05-16 01:27:57.554647','POST /api/auth/forgot-password',NULL,'AUTH','0:0:0:0:0:0:0:1',NULL,'SYSTEM','FORGOTPASSWORD','AUTH','[{\"identifier\":\"Admin01\",\"channelType\":\"EMAIL\"}]','{\"outcome\":\"SUCCESS\"}','2026-05-16 01:27:57.554647','SYSTEM',NULL,'ACTIVE'),(105,'RESETPASSWORD','2026-05-16 01:27:57.858651','POST /api/auth/reset-password',NULL,'AUTH','0:0:0:0:0:0:0:1',NULL,'SYSTEM','RESETPASSWORD','AUTH','[{\"requestId\":96,\"otpCode\":\"***masked***\",\"newPassword\":\"***masked***\",\"confirmPassword\":\"***masked***\"}]','{\"outcome\":\"SUCCESS\"}','2026-05-16 01:27:57.858651','SYSTEM',NULL,'ACTIVE'),(106,'FORGOTPASSWORD','2026-05-16 01:27:58.207035','POST /api/auth/forgot-password',NULL,'AUTH','0:0:0:0:0:0:0:1',NULL,'SYSTEM','FORGOTPASSWORD','AUTH','[{\"identifier\":\"branch.manager01\",\"channelType\":\"EMAIL\"}]','{\"outcome\":\"SUCCESS\"}','2026-05-16 01:27:58.207035','SYSTEM',NULL,'ACTIVE'),(107,'RESETPASSWORD','2026-05-16 01:27:58.424788','POST /api/auth/reset-password',NULL,'AUTH','0:0:0:0:0:0:0:1',NULL,'SYSTEM','RESETPASSWORD','AUTH','[{\"requestId\":98,\"otpCode\":\"***masked***\",\"newPassword\":\"***masked***\",\"confirmPassword\":\"***masked***\"}]','{\"outcome\":\"SUCCESS\"}','2026-05-16 01:27:58.424788','SYSTEM',NULL,'ACTIVE'),(108,'FORGOTPASSWORD','2026-05-16 01:27:58.700713','POST /api/auth/forgot-password',NULL,'AUTH','0:0:0:0:0:0:0:1',NULL,'SYSTEM','FORGOTPASSWORD','AUTH','[{\"identifier\":\"ops.officer01\",\"channelType\":\"EMAIL\"}]','{\"outcome\":\"SUCCESS\"}','2026-05-16 01:27:58.700713','SYSTEM',NULL,'ACTIVE'),(109,'RESETPASSWORD','2026-05-16 01:27:58.908713','POST /api/auth/reset-password',NULL,'AUTH','0:0:0:0:0:0:0:1',NULL,'SYSTEM','RESETPASSWORD','AUTH','[{\"requestId\":100,\"otpCode\":\"***masked***\",\"newPassword\":\"***masked***\",\"confirmPassword\":\"***masked***\"}]','{\"outcome\":\"SUCCESS\"}','2026-05-16 01:27:58.908713','SYSTEM',NULL,'ACTIVE'),(110,'FORGOTPASSWORD','2026-05-16 01:27:59.186710','POST /api/auth/forgot-password',NULL,'AUTH','0:0:0:0:0:0:0:1',NULL,'SYSTEM','FORGOTPASSWORD','AUTH','[{\"identifier\":\"investment.officer01\",\"channelType\":\"EMAIL\"}]','{\"outcome\":\"SUCCESS\"}','2026-05-16 01:27:59.186710','SYSTEM',NULL,'ACTIVE'),(111,'RESETPASSWORD','2026-05-16 01:27:59.437715','POST /api/auth/reset-password',NULL,'AUTH','0:0:0:0:0:0:0:1',NULL,'SYSTEM','RESETPASSWORD','AUTH','[{\"requestId\":102,\"otpCode\":\"***masked***\",\"newPassword\":\"***masked***\",\"confirmPassword\":\"***masked***\"}]','{\"outcome\":\"SUCCESS\"}','2026-05-16 01:27:59.437715','SYSTEM',NULL,'ACTIVE'),(112,'FORGOTPASSWORD','2026-05-16 01:27:59.769715','POST /api/auth/forgot-password',NULL,'AUTH','0:0:0:0:0:0:0:1',NULL,'SYSTEM','FORGOTPASSWORD','AUTH','[{\"identifier\":\"shariah.board01\",\"channelType\":\"EMAIL\"}]','{\"outcome\":\"SUCCESS\"}','2026-05-16 01:27:59.769715','SYSTEM',NULL,'ACTIVE'),(113,'RESETPASSWORD','2026-05-16 01:28:00.042715','POST /api/auth/reset-password',NULL,'AUTH','0:0:0:0:0:0:0:1',NULL,'SYSTEM','RESETPASSWORD','AUTH','[{\"requestId\":104,\"otpCode\":\"***masked***\",\"newPassword\":\"***masked***\",\"confirmPassword\":\"***masked***\"}]','{\"outcome\":\"SUCCESS\"}','2026-05-16 01:28:00.042715','SYSTEM',NULL,'ACTIVE'),(114,'FORGOTPASSWORD','2026-05-16 01:28:00.406714','POST /api/auth/forgot-password',NULL,'AUTH','0:0:0:0:0:0:0:1',NULL,'SYSTEM','FORGOTPASSWORD','AUTH','[{\"identifier\":\"customer.seed01\",\"channelType\":\"EMAIL\"}]','{\"outcome\":\"SUCCESS\"}','2026-05-16 01:28:00.406714','SYSTEM',NULL,'ACTIVE'),(115,'RESETPASSWORD','2026-05-16 01:28:00.624712','POST /api/auth/reset-password',NULL,'AUTH','0:0:0:0:0:0:0:1',NULL,'SYSTEM','RESETPASSWORD','AUTH','[{\"requestId\":106,\"otpCode\":\"***masked***\",\"newPassword\":\"***masked***\",\"confirmPassword\":\"***masked***\"}]','{\"outcome\":\"SUCCESS\"}','2026-05-16 01:28:00.624712','SYSTEM',NULL,'ACTIVE'),(116,'USER_CREATE','2026-05-16 01:28:01.723448','POST /api/users/create',NULL,'USER_MANAGEMENT','0:0:0:0:0:0:0:1',3,'Admin01','USER_CREATE','USER_MANAGEMENT','[{\"username\":\"branch.staff.012801\",\"password\":\"***masked***\",\"fullName\":\"Smoke Branch Staff\",\"email\":\"branch.staff.012801@sbms.local\",\"mobile\":\"0171012801\",\"profileImageName\":null,\"employeeNo\":\"BS-012801\",\"designation\":\"Branch Staff\",\"branchId\":1,\"userType\":\"STAFF\",\"status\":\"ACTIVE\",\"roleId\":25,\"active\":true,\"locked\":false,\"actionBy\":\"Admin01\"}]','{\"outcome\":\"SUCCESS\"}','2026-05-16 01:28:01.723448','Admin01',NULL,'ACTIVE'),(117,'USER_CREATE','2026-05-16 01:28:02.207031','POST /api/users/create',NULL,'USER_MANAGEMENT','0:0:0:0:0:0:0:1',3,'Admin01','USER_CREATE','USER_MANAGEMENT','[{\"username\":\"teller.012801\",\"password\":\"***masked***\",\"fullName\":\"Smoke Teller\",\"email\":\"teller.012801@sbms.local\",\"mobile\":\"0181012801\",\"profileImageName\":null,\"employeeNo\":\"TL-012801\",\"designation\":\"Teller\",\"branchId\":1,\"userType\":\"STAFF\",\"status\":\"ACTIVE\",\"roleId\":3,\"active\":true,\"locked\":false,\"actionBy\":\"Admin01\"}]','{\"outcome\":\"SUCCESS\"}','2026-05-16 01:28:02.207031','Admin01',NULL,'ACTIVE'),(118,'CUSTOMER_CREATE','2026-05-16 01:28:03.019813','POST /api/customers/create',NULL,'CUSTOMER_MANAGEMENT','0:0:0:0:0:0:0:1',39,'branch.staff.012801','CUSTOMER_CREATE','CUSTOMER_MANAGEMENT','{\"error\":\"Invalid mobile number format\",\"request\":\"[{\\\"customerType\\\":\\\"INDIVIDUAL\\\",\\\"fullName\\\":\\\"Smoke Customer 012801\\\",\\\"fatherName\\\":\\\"Abdul Karim\\\",\\\"motherName\\\":\\\"Rokeya Begum\\\",\\\"spouseName\\\":\\\"\\\",\\\"dateOfBirth\\\":[1992,1,15],\\\"gender\\\":\\\"MALE\\\",\\\"maritalStatus\\\":\\\"SINGLE\\\",\\\"nationality\\\":\\\"Bangladeshi\\\",\\\"mobile\\\":\\\"0191012801\\\",\\\"email\\\":\\\"smoke.customer.012801@sbms.local\\\",\\\"...\"}','{\"outcome\":\"FAILED\"}','2026-05-16 01:28:03.019813','branch.staff.012801',NULL,'ACTIVE'),(119,'FORGOTPASSWORD','2026-05-16 01:28:59.126852','POST /api/auth/forgot-password',NULL,'AUTH','0:0:0:0:0:0:0:1',NULL,'SYSTEM','FORGOTPASSWORD','AUTH','[{\"identifier\":\"Admin01\",\"channelType\":\"EMAIL\"}]','{\"outcome\":\"SUCCESS\"}','2026-05-16 01:28:59.126852','SYSTEM',NULL,'ACTIVE'),(120,'RESETPASSWORD','2026-05-16 01:28:59.430851','POST /api/auth/reset-password',NULL,'AUTH','0:0:0:0:0:0:0:1',NULL,'SYSTEM','RESETPASSWORD','AUTH','[{\"requestId\":110,\"otpCode\":\"***masked***\",\"newPassword\":\"***masked***\",\"confirmPassword\":\"***masked***\"}]','{\"outcome\":\"SUCCESS\"}','2026-05-16 01:28:59.430851','SYSTEM',NULL,'ACTIVE'),(121,'FORGOTPASSWORD','2026-05-16 01:28:59.826848','POST /api/auth/forgot-password',NULL,'AUTH','0:0:0:0:0:0:0:1',NULL,'SYSTEM','FORGOTPASSWORD','AUTH','[{\"identifier\":\"branch.manager01\",\"channelType\":\"EMAIL\"}]','{\"outcome\":\"SUCCESS\"}','2026-05-16 01:28:59.826848','SYSTEM',NULL,'ACTIVE'),(122,'RESETPASSWORD','2026-05-16 01:29:00.047851','POST /api/auth/reset-password',NULL,'AUTH','0:0:0:0:0:0:0:1',NULL,'SYSTEM','RESETPASSWORD','AUTH','[{\"requestId\":112,\"otpCode\":\"***masked***\",\"newPassword\":\"***masked***\",\"confirmPassword\":\"***masked***\"}]','{\"outcome\":\"SUCCESS\"}','2026-05-16 01:29:00.047851','SYSTEM',NULL,'ACTIVE'),(123,'FORGOTPASSWORD','2026-05-16 01:29:00.398851','POST /api/auth/forgot-password',NULL,'AUTH','0:0:0:0:0:0:0:1',NULL,'SYSTEM','FORGOTPASSWORD','AUTH','[{\"identifier\":\"ops.officer01\",\"channelType\":\"EMAIL\"}]','{\"outcome\":\"SUCCESS\"}','2026-05-16 01:29:00.398851','SYSTEM',NULL,'ACTIVE'),(124,'RESETPASSWORD','2026-05-16 01:29:00.676850','POST /api/auth/reset-password',NULL,'AUTH','0:0:0:0:0:0:0:1',NULL,'SYSTEM','RESETPASSWORD','AUTH','[{\"requestId\":114,\"otpCode\":\"***masked***\",\"newPassword\":\"***masked***\",\"confirmPassword\":\"***masked***\"}]','{\"outcome\":\"SUCCESS\"}','2026-05-16 01:29:00.676850','SYSTEM',NULL,'ACTIVE'),(125,'FORGOTPASSWORD','2026-05-16 01:29:00.963851','POST /api/auth/forgot-password',NULL,'AUTH','0:0:0:0:0:0:0:1',NULL,'SYSTEM','FORGOTPASSWORD','AUTH','[{\"identifier\":\"investment.officer01\",\"channelType\":\"EMAIL\"}]','{\"outcome\":\"SUCCESS\"}','2026-05-16 01:29:00.963851','SYSTEM',NULL,'ACTIVE'),(126,'RESETPASSWORD','2026-05-16 01:29:01.177849','POST /api/auth/reset-password',NULL,'AUTH','0:0:0:0:0:0:0:1',NULL,'SYSTEM','RESETPASSWORD','AUTH','[{\"requestId\":116,\"otpCode\":\"***masked***\",\"newPassword\":\"***masked***\",\"confirmPassword\":\"***masked***\"}]','{\"outcome\":\"SUCCESS\"}','2026-05-16 01:29:01.177849','SYSTEM',NULL,'ACTIVE'),(127,'FORGOTPASSWORD','2026-05-16 01:29:01.421904','POST /api/auth/forgot-password',NULL,'AUTH','0:0:0:0:0:0:0:1',NULL,'SYSTEM','FORGOTPASSWORD','AUTH','[{\"identifier\":\"shariah.board01\",\"channelType\":\"EMAIL\"}]','{\"outcome\":\"SUCCESS\"}','2026-05-16 01:29:01.421904','SYSTEM',NULL,'ACTIVE'),(128,'RESETPASSWORD','2026-05-16 01:29:01.603843','POST /api/auth/reset-password',NULL,'AUTH','0:0:0:0:0:0:0:1',NULL,'SYSTEM','RESETPASSWORD','AUTH','[{\"requestId\":118,\"otpCode\":\"***masked***\",\"newPassword\":\"***masked***\",\"confirmPassword\":\"***masked***\"}]','{\"outcome\":\"SUCCESS\"}','2026-05-16 01:29:01.603843','SYSTEM',NULL,'ACTIVE'),(129,'FORGOTPASSWORD','2026-05-16 01:29:01.876839','POST /api/auth/forgot-password',NULL,'AUTH','0:0:0:0:0:0:0:1',NULL,'SYSTEM','FORGOTPASSWORD','AUTH','[{\"identifier\":\"customer.seed01\",\"channelType\":\"EMAIL\"}]','{\"outcome\":\"SUCCESS\"}','2026-05-16 01:29:01.876839','SYSTEM',NULL,'ACTIVE'),(130,'RESETPASSWORD','2026-05-16 01:29:02.060507','POST /api/auth/reset-password',NULL,'AUTH','0:0:0:0:0:0:0:1',NULL,'SYSTEM','RESETPASSWORD','AUTH','[{\"requestId\":120,\"otpCode\":\"***masked***\",\"newPassword\":\"***masked***\",\"confirmPassword\":\"***masked***\"}]','{\"outcome\":\"SUCCESS\"}','2026-05-16 01:29:02.060507','SYSTEM',NULL,'ACTIVE'),(131,'USER_CREATE','2026-05-16 01:29:03.095508','POST /api/users/create',NULL,'USER_MANAGEMENT','0:0:0:0:0:0:0:1',3,'Admin01','USER_CREATE','USER_MANAGEMENT','[{\"username\":\"branch.staff.012902\",\"password\":\"***masked***\",\"fullName\":\"Smoke Branch Staff\",\"email\":\"branch.staff.012902@sbms.local\",\"mobile\":\"0171012902\",\"profileImageName\":null,\"employeeNo\":\"BS-012902\",\"designation\":\"Branch Staff\",\"branchId\":1,\"userType\":\"STAFF\",\"status\":\"ACTIVE\",\"roleId\":25,\"active\":true,\"locked\":false,\"actionBy\":\"Admin01\"}]','{\"outcome\":\"SUCCESS\"}','2026-05-16 01:29:03.095508','Admin01',NULL,'ACTIVE'),(132,'USER_CREATE','2026-05-16 01:29:03.692065','POST /api/users/create',NULL,'USER_MANAGEMENT','0:0:0:0:0:0:0:1',3,'Admin01','USER_CREATE','USER_MANAGEMENT','[{\"username\":\"teller.012902\",\"password\":\"***masked***\",\"fullName\":\"Smoke Teller\",\"email\":\"teller.012902@sbms.local\",\"mobile\":\"0181012902\",\"profileImageName\":null,\"employeeNo\":\"TL-012902\",\"designation\":\"Teller\",\"branchId\":1,\"userType\":\"STAFF\",\"status\":\"ACTIVE\",\"roleId\":3,\"active\":true,\"locked\":false,\"actionBy\":\"Admin01\"}]','{\"outcome\":\"SUCCESS\"}','2026-05-16 01:29:03.692065','Admin01',NULL,'ACTIVE'),(133,'CUSTOMER_CREATE','2026-05-16 01:29:04.541782','POST /api/customers/create',NULL,'CUSTOMER_MANAGEMENT','0:0:0:0:0:0:0:1',41,'branch.staff.012902','CUSTOMER_CREATE','CUSTOMER_MANAGEMENT','{\"error\":\"Invalid mobile number format\",\"request\":\"[{\\\"customerType\\\":\\\"INDIVIDUAL\\\",\\\"fullName\\\":\\\"Smoke Customer 012902\\\",\\\"fatherName\\\":\\\"Abdul Karim\\\",\\\"motherName\\\":\\\"Rokeya Begum\\\",\\\"spouseName\\\":\\\"\\\",\\\"dateOfBirth\\\":[1992,1,15],\\\"gender\\\":\\\"MALE\\\",\\\"maritalStatus\\\":\\\"SINGLE\\\",\\\"nationality\\\":\\\"Bangladeshi\\\",\\\"mobile\\\":\\\"0191012902\\\",\\\"email\\\":\\\"smoke.customer.012902@sbms.local\\\",\\\"...\"}','{\"outcome\":\"FAILED\"}','2026-05-16 01:29:04.541782','branch.staff.012902',NULL,'ACTIVE'),(134,'FORGOTPASSWORD','2026-05-16 01:29:32.301296','POST /api/auth/forgot-password',NULL,'AUTH','0:0:0:0:0:0:0:1',NULL,'SYSTEM','FORGOTPASSWORD','AUTH','[{\"identifier\":\"Admin01\",\"channelType\":\"EMAIL\"}]','{\"outcome\":\"SUCCESS\"}','2026-05-16 01:29:32.301296','SYSTEM',NULL,'ACTIVE'),(135,'RESETPASSWORD','2026-05-16 01:29:32.589296','POST /api/auth/reset-password',NULL,'AUTH','0:0:0:0:0:0:0:1',NULL,'SYSTEM','RESETPASSWORD','AUTH','[{\"requestId\":124,\"otpCode\":\"***masked***\",\"newPassword\":\"***masked***\",\"confirmPassword\":\"***masked***\"}]','{\"outcome\":\"SUCCESS\"}','2026-05-16 01:29:32.589296','SYSTEM',NULL,'ACTIVE'),(136,'FORGOTPASSWORD','2026-05-16 01:29:33.063301','POST /api/auth/forgot-password',NULL,'AUTH','0:0:0:0:0:0:0:1',NULL,'SYSTEM','FORGOTPASSWORD','AUTH','[{\"identifier\":\"branch.manager01\",\"channelType\":\"EMAIL\"}]','{\"outcome\":\"SUCCESS\"}','2026-05-16 01:29:33.063301','SYSTEM',NULL,'ACTIVE'),(137,'RESETPASSWORD','2026-05-16 01:29:33.335298','POST /api/auth/reset-password',NULL,'AUTH','0:0:0:0:0:0:0:1',NULL,'SYSTEM','RESETPASSWORD','AUTH','[{\"requestId\":126,\"otpCode\":\"***masked***\",\"newPassword\":\"***masked***\",\"confirmPassword\":\"***masked***\"}]','{\"outcome\":\"SUCCESS\"}','2026-05-16 01:29:33.335298','SYSTEM',NULL,'ACTIVE'),(138,'FORGOTPASSWORD','2026-05-16 01:29:33.583761','POST /api/auth/forgot-password',NULL,'AUTH','0:0:0:0:0:0:0:1',NULL,'SYSTEM','FORGOTPASSWORD','AUTH','[{\"identifier\":\"ops.officer01\",\"channelType\":\"EMAIL\"}]','{\"outcome\":\"SUCCESS\"}','2026-05-16 01:29:33.583761','SYSTEM',NULL,'ACTIVE'),(139,'RESETPASSWORD','2026-05-16 01:29:33.796767','POST /api/auth/reset-password',NULL,'AUTH','0:0:0:0:0:0:0:1',NULL,'SYSTEM','RESETPASSWORD','AUTH','[{\"requestId\":128,\"otpCode\":\"***masked***\",\"newPassword\":\"***masked***\",\"confirmPassword\":\"***masked***\"}]','{\"outcome\":\"SUCCESS\"}','2026-05-16 01:29:33.796767','SYSTEM',NULL,'ACTIVE'),(140,'FORGOTPASSWORD','2026-05-16 01:29:34.090758','POST /api/auth/forgot-password',NULL,'AUTH','0:0:0:0:0:0:0:1',NULL,'SYSTEM','FORGOTPASSWORD','AUTH','[{\"identifier\":\"investment.officer01\",\"channelType\":\"EMAIL\"}]','{\"outcome\":\"SUCCESS\"}','2026-05-16 01:29:34.090758','SYSTEM',NULL,'ACTIVE'),(141,'RESETPASSWORD','2026-05-16 01:29:34.387761','POST /api/auth/reset-password',NULL,'AUTH','0:0:0:0:0:0:0:1',NULL,'SYSTEM','RESETPASSWORD','AUTH','[{\"requestId\":130,\"otpCode\":\"***masked***\",\"newPassword\":\"***masked***\",\"confirmPassword\":\"***masked***\"}]','{\"outcome\":\"SUCCESS\"}','2026-05-16 01:29:34.387761','SYSTEM',NULL,'ACTIVE'),(142,'FORGOTPASSWORD','2026-05-16 01:29:34.774763','POST /api/auth/forgot-password',NULL,'AUTH','0:0:0:0:0:0:0:1',NULL,'SYSTEM','FORGOTPASSWORD','AUTH','[{\"identifier\":\"shariah.board01\",\"channelType\":\"EMAIL\"}]','{\"outcome\":\"SUCCESS\"}','2026-05-16 01:29:34.774763','SYSTEM',NULL,'ACTIVE'),(143,'RESETPASSWORD','2026-05-16 01:29:35.016763','POST /api/auth/reset-password',NULL,'AUTH','0:0:0:0:0:0:0:1',NULL,'SYSTEM','RESETPASSWORD','AUTH','[{\"requestId\":132,\"otpCode\":\"***masked***\",\"newPassword\":\"***masked***\",\"confirmPassword\":\"***masked***\"}]','{\"outcome\":\"SUCCESS\"}','2026-05-16 01:29:35.016763','SYSTEM',NULL,'ACTIVE'),(144,'FORGOTPASSWORD','2026-05-16 01:29:35.348762','POST /api/auth/forgot-password',NULL,'AUTH','0:0:0:0:0:0:0:1',NULL,'SYSTEM','FORGOTPASSWORD','AUTH','[{\"identifier\":\"customer.seed01\",\"channelType\":\"EMAIL\"}]','{\"outcome\":\"SUCCESS\"}','2026-05-16 01:29:35.348762','SYSTEM',NULL,'ACTIVE'),(145,'RESETPASSWORD','2026-05-16 01:29:35.585767','POST /api/auth/reset-password',NULL,'AUTH','0:0:0:0:0:0:0:1',NULL,'SYSTEM','RESETPASSWORD','AUTH','[{\"requestId\":134,\"otpCode\":\"***masked***\",\"newPassword\":\"***masked***\",\"confirmPassword\":\"***masked***\"}]','{\"outcome\":\"SUCCESS\"}','2026-05-16 01:29:35.585767','SYSTEM',NULL,'ACTIVE'),(146,'USER_CREATE','2026-05-16 01:29:36.613764','POST /api/users/create',NULL,'USER_MANAGEMENT','0:0:0:0:0:0:0:1',3,'Admin01','USER_CREATE','USER_MANAGEMENT','[{\"username\":\"branch.staff.012936\",\"password\":\"***masked***\",\"fullName\":\"Smoke Branch Staff\",\"email\":\"branch.staff.012936@sbms.local\",\"mobile\":\"0171012936\",\"profileImageName\":null,\"employeeNo\":\"BS-012936\",\"designation\":\"Branch Staff\",\"branchId\":1,\"userType\":\"STAFF\",\"status\":\"ACTIVE\",\"roleId\":25,\"active\":true,\"locked\":false,\"actionBy\":\"Admin01\"}]','{\"outcome\":\"SUCCESS\"}','2026-05-16 01:29:36.613764','Admin01',NULL,'ACTIVE'),(147,'USER_CREATE','2026-05-16 01:29:37.286760','POST /api/users/create',NULL,'USER_MANAGEMENT','0:0:0:0:0:0:0:1',3,'Admin01','USER_CREATE','USER_MANAGEMENT','[{\"username\":\"teller.012936\",\"password\":\"***masked***\",\"fullName\":\"Smoke Teller\",\"email\":\"teller.012936@sbms.local\",\"mobile\":\"0181012936\",\"profileImageName\":null,\"employeeNo\":\"TL-012936\",\"designation\":\"Teller\",\"branchId\":1,\"userType\":\"STAFF\",\"status\":\"ACTIVE\",\"roleId\":3,\"active\":true,\"locked\":false,\"actionBy\":\"Admin01\"}]','{\"outcome\":\"SUCCESS\"}','2026-05-16 01:29:37.286760','Admin01',NULL,'ACTIVE'),(148,'CUSTOMER_CREATE','2026-05-16 01:29:38.133760','POST /api/customers/create',NULL,'CUSTOMER_MANAGEMENT','0:0:0:0:0:0:0:1',43,'branch.staff.012936','CUSTOMER_CREATE','CUSTOMER_MANAGEMENT','{\"error\":\"Invalid mobile number format\",\"request\":\"[{\\\"customerType\\\":\\\"INDIVIDUAL\\\",\\\"fullName\\\":\\\"Smoke Customer 012936\\\",\\\"fatherName\\\":\\\"Abdul Karim\\\",\\\"motherName\\\":\\\"Rokeya Begum\\\",\\\"spouseName\\\":\\\"\\\",\\\"dateOfBirth\\\":[1992,1,15],\\\"gender\\\":\\\"MALE\\\",\\\"maritalStatus\\\":\\\"SINGLE\\\",\\\"nationality\\\":\\\"Bangladeshi\\\",\\\"mobile\\\":\\\"0191012936\\\",\\\"email\\\":\\\"smoke.customer.012936@sbms.local\\\",\\\"...\"}','{\"outcome\":\"FAILED\"}','2026-05-16 01:29:38.133760','branch.staff.012936',NULL,'ACTIVE'),(149,'MONTHLY_CLOSING_CREATE','2026-05-16 01:29:45.616769','POST /api/monthly-closing-runs/create',NULL,'MONTHLYCLOSING','0:0:0:0:0:0:0:1',4,'branch.manager01','MONTHLY_CLOSING_CREATE','MONTHLYCLOSING','[{\"branchId\":1,\"closingMonth\":[2026,4,16],\"vaultClosedConfirmed\":true,\"profitPostedConfirmed\":true,\"reversalsReviewed\":true,\"statementsGenerated\":true,\"remarks\":\"Smoke monthly closing run\"}]','{\"outcome\":\"SUCCESS\"}','2026-05-16 01:29:45.616769','branch.manager01',NULL,'ACTIVE'),(150,'MONTHLY_CLOSING_SUBMIT','2026-05-16 01:29:45.846764','POST /api/monthly-closing-runs/1/submit',1,'MONTHLYCLOSING','0:0:0:0:0:0:0:1',4,'branch.manager01','MONTHLY_CLOSING_SUBMIT','MONTHLYCLOSING','[1]','{\"outcome\":\"SUCCESS\"}','2026-05-16 01:29:45.846764','branch.manager01',1,'ACTIVE'),(151,'MONTHLY_CLOSING_APPROVE','2026-05-16 01:29:45.979761','POST /api/monthly-closing-runs/1/approve',1,'MONTHLYCLOSING','0:0:0:0:0:0:0:1',3,'Admin01','MONTHLY_CLOSING_APPROVE','MONTHLYCLOSING','[1,{\"remarks\":\"Smoke approval\"}]','{\"outcome\":\"SUCCESS\"}','2026-05-16 01:29:45.979761','Admin01',1,'ACTIVE'),(152,'FORGOTPASSWORD','2026-05-16 01:30:08.450793','POST /api/auth/forgot-password',NULL,'AUTH','0:0:0:0:0:0:0:1',NULL,'SYSTEM','FORGOTPASSWORD','AUTH','[{\"identifier\":\"Admin01\",\"channelType\":\"EMAIL\"}]','{\"outcome\":\"SUCCESS\"}','2026-05-16 01:30:08.450793','SYSTEM',NULL,'ACTIVE'),(153,'RESETPASSWORD','2026-05-16 01:30:08.742277','POST /api/auth/reset-password',NULL,'AUTH','0:0:0:0:0:0:0:1',NULL,'SYSTEM','RESETPASSWORD','AUTH','[{\"requestId\":138,\"otpCode\":\"***masked***\",\"newPassword\":\"***masked***\",\"confirmPassword\":\"***masked***\"}]','{\"outcome\":\"SUCCESS\"}','2026-05-16 01:30:08.742277','SYSTEM',NULL,'ACTIVE'),(154,'FORGOTPASSWORD','2026-05-16 01:30:09.146268','POST /api/auth/forgot-password',NULL,'AUTH','0:0:0:0:0:0:0:1',NULL,'SYSTEM','FORGOTPASSWORD','AUTH','[{\"identifier\":\"branch.manager01\",\"channelType\":\"EMAIL\"}]','{\"outcome\":\"SUCCESS\"}','2026-05-16 01:30:09.146268','SYSTEM',NULL,'ACTIVE'),(155,'RESETPASSWORD','2026-05-16 01:30:09.372276','POST /api/auth/reset-password',NULL,'AUTH','0:0:0:0:0:0:0:1',NULL,'SYSTEM','RESETPASSWORD','AUTH','[{\"requestId\":140,\"otpCode\":\"***masked***\",\"newPassword\":\"***masked***\",\"confirmPassword\":\"***masked***\"}]','{\"outcome\":\"SUCCESS\"}','2026-05-16 01:30:09.372276','SYSTEM',NULL,'ACTIVE'),(156,'FORGOTPASSWORD','2026-05-16 01:30:09.655277','POST /api/auth/forgot-password',NULL,'AUTH','0:0:0:0:0:0:0:1',NULL,'SYSTEM','FORGOTPASSWORD','AUTH','[{\"identifier\":\"ops.officer01\",\"channelType\":\"EMAIL\"}]','{\"outcome\":\"SUCCESS\"}','2026-05-16 01:30:09.655277','SYSTEM',NULL,'ACTIVE'),(157,'RESETPASSWORD','2026-05-16 01:30:09.879275','POST /api/auth/reset-password',NULL,'AUTH','0:0:0:0:0:0:0:1',NULL,'SYSTEM','RESETPASSWORD','AUTH','[{\"requestId\":142,\"otpCode\":\"***masked***\",\"newPassword\":\"***masked***\",\"confirmPassword\":\"***masked***\"}]','{\"outcome\":\"SUCCESS\"}','2026-05-16 01:30:09.879275','SYSTEM',NULL,'ACTIVE'),(158,'FORGOTPASSWORD','2026-05-16 01:30:10.214272','POST /api/auth/forgot-password',NULL,'AUTH','0:0:0:0:0:0:0:1',NULL,'SYSTEM','FORGOTPASSWORD','AUTH','[{\"identifier\":\"investment.officer01\",\"channelType\":\"EMAIL\"}]','{\"outcome\":\"SUCCESS\"}','2026-05-16 01:30:10.214272','SYSTEM',NULL,'ACTIVE'),(159,'RESETPASSWORD','2026-05-16 01:30:10.451268','POST /api/auth/reset-password',NULL,'AUTH','0:0:0:0:0:0:0:1',NULL,'SYSTEM','RESETPASSWORD','AUTH','[{\"requestId\":144,\"otpCode\":\"***masked***\",\"newPassword\":\"***masked***\",\"confirmPassword\":\"***masked***\"}]','{\"outcome\":\"SUCCESS\"}','2026-05-16 01:30:10.451268','SYSTEM',NULL,'ACTIVE'),(160,'FORGOTPASSWORD','2026-05-16 01:30:10.728270','POST /api/auth/forgot-password',NULL,'AUTH','0:0:0:0:0:0:0:1',NULL,'SYSTEM','FORGOTPASSWORD','AUTH','[{\"identifier\":\"shariah.board01\",\"channelType\":\"EMAIL\"}]','{\"outcome\":\"SUCCESS\"}','2026-05-16 01:30:10.728270','SYSTEM',NULL,'ACTIVE'),(161,'RESETPASSWORD','2026-05-16 01:30:10.923289','POST /api/auth/reset-password',NULL,'AUTH','0:0:0:0:0:0:0:1',NULL,'SYSTEM','RESETPASSWORD','AUTH','[{\"requestId\":146,\"otpCode\":\"***masked***\",\"newPassword\":\"***masked***\",\"confirmPassword\":\"***masked***\"}]','{\"outcome\":\"SUCCESS\"}','2026-05-16 01:30:10.923289','SYSTEM',NULL,'ACTIVE'),(162,'FORGOTPASSWORD','2026-05-16 01:30:11.275273','POST /api/auth/forgot-password',NULL,'AUTH','0:0:0:0:0:0:0:1',NULL,'SYSTEM','FORGOTPASSWORD','AUTH','[{\"identifier\":\"customer.seed01\",\"channelType\":\"EMAIL\"}]','{\"outcome\":\"SUCCESS\"}','2026-05-16 01:30:11.275273','SYSTEM',NULL,'ACTIVE'),(163,'RESETPASSWORD','2026-05-16 01:30:11.633272','POST /api/auth/reset-password',NULL,'AUTH','0:0:0:0:0:0:0:1',NULL,'SYSTEM','RESETPASSWORD','AUTH','[{\"requestId\":148,\"otpCode\":\"***masked***\",\"newPassword\":\"***masked***\",\"confirmPassword\":\"***masked***\"}]','{\"outcome\":\"SUCCESS\"}','2026-05-16 01:30:11.633272','SYSTEM',NULL,'ACTIVE'),(164,'USER_CREATE','2026-05-16 01:30:12.611270','POST /api/users/create',NULL,'USER_MANAGEMENT','0:0:0:0:0:0:0:1',3,'Admin01','USER_CREATE','USER_MANAGEMENT','[{\"username\":\"branch.staff.013012\",\"password\":\"***masked***\",\"fullName\":\"Smoke Branch Staff\",\"email\":\"branch.staff.013012@sbms.local\",\"mobile\":\"01701013012\",\"profileImageName\":null,\"employeeNo\":\"BS-013012\",\"designation\":\"Branch Staff\",\"branchId\":1,\"userType\":\"STAFF\",\"status\":\"ACTIVE\",\"roleId\":25,\"active\":true,\"locked\":false,\"actionBy\":\"Admin01\"}]','{\"outcome\":\"SUCCESS\"}','2026-05-16 01:30:12.611270','Admin01',NULL,'ACTIVE'),(165,'USER_CREATE','2026-05-16 01:30:13.173271','POST /api/users/create',NULL,'USER_MANAGEMENT','0:0:0:0:0:0:0:1',3,'Admin01','USER_CREATE','USER_MANAGEMENT','[{\"username\":\"teller.013012\",\"password\":\"***masked***\",\"fullName\":\"Smoke Teller\",\"email\":\"teller.013012@sbms.local\",\"mobile\":\"01801013012\",\"profileImageName\":null,\"employeeNo\":\"TL-013012\",\"designation\":\"Teller\",\"branchId\":1,\"userType\":\"STAFF\",\"status\":\"ACTIVE\",\"roleId\":3,\"active\":true,\"locked\":false,\"actionBy\":\"Admin01\"}]','{\"outcome\":\"SUCCESS\"}','2026-05-16 01:30:13.173271','Admin01',NULL,'ACTIVE'),(166,'CUSTOMER_CREATE','2026-05-16 01:30:13.973274','POST /api/customers/create',NULL,'CUSTOMER_MANAGEMENT','0:0:0:0:0:0:0:1',45,'branch.staff.013012','CUSTOMER_CREATE','CUSTOMER_MANAGEMENT','[{\"customerType\":\"INDIVIDUAL\",\"fullName\":\"Smoke Customer 013012\",\"fatherName\":\"Abdul Karim\",\"motherName\":\"Rokeya Begum\",\"spouseName\":\"\",\"dateOfBirth\":[1992,1,15],\"gender\":\"MALE\",\"maritalStatus\":\"SINGLE\",\"nationality\":\"Bangladeshi\",\"mobile\":\"01901013012\",\"email\":\"smoke.customer.013012@sbms.local\",\"profileImageName\":null,\"occupation\":\"Small Business\",\"monthlyIncome\":5.5E+4,\"sourceOfFunds\":\"Business Income\",\"branchId\":1,\"customerStatus\":\"PENDING_KYC\",\"status\":\"ACTIVE\"}]','{\"outcome\":\"SUCCESS\"}','2026-05-16 01:30:13.973274','branch.staff.013012',NULL,'ACTIVE'),(167,'MONTHLY_CLOSING_CREATE','2026-05-16 01:30:21.371272','POST /api/monthly-closing-runs/create',NULL,'MONTHLYCLOSING','0:0:0:0:0:0:0:1',4,'branch.manager01','MONTHLY_CLOSING_CREATE','MONTHLYCLOSING','{\"error\":\"Approved monthly closing run cannot be refreshed directly\",\"request\":\"[{\\\"branchId\\\":1,\\\"closingMonth\\\":[2026,4,16],\\\"vaultClosedConfirmed\\\":true,\\\"profitPostedConfirmed\\\":true,\\\"reversalsReviewed\\\":true,\\\"statementsGenerated\\\":true,\\\"remarks\\\":\\\"Smoke monthly closing run\\\"}]\"}','{\"outcome\":\"FAILED\"}','2026-05-16 01:30:21.371272','branch.manager01',NULL,'ACTIVE'),(168,'FORGOTPASSWORD','2026-05-16 01:30:44.527701','POST /api/auth/forgot-password',NULL,'AUTH','0:0:0:0:0:0:0:1',NULL,'SYSTEM','FORGOTPASSWORD','AUTH','[{\"identifier\":\"Admin01\",\"channelType\":\"EMAIL\"}]','{\"outcome\":\"SUCCESS\"}','2026-05-16 01:30:44.527701','SYSTEM',NULL,'ACTIVE'),(169,'RESETPASSWORD','2026-05-16 01:30:44.854698','POST /api/auth/reset-password',NULL,'AUTH','0:0:0:0:0:0:0:1',NULL,'SYSTEM','RESETPASSWORD','AUTH','[{\"requestId\":152,\"otpCode\":\"***masked***\",\"newPassword\":\"***masked***\",\"confirmPassword\":\"***masked***\"}]','{\"outcome\":\"SUCCESS\"}','2026-05-16 01:30:44.854698','SYSTEM',NULL,'ACTIVE'),(170,'FORGOTPASSWORD','2026-05-16 01:30:45.212701','POST /api/auth/forgot-password',NULL,'AUTH','0:0:0:0:0:0:0:1',NULL,'SYSTEM','FORGOTPASSWORD','AUTH','[{\"identifier\":\"branch.manager01\",\"channelType\":\"EMAIL\"}]','{\"outcome\":\"SUCCESS\"}','2026-05-16 01:30:45.212701','SYSTEM',NULL,'ACTIVE'),(171,'RESETPASSWORD','2026-05-16 01:30:45.499704','POST /api/auth/reset-password',NULL,'AUTH','0:0:0:0:0:0:0:1',NULL,'SYSTEM','RESETPASSWORD','AUTH','[{\"requestId\":154,\"otpCode\":\"***masked***\",\"newPassword\":\"***masked***\",\"confirmPassword\":\"***masked***\"}]','{\"outcome\":\"SUCCESS\"}','2026-05-16 01:30:45.499704','SYSTEM',NULL,'ACTIVE'),(172,'FORGOTPASSWORD','2026-05-16 01:30:45.767701','POST /api/auth/forgot-password',NULL,'AUTH','0:0:0:0:0:0:0:1',NULL,'SYSTEM','FORGOTPASSWORD','AUTH','[{\"identifier\":\"ops.officer01\",\"channelType\":\"EMAIL\"}]','{\"outcome\":\"SUCCESS\"}','2026-05-16 01:30:45.767701','SYSTEM',NULL,'ACTIVE'),(173,'RESETPASSWORD','2026-05-16 01:30:45.966703','POST /api/auth/reset-password',NULL,'AUTH','0:0:0:0:0:0:0:1',NULL,'SYSTEM','RESETPASSWORD','AUTH','[{\"requestId\":156,\"otpCode\":\"***masked***\",\"newPassword\":\"***masked***\",\"confirmPassword\":\"***masked***\"}]','{\"outcome\":\"SUCCESS\"}','2026-05-16 01:30:45.966703','SYSTEM',NULL,'ACTIVE'),(174,'FORGOTPASSWORD','2026-05-16 01:30:46.299705','POST /api/auth/forgot-password',NULL,'AUTH','0:0:0:0:0:0:0:1',NULL,'SYSTEM','FORGOTPASSWORD','AUTH','[{\"identifier\":\"investment.officer01\",\"channelType\":\"EMAIL\"}]','{\"outcome\":\"SUCCESS\"}','2026-05-16 01:30:46.299705','SYSTEM',NULL,'ACTIVE'),(175,'RESETPASSWORD','2026-05-16 01:30:46.573701','POST /api/auth/reset-password',NULL,'AUTH','0:0:0:0:0:0:0:1',NULL,'SYSTEM','RESETPASSWORD','AUTH','[{\"requestId\":158,\"otpCode\":\"***masked***\",\"newPassword\":\"***masked***\",\"confirmPassword\":\"***masked***\"}]','{\"outcome\":\"SUCCESS\"}','2026-05-16 01:30:46.573701','SYSTEM',NULL,'ACTIVE'),(176,'FORGOTPASSWORD','2026-05-16 01:30:46.840701','POST /api/auth/forgot-password',NULL,'AUTH','0:0:0:0:0:0:0:1',NULL,'SYSTEM','FORGOTPASSWORD','AUTH','[{\"identifier\":\"shariah.board01\",\"channelType\":\"EMAIL\"}]','{\"outcome\":\"SUCCESS\"}','2026-05-16 01:30:46.840701','SYSTEM',NULL,'ACTIVE'),(177,'RESETPASSWORD','2026-05-16 01:30:47.083703','POST /api/auth/reset-password',NULL,'AUTH','0:0:0:0:0:0:0:1',NULL,'SYSTEM','RESETPASSWORD','AUTH','[{\"requestId\":160,\"otpCode\":\"***masked***\",\"newPassword\":\"***masked***\",\"confirmPassword\":\"***masked***\"}]','{\"outcome\":\"SUCCESS\"}','2026-05-16 01:30:47.083703','SYSTEM',NULL,'ACTIVE'),(178,'FORGOTPASSWORD','2026-05-16 01:30:47.392703','POST /api/auth/forgot-password',NULL,'AUTH','0:0:0:0:0:0:0:1',NULL,'SYSTEM','FORGOTPASSWORD','AUTH','[{\"identifier\":\"customer.seed01\",\"channelType\":\"EMAIL\"}]','{\"outcome\":\"SUCCESS\"}','2026-05-16 01:30:47.392703','SYSTEM',NULL,'ACTIVE'),(179,'RESETPASSWORD','2026-05-16 01:30:47.837700','POST /api/auth/reset-password',NULL,'AUTH','0:0:0:0:0:0:0:1',NULL,'SYSTEM','RESETPASSWORD','AUTH','[{\"requestId\":162,\"otpCode\":\"***masked***\",\"newPassword\":\"***masked***\",\"confirmPassword\":\"***masked***\"}]','{\"outcome\":\"SUCCESS\"}','2026-05-16 01:30:47.837700','SYSTEM',NULL,'ACTIVE'),(180,'USER_CREATE','2026-05-16 01:30:48.963704','POST /api/users/create',NULL,'USER_MANAGEMENT','0:0:0:0:0:0:0:1',3,'Admin01','USER_CREATE','USER_MANAGEMENT','[{\"username\":\"branch.staff.013048\",\"password\":\"***masked***\",\"fullName\":\"Smoke Branch Staff\",\"email\":\"branch.staff.013048@sbms.local\",\"mobile\":\"01701013048\",\"profileImageName\":null,\"employeeNo\":\"BS-013048\",\"designation\":\"Branch Staff\",\"branchId\":1,\"userType\":\"STAFF\",\"status\":\"ACTIVE\",\"roleId\":25,\"active\":true,\"locked\":false,\"actionBy\":\"Admin01\"}]','{\"outcome\":\"SUCCESS\"}','2026-05-16 01:30:48.963704','Admin01',NULL,'ACTIVE'),(181,'USER_CREATE','2026-05-16 01:30:49.793701','POST /api/users/create',NULL,'USER_MANAGEMENT','0:0:0:0:0:0:0:1',3,'Admin01','USER_CREATE','USER_MANAGEMENT','[{\"username\":\"teller.013048\",\"password\":\"***masked***\",\"fullName\":\"Smoke Teller\",\"email\":\"teller.013048@sbms.local\",\"mobile\":\"01801013048\",\"profileImageName\":null,\"employeeNo\":\"TL-013048\",\"designation\":\"Teller\",\"branchId\":1,\"userType\":\"STAFF\",\"status\":\"ACTIVE\",\"roleId\":3,\"active\":true,\"locked\":false,\"actionBy\":\"Admin01\"}]','{\"outcome\":\"SUCCESS\"}','2026-05-16 01:30:49.793701','Admin01',NULL,'ACTIVE'),(182,'CUSTOMER_CREATE','2026-05-16 01:30:50.550701','POST /api/customers/create',NULL,'CUSTOMER_MANAGEMENT','0:0:0:0:0:0:0:1',47,'branch.staff.013048','CUSTOMER_CREATE','CUSTOMER_MANAGEMENT','[{\"customerType\":\"INDIVIDUAL\",\"fullName\":\"Smoke Customer 013048\",\"fatherName\":\"Abdul Karim\",\"motherName\":\"Rokeya Begum\",\"spouseName\":\"\",\"dateOfBirth\":[1992,1,15],\"gender\":\"MALE\",\"maritalStatus\":\"SINGLE\",\"nationality\":\"Bangladeshi\",\"mobile\":\"01901013048\",\"email\":\"smoke.customer.013048@sbms.local\",\"profileImageName\":null,\"occupation\":\"Small Business\",\"monthlyIncome\":5.5E+4,\"sourceOfFunds\":\"Business Income\",\"branchId\":1,\"customerStatus\":\"PENDING_KYC\",\"status\":\"ACTIVE\"}]','{\"outcome\":\"SUCCESS\"}','2026-05-16 01:30:50.550701','branch.staff.013048',NULL,'ACTIVE'),(183,'MONTHLY_CLOSING_CREATE','2026-05-16 01:30:58.509705','POST /api/monthly-closing-runs/create',NULL,'MONTHLYCLOSING','0:0:0:0:0:0:0:1',4,'branch.manager01','MONTHLY_CLOSING_CREATE','MONTHLYCLOSING','[{\"branchId\":1,\"closingMonth\":[2026,3,16],\"vaultClosedConfirmed\":true,\"profitPostedConfirmed\":true,\"reversalsReviewed\":true,\"statementsGenerated\":true,\"remarks\":\"Smoke monthly closing run\"}]','{\"outcome\":\"SUCCESS\"}','2026-05-16 01:30:58.509705','branch.manager01',NULL,'ACTIVE'),(184,'FORGOTPASSWORD','2026-05-16 01:31:18.055342','POST /api/auth/forgot-password',NULL,'AUTH','0:0:0:0:0:0:0:1',NULL,'SYSTEM','FORGOTPASSWORD','AUTH','[{\"identifier\":\"Admin01\",\"channelType\":\"EMAIL\"}]','{\"outcome\":\"SUCCESS\"}','2026-05-16 01:31:18.055342','SYSTEM',NULL,'ACTIVE'),(185,'RESETPASSWORD','2026-05-16 01:31:18.367338','POST /api/auth/reset-password',NULL,'AUTH','0:0:0:0:0:0:0:1',NULL,'SYSTEM','RESETPASSWORD','AUTH','[{\"requestId\":166,\"otpCode\":\"***masked***\",\"newPassword\":\"***masked***\",\"confirmPassword\":\"***masked***\"}]','{\"outcome\":\"SUCCESS\"}','2026-05-16 01:31:18.367338','SYSTEM',NULL,'ACTIVE'),(186,'FORGOTPASSWORD','2026-05-16 01:31:18.922343','POST /api/auth/forgot-password',NULL,'AUTH','0:0:0:0:0:0:0:1',NULL,'SYSTEM','FORGOTPASSWORD','AUTH','[{\"identifier\":\"branch.manager01\",\"channelType\":\"EMAIL\"}]','{\"outcome\":\"SUCCESS\"}','2026-05-16 01:31:18.922343','SYSTEM',NULL,'ACTIVE'),(187,'RESETPASSWORD','2026-05-16 01:31:19.192341','POST /api/auth/reset-password',NULL,'AUTH','0:0:0:0:0:0:0:1',NULL,'SYSTEM','RESETPASSWORD','AUTH','[{\"requestId\":168,\"otpCode\":\"***masked***\",\"newPassword\":\"***masked***\",\"confirmPassword\":\"***masked***\"}]','{\"outcome\":\"SUCCESS\"}','2026-05-16 01:31:19.192341','SYSTEM',NULL,'ACTIVE'),(188,'FORGOTPASSWORD','2026-05-16 01:31:19.480338','POST /api/auth/forgot-password',NULL,'AUTH','0:0:0:0:0:0:0:1',NULL,'SYSTEM','FORGOTPASSWORD','AUTH','[{\"identifier\":\"ops.officer01\",\"channelType\":\"EMAIL\"}]','{\"outcome\":\"SUCCESS\"}','2026-05-16 01:31:19.480338','SYSTEM',NULL,'ACTIVE'),(189,'RESETPASSWORD','2026-05-16 01:31:19.724338','POST /api/auth/reset-password',NULL,'AUTH','0:0:0:0:0:0:0:1',NULL,'SYSTEM','RESETPASSWORD','AUTH','[{\"requestId\":170,\"otpCode\":\"***masked***\",\"newPassword\":\"***masked***\",\"confirmPassword\":\"***masked***\"}]','{\"outcome\":\"SUCCESS\"}','2026-05-16 01:31:19.724338','SYSTEM',NULL,'ACTIVE'),(190,'FORGOTPASSWORD','2026-05-16 01:31:20.008337','POST /api/auth/forgot-password',NULL,'AUTH','0:0:0:0:0:0:0:1',NULL,'SYSTEM','FORGOTPASSWORD','AUTH','[{\"identifier\":\"investment.officer01\",\"channelType\":\"EMAIL\"}]','{\"outcome\":\"SUCCESS\"}','2026-05-16 01:31:20.008337','SYSTEM',NULL,'ACTIVE'),(191,'RESETPASSWORD','2026-05-16 01:31:20.202340','POST /api/auth/reset-password',NULL,'AUTH','0:0:0:0:0:0:0:1',NULL,'SYSTEM','RESETPASSWORD','AUTH','[{\"requestId\":172,\"otpCode\":\"***masked***\",\"newPassword\":\"***masked***\",\"confirmPassword\":\"***masked***\"}]','{\"outcome\":\"SUCCESS\"}','2026-05-16 01:31:20.202340','SYSTEM',NULL,'ACTIVE'),(192,'FORGOTPASSWORD','2026-05-16 01:31:20.538341','POST /api/auth/forgot-password',NULL,'AUTH','0:0:0:0:0:0:0:1',NULL,'SYSTEM','FORGOTPASSWORD','AUTH','[{\"identifier\":\"shariah.board01\",\"channelType\":\"EMAIL\"}]','{\"outcome\":\"SUCCESS\"}','2026-05-16 01:31:20.538341','SYSTEM',NULL,'ACTIVE'),(193,'RESETPASSWORD','2026-05-16 01:31:20.812344','POST /api/auth/reset-password',NULL,'AUTH','0:0:0:0:0:0:0:1',NULL,'SYSTEM','RESETPASSWORD','AUTH','[{\"requestId\":174,\"otpCode\":\"***masked***\",\"newPassword\":\"***masked***\",\"confirmPassword\":\"***masked***\"}]','{\"outcome\":\"SUCCESS\"}','2026-05-16 01:31:20.812344','SYSTEM',NULL,'ACTIVE'),(194,'FORGOTPASSWORD','2026-05-16 01:31:21.143346','POST /api/auth/forgot-password',NULL,'AUTH','0:0:0:0:0:0:0:1',NULL,'SYSTEM','FORGOTPASSWORD','AUTH','[{\"identifier\":\"customer.seed01\",\"channelType\":\"EMAIL\"}]','{\"outcome\":\"SUCCESS\"}','2026-05-16 01:31:21.143346','SYSTEM',NULL,'ACTIVE'),(195,'RESETPASSWORD','2026-05-16 01:31:21.361340','POST /api/auth/reset-password',NULL,'AUTH','0:0:0:0:0:0:0:1',NULL,'SYSTEM','RESETPASSWORD','AUTH','[{\"requestId\":176,\"otpCode\":\"***masked***\",\"newPassword\":\"***masked***\",\"confirmPassword\":\"***masked***\"}]','{\"outcome\":\"SUCCESS\"}','2026-05-16 01:31:21.361340','SYSTEM',NULL,'ACTIVE'),(196,'USER_CREATE','2026-05-16 01:31:22.671342','POST /api/users/create',NULL,'USER_MANAGEMENT','0:0:0:0:0:0:0:1',3,'Admin01','USER_CREATE','USER_MANAGEMENT','[{\"username\":\"branch.staff.013122\",\"password\":\"***masked***\",\"fullName\":\"Smoke Branch Staff\",\"email\":\"branch.staff.013122@sbms.local\",\"mobile\":\"01701013122\",\"profileImageName\":null,\"employeeNo\":\"BS-013122\",\"designation\":\"Branch Staff\",\"branchId\":1,\"userType\":\"STAFF\",\"status\":\"ACTIVE\",\"roleId\":25,\"active\":true,\"locked\":false,\"actionBy\":\"Admin01\"}]','{\"outcome\":\"SUCCESS\"}','2026-05-16 01:31:22.671342','Admin01',NULL,'ACTIVE'),(197,'USER_CREATE','2026-05-16 01:31:23.796336','POST /api/users/create',NULL,'USER_MANAGEMENT','0:0:0:0:0:0:0:1',3,'Admin01','USER_CREATE','USER_MANAGEMENT','[{\"username\":\"teller.013122\",\"password\":\"***masked***\",\"fullName\":\"Smoke Teller\",\"email\":\"teller.013122@sbms.local\",\"mobile\":\"01801013122\",\"profileImageName\":null,\"employeeNo\":\"TL-013122\",\"designation\":\"Teller\",\"branchId\":1,\"userType\":\"STAFF\",\"status\":\"ACTIVE\",\"roleId\":3,\"active\":true,\"locked\":false,\"actionBy\":\"Admin01\"}]','{\"outcome\":\"SUCCESS\"}','2026-05-16 01:31:23.796336','Admin01',NULL,'ACTIVE'),(198,'CUSTOMER_CREATE','2026-05-16 01:31:24.957351','POST /api/customers/create',NULL,'CUSTOMER_MANAGEMENT','0:0:0:0:0:0:0:1',49,'branch.staff.013122','CUSTOMER_CREATE','CUSTOMER_MANAGEMENT','[{\"customerType\":\"INDIVIDUAL\",\"fullName\":\"Smoke Customer 013122\",\"fatherName\":\"Abdul Karim\",\"motherName\":\"Rokeya Begum\",\"spouseName\":\"\",\"dateOfBirth\":[1992,1,15],\"gender\":\"MALE\",\"maritalStatus\":\"SINGLE\",\"nationality\":\"Bangladeshi\",\"mobile\":\"01901013122\",\"email\":\"smoke.customer.013122@sbms.local\",\"profileImageName\":null,\"occupation\":\"Small Business\",\"monthlyIncome\":5.5E+4,\"sourceOfFunds\":\"Business Income\",\"branchId\":1,\"customerStatus\":\"PENDING_KYC\",\"status\":\"ACTIVE\"}]','{\"outcome\":\"SUCCESS\"}','2026-05-16 01:31:24.957351','branch.staff.013122',NULL,'ACTIVE'),(199,'MONTHLY_CLOSING_CREATE','2026-05-16 01:31:32.090341','POST /api/monthly-closing-runs/create',NULL,'MONTHLYCLOSING','0:0:0:0:0:0:0:1',4,'branch.manager01','MONTHLY_CLOSING_CREATE','MONTHLYCLOSING','[{\"branchId\":1,\"closingMonth\":[2026,3,16],\"vaultClosedConfirmed\":true,\"profitPostedConfirmed\":true,\"reversalsReviewed\":true,\"statementsGenerated\":true,\"remarks\":\"Smoke monthly closing run\"}]','{\"outcome\":\"SUCCESS\"}','2026-05-16 01:31:32.090341','branch.manager01',NULL,'ACTIVE'),(200,'MONTHLY_CLOSING_SUBMIT','2026-05-16 01:31:32.268342','POST /api/monthly-closing-runs/2/submit',2,'MONTHLYCLOSING','0:0:0:0:0:0:0:1',4,'branch.manager01','MONTHLY_CLOSING_SUBMIT','MONTHLYCLOSING','[2]','{\"outcome\":\"SUCCESS\"}','2026-05-16 01:31:32.268342','branch.manager01',2,'ACTIVE'),(201,'MONTHLY_CLOSING_APPROVE','2026-05-16 01:31:32.411341','POST /api/monthly-closing-runs/2/approve',2,'MONTHLYCLOSING','0:0:0:0:0:0:0:1',3,'Admin01','MONTHLY_CLOSING_APPROVE','MONTHLYCLOSING','[2,{\"remarks\":\"Smoke approval\"}]','{\"outcome\":\"SUCCESS\"}','2026-05-16 01:31:32.411341','Admin01',2,'ACTIVE'),(202,'FORGOTPASSWORD','2026-05-16 01:32:40.093894','POST /api/auth/forgot-password',NULL,'AUTH','0:0:0:0:0:0:0:1',NULL,'SYSTEM','FORGOTPASSWORD','AUTH','[{\"identifier\":\"Admin01\",\"channelType\":\"EMAIL\"}]','{\"outcome\":\"SUCCESS\"}','2026-05-16 01:32:40.093894','SYSTEM',NULL,'ACTIVE'),(203,'RESETPASSWORD','2026-05-16 01:32:40.344757','POST /api/auth/reset-password',NULL,'AUTH','0:0:0:0:0:0:0:1',NULL,'SYSTEM','RESETPASSWORD','AUTH','[{\"requestId\":180,\"otpCode\":\"***masked***\",\"newPassword\":\"***masked***\",\"confirmPassword\":\"***masked***\"}]','{\"outcome\":\"SUCCESS\"}','2026-05-16 01:32:40.344757','SYSTEM',NULL,'ACTIVE'),(204,'FORGOTPASSWORD','2026-05-16 01:32:40.705757','POST /api/auth/forgot-password',NULL,'AUTH','0:0:0:0:0:0:0:1',NULL,'SYSTEM','FORGOTPASSWORD','AUTH','[{\"identifier\":\"branch.manager01\",\"channelType\":\"EMAIL\"}]','{\"outcome\":\"SUCCESS\"}','2026-05-16 01:32:40.705757','SYSTEM',NULL,'ACTIVE'),(205,'RESETPASSWORD','2026-05-16 01:32:40.925757','POST /api/auth/reset-password',NULL,'AUTH','0:0:0:0:0:0:0:1',NULL,'SYSTEM','RESETPASSWORD','AUTH','[{\"requestId\":182,\"otpCode\":\"***masked***\",\"newPassword\":\"***masked***\",\"confirmPassword\":\"***masked***\"}]','{\"outcome\":\"SUCCESS\"}','2026-05-16 01:32:40.925757','SYSTEM',NULL,'ACTIVE'),(206,'FORGOTPASSWORD','2026-05-16 01:32:41.209755','POST /api/auth/forgot-password',NULL,'AUTH','0:0:0:0:0:0:0:1',NULL,'SYSTEM','FORGOTPASSWORD','AUTH','[{\"identifier\":\"ops.officer01\",\"channelType\":\"EMAIL\"}]','{\"outcome\":\"SUCCESS\"}','2026-05-16 01:32:41.209755','SYSTEM',NULL,'ACTIVE'),(207,'RESETPASSWORD','2026-05-16 01:32:41.401756','POST /api/auth/reset-password',NULL,'AUTH','0:0:0:0:0:0:0:1',NULL,'SYSTEM','RESETPASSWORD','AUTH','[{\"requestId\":184,\"otpCode\":\"***masked***\",\"newPassword\":\"***masked***\",\"confirmPassword\":\"***masked***\"}]','{\"outcome\":\"SUCCESS\"}','2026-05-16 01:32:41.401756','SYSTEM',NULL,'ACTIVE'),(208,'FORGOTPASSWORD','2026-05-16 01:32:41.669761','POST /api/auth/forgot-password',NULL,'AUTH','0:0:0:0:0:0:0:1',NULL,'SYSTEM','FORGOTPASSWORD','AUTH','[{\"identifier\":\"investment.officer01\",\"channelType\":\"EMAIL\"}]','{\"outcome\":\"SUCCESS\"}','2026-05-16 01:32:41.669761','SYSTEM',NULL,'ACTIVE'),(209,'RESETPASSWORD','2026-05-16 01:32:42.247759','POST /api/auth/reset-password',NULL,'AUTH','0:0:0:0:0:0:0:1',NULL,'SYSTEM','RESETPASSWORD','AUTH','[{\"requestId\":186,\"otpCode\":\"***masked***\",\"newPassword\":\"***masked***\",\"confirmPassword\":\"***masked***\"}]','{\"outcome\":\"SUCCESS\"}','2026-05-16 01:32:42.247759','SYSTEM',NULL,'ACTIVE'),(210,'FORGOTPASSWORD','2026-05-16 01:32:42.656770','POST /api/auth/forgot-password',NULL,'AUTH','0:0:0:0:0:0:0:1',NULL,'SYSTEM','FORGOTPASSWORD','AUTH','[{\"identifier\":\"shariah.board01\",\"channelType\":\"EMAIL\"}]','{\"outcome\":\"SUCCESS\"}','2026-05-16 01:32:42.656770','SYSTEM',NULL,'ACTIVE'),(211,'RESETPASSWORD','2026-05-16 01:32:42.895755','POST /api/auth/reset-password',NULL,'AUTH','0:0:0:0:0:0:0:1',NULL,'SYSTEM','RESETPASSWORD','AUTH','[{\"requestId\":188,\"otpCode\":\"***masked***\",\"newPassword\":\"***masked***\",\"confirmPassword\":\"***masked***\"}]','{\"outcome\":\"SUCCESS\"}','2026-05-16 01:32:42.895755','SYSTEM',NULL,'ACTIVE'),(212,'FORGOTPASSWORD','2026-05-16 01:32:43.206771','POST /api/auth/forgot-password',NULL,'AUTH','0:0:0:0:0:0:0:1',NULL,'SYSTEM','FORGOTPASSWORD','AUTH','[{\"identifier\":\"customer.seed01\",\"channelType\":\"EMAIL\"}]','{\"outcome\":\"SUCCESS\"}','2026-05-16 01:32:43.206771','SYSTEM',NULL,'ACTIVE'),(213,'RESETPASSWORD','2026-05-16 01:32:43.472772','POST /api/auth/reset-password',NULL,'AUTH','0:0:0:0:0:0:0:1',NULL,'SYSTEM','RESETPASSWORD','AUTH','[{\"requestId\":190,\"otpCode\":\"***masked***\",\"newPassword\":\"***masked***\",\"confirmPassword\":\"***masked***\"}]','{\"outcome\":\"SUCCESS\"}','2026-05-16 01:32:43.472772','SYSTEM',NULL,'ACTIVE'),(214,'USER_CREATE','2026-05-16 01:32:44.588759','POST /api/users/create',NULL,'USER_MANAGEMENT','0:0:0:0:0:0:0:1',3,'Admin01','USER_CREATE','USER_MANAGEMENT','[{\"username\":\"branch.staff.013244\",\"password\":\"***masked***\",\"fullName\":\"Smoke Branch Staff\",\"email\":\"branch.staff.013244@sbms.local\",\"mobile\":\"01701013244\",\"profileImageName\":null,\"employeeNo\":\"BS-013244\",\"designation\":\"Branch Staff\",\"branchId\":1,\"userType\":\"STAFF\",\"status\":\"ACTIVE\",\"roleId\":25,\"active\":true,\"locked\":false,\"actionBy\":\"Admin01\"}]','{\"outcome\":\"SUCCESS\"}','2026-05-16 01:32:44.588759','Admin01',NULL,'ACTIVE'),(215,'USER_CREATE','2026-05-16 01:32:45.086757','POST /api/users/create',NULL,'USER_MANAGEMENT','0:0:0:0:0:0:0:1',3,'Admin01','USER_CREATE','USER_MANAGEMENT','[{\"username\":\"teller.013244\",\"password\":\"***masked***\",\"fullName\":\"Smoke Teller\",\"email\":\"teller.013244@sbms.local\",\"mobile\":\"01801013244\",\"profileImageName\":null,\"employeeNo\":\"TL-013244\",\"designation\":\"Teller\",\"branchId\":1,\"userType\":\"STAFF\",\"status\":\"ACTIVE\",\"roleId\":3,\"active\":true,\"locked\":false,\"actionBy\":\"Admin01\"}]','{\"outcome\":\"SUCCESS\"}','2026-05-16 01:32:45.086757','Admin01',NULL,'ACTIVE'),(216,'CUSTOMER_CREATE','2026-05-16 01:32:45.657648','POST /api/customers/create',NULL,'CUSTOMER_MANAGEMENT','0:0:0:0:0:0:0:1',51,'branch.staff.013244','CUSTOMER_CREATE','CUSTOMER_MANAGEMENT','[{\"customerType\":\"INDIVIDUAL\",\"fullName\":\"Smoke Customer 013244\",\"fatherName\":\"Abdul Karim\",\"motherName\":\"Rokeya Begum\",\"spouseName\":\"\",\"dateOfBirth\":[1992,1,15],\"gender\":\"MALE\",\"maritalStatus\":\"SINGLE\",\"nationality\":\"Bangladeshi\",\"mobile\":\"01901013244\",\"email\":\"smoke.customer.013244@sbms.local\",\"profileImageName\":null,\"occupation\":\"Small Business\",\"monthlyIncome\":5.5E+4,\"sourceOfFunds\":\"Business Income\",\"branchId\":1,\"customerStatus\":\"PENDING_KYC\",\"status\":\"ACTIVE\"}]','{\"outcome\":\"SUCCESS\"}','2026-05-16 01:32:45.657648','branch.staff.013244',NULL,'ACTIVE'),(217,'KYC_CREATE','2026-05-16 01:32:45.834641','POST /api/kyc/profile/create',NULL,'KYC_MANAGEMENT','0:0:0:0:0:0:0:1',51,'branch.staff.013244','KYC_CREATE','KYC_MANAGEMENT','[{\"customerId\":19,\"riskLevel\":\"LOW\",\"sourceOfFundsNote\":\"Smoke test customer declared business income\",\"pepFlag\":false,\"sanctionFlag\":false,\"amlFlag\":false,\"reviewStatus\":\"DRAFT\",\"remarks\":\"Smoke test KYC profile\",\"status\":\"ACTIVE\"}]','{\"outcome\":\"SUCCESS\"}','2026-05-16 01:32:45.834641','branch.staff.013244',NULL,'ACTIVE'),(218,'KYC_VERIFY','2026-05-16 01:32:46.019642','POST /api/kyc/profile/31/verify',31,'KYC_MANAGEMENT','0:0:0:0:0:0:0:1',5,'ops.officer01','KYC_VERIFY','KYC_MANAGEMENT','{\"error\":\"KYC cannot proceed without required documents\",\"request\":\"[31]\"}','{\"outcome\":\"FAILED\"}','2026-05-16 01:32:46.019642','ops.officer01',31,'ACTIVE'),(219,'KYC_APPROVE','2026-05-16 01:32:46.060640','POST /api/kyc/profile/31/approve',31,'KYC_MANAGEMENT','0:0:0:0:0:0:0:1',5,'ops.officer01','KYC_APPROVE','KYC_MANAGEMENT','{\"error\":\"KYC cannot proceed without required documents\",\"request\":\"[31]\"}','{\"outcome\":\"FAILED\"}','2026-05-16 01:32:46.060640','ops.officer01',31,'ACTIVE'),(220,'ACCOUNT_REQUEST_CREATE','2026-05-16 01:32:46.142638','POST /api/account-opening-requests/create',NULL,'ACCOUNT_MANAGEMENT','0:0:0:0:0:0:0:1',51,'branch.staff.013244','ACCOUNT_REQUEST_CREATE','ACCOUNT_MANAGEMENT','[{\"customerId\":19,\"accountTypeId\":15,\"branchId\":1,\"requestedDate\":[2026,5,16],\"initialDepositAmount\":1E+3,\"requestStatus\":\"DRAFT\",\"remarks\":\"Smoke account opening request\",\"applicantImageName\":null,\"status\":\"ACTIVE\"}]','{\"outcome\":\"SUCCESS\"}','2026-05-16 01:32:46.142638','branch.staff.013244',NULL,'ACTIVE'),(221,'ACCOUNT_REQUEST_SUBMIT','2026-05-16 01:32:46.335640','POST /api/account-opening-requests/16/submit',16,'ACCOUNT_MANAGEMENT','0:0:0:0:0:0:0:1',51,'branch.staff.013244','ACCOUNT_REQUEST_SUBMIT','ACCOUNT_MANAGEMENT','[16]','{\"outcome\":\"SUCCESS\"}','2026-05-16 01:32:46.335640','branch.staff.013244',16,'ACTIVE'),(222,'ACCOUNT_REQUEST_VERIFY','2026-05-16 01:32:46.424574','POST /api/account-opening-requests/16/verify',16,'ACCOUNT_MANAGEMENT','0:0:0:0:0:0:0:1',5,'ops.officer01','ACCOUNT_REQUEST_VERIFY','ACCOUNT_MANAGEMENT','[16]','{\"outcome\":\"SUCCESS\"}','2026-05-16 01:32:46.424574','ops.officer01',16,'ACTIVE'),(223,'ACCOUNT_REQUEST_APPROVE','2026-05-16 01:32:46.527745','POST /api/account-opening-requests/16/approve',16,'ACCOUNT_MANAGEMENT','0:0:0:0:0:0:0:1',4,'branch.manager01','ACCOUNT_REQUEST_APPROVE','ACCOUNT_MANAGEMENT','[16]','{\"outcome\":\"SUCCESS\"}','2026-05-16 01:32:46.527745','branch.manager01',16,'ACTIVE'),(224,'TRANSACTION_DEPOSIT','2026-05-16 01:32:53.585747','POST /api/transactions/deposit',NULL,'TRANSACTIONS','0:0:0:0:0:0:0:1',52,'teller.013244','TRANSACTION_DEPOSIT','TRANSACTIONS','{\"error\":\"Credit account must be active\",\"request\":\"[{\\\"branchId\\\":1,\\\"terminalId\\\":null,\\\"creditAccountId\\\":16,\\\"tellerUserId\\\":52,\\\"amount\\\":5E+2,\\\"narration\\\":\\\"Smoke test opening deposit\\\",\\\"transactionDate\\\":[2026,5,16,1,32,53]}]\"}','{\"outcome\":\"FAILED\"}','2026-05-16 01:32:53.585747','teller.013244',NULL,'ACTIVE'),(225,'STATEMENT_CUSTOMER_REQUEST','2026-05-16 01:32:54.278748','POST /api/customer-statements/request',NULL,'STATEMENTS','0:0:0:0:0:0:0:1',5,'ops.officer01','STATEMENT_CUSTOMER_REQUEST','STATEMENTS','[{\"customerId\":19,\"accountId\":16,\"dateFrom\":[2026,5,9],\"dateTo\":[2026,5,16],\"requestedBy\":\"ops.officer01\"}]','{\"outcome\":\"SUCCESS\"}','2026-05-16 01:32:54.278748','ops.officer01',NULL,'ACTIVE'),(226,'MONTHLY_CLOSING_CREATE','2026-05-16 01:33:06.962750','POST /api/monthly-closing-runs/create',NULL,'MONTHLYCLOSING','0:0:0:0:0:0:0:1',4,'branch.manager01','MONTHLY_CLOSING_CREATE','MONTHLYCLOSING','{\"error\":\"Approved monthly closing run cannot be refreshed directly\",\"request\":\"[{\\\"branchId\\\":1,\\\"closingMonth\\\":[2026,3,16],\\\"vaultClosedConfirmed\\\":true,\\\"profitPostedConfirmed\\\":true,\\\"reversalsReviewed\\\":true,\\\"statementsGenerated\\\":true,\\\"remarks\\\":\\\"Smoke monthly closing run\\\"}]\"}','{\"outcome\":\"FAILED\"}','2026-05-16 01:33:06.962750','branch.manager01',NULL,'ACTIVE'),(227,'FORGOTPASSWORD','2026-05-16 01:36:25.535742','POST /api/auth/forgot-password',NULL,'AUTH','0:0:0:0:0:0:0:1',NULL,'SYSTEM','FORGOTPASSWORD','AUTH','[{\"identifier\":\"Admin01\",\"channelType\":\"EMAIL\"}]','{\"outcome\":\"SUCCESS\"}','2026-05-16 01:36:25.535742','SYSTEM',NULL,'ACTIVE'),(228,'RESETPASSWORD','2026-05-16 01:36:25.954748','POST /api/auth/reset-password',NULL,'AUTH','0:0:0:0:0:0:0:1',NULL,'SYSTEM','RESETPASSWORD','AUTH','[{\"requestId\":194,\"otpCode\":\"***masked***\",\"newPassword\":\"***masked***\",\"confirmPassword\":\"***masked***\"}]','{\"outcome\":\"SUCCESS\"}','2026-05-16 01:36:25.954748','SYSTEM',NULL,'ACTIVE'),(229,'FORGOTPASSWORD','2026-05-16 01:36:26.420746','POST /api/auth/forgot-password',NULL,'AUTH','0:0:0:0:0:0:0:1',NULL,'SYSTEM','FORGOTPASSWORD','AUTH','[{\"identifier\":\"branch.manager01\",\"channelType\":\"EMAIL\"}]','{\"outcome\":\"SUCCESS\"}','2026-05-16 01:36:26.420746','SYSTEM',NULL,'ACTIVE'),(230,'RESETPASSWORD','2026-05-16 01:36:26.677736','POST /api/auth/reset-password',NULL,'AUTH','0:0:0:0:0:0:0:1',NULL,'SYSTEM','RESETPASSWORD','AUTH','[{\"requestId\":196,\"otpCode\":\"***masked***\",\"newPassword\":\"***masked***\",\"confirmPassword\":\"***masked***\"}]','{\"outcome\":\"SUCCESS\"}','2026-05-16 01:36:26.677736','SYSTEM',NULL,'ACTIVE'),(231,'FORGOTPASSWORD','2026-05-16 01:36:26.984739','POST /api/auth/forgot-password',NULL,'AUTH','0:0:0:0:0:0:0:1',NULL,'SYSTEM','FORGOTPASSWORD','AUTH','[{\"identifier\":\"ops.officer01\",\"channelType\":\"EMAIL\"}]','{\"outcome\":\"SUCCESS\"}','2026-05-16 01:36:26.984739','SYSTEM',NULL,'ACTIVE'),(232,'RESETPASSWORD','2026-05-16 01:36:27.175744','POST /api/auth/reset-password',NULL,'AUTH','0:0:0:0:0:0:0:1',NULL,'SYSTEM','RESETPASSWORD','AUTH','[{\"requestId\":198,\"otpCode\":\"***masked***\",\"newPassword\":\"***masked***\",\"confirmPassword\":\"***masked***\"}]','{\"outcome\":\"SUCCESS\"}','2026-05-16 01:36:27.175744','SYSTEM',NULL,'ACTIVE'),(233,'FORGOTPASSWORD','2026-05-16 01:36:27.412968','POST /api/auth/forgot-password',NULL,'AUTH','0:0:0:0:0:0:0:1',NULL,'SYSTEM','FORGOTPASSWORD','AUTH','[{\"identifier\":\"investment.officer01\",\"channelType\":\"EMAIL\"}]','{\"outcome\":\"SUCCESS\"}','2026-05-16 01:36:27.412968','SYSTEM',NULL,'ACTIVE'),(234,'RESETPASSWORD','2026-05-16 01:36:27.601963','POST /api/auth/reset-password',NULL,'AUTH','0:0:0:0:0:0:0:1',NULL,'SYSTEM','RESETPASSWORD','AUTH','[{\"requestId\":200,\"otpCode\":\"***masked***\",\"newPassword\":\"***masked***\",\"confirmPassword\":\"***masked***\"}]','{\"outcome\":\"SUCCESS\"}','2026-05-16 01:36:27.601963','SYSTEM',NULL,'ACTIVE'),(235,'FORGOTPASSWORD','2026-05-16 01:36:27.823959','POST /api/auth/forgot-password',NULL,'AUTH','0:0:0:0:0:0:0:1',NULL,'SYSTEM','FORGOTPASSWORD','AUTH','[{\"identifier\":\"shariah.board01\",\"channelType\":\"EMAIL\"}]','{\"outcome\":\"SUCCESS\"}','2026-05-16 01:36:27.823959','SYSTEM',NULL,'ACTIVE'),(236,'RESETPASSWORD','2026-05-16 01:36:28.014963','POST /api/auth/reset-password',NULL,'AUTH','0:0:0:0:0:0:0:1',NULL,'SYSTEM','RESETPASSWORD','AUTH','[{\"requestId\":202,\"otpCode\":\"***masked***\",\"newPassword\":\"***masked***\",\"confirmPassword\":\"***masked***\"}]','{\"outcome\":\"SUCCESS\"}','2026-05-16 01:36:28.014963','SYSTEM',NULL,'ACTIVE'),(237,'FORGOTPASSWORD','2026-05-16 01:36:28.290961','POST /api/auth/forgot-password',NULL,'AUTH','0:0:0:0:0:0:0:1',NULL,'SYSTEM','FORGOTPASSWORD','AUTH','[{\"identifier\":\"customer.seed01\",\"channelType\":\"EMAIL\"}]','{\"outcome\":\"SUCCESS\"}','2026-05-16 01:36:28.290961','SYSTEM',NULL,'ACTIVE'),(238,'RESETPASSWORD','2026-05-16 01:36:28.467987','POST /api/auth/reset-password',NULL,'AUTH','0:0:0:0:0:0:0:1',NULL,'SYSTEM','RESETPASSWORD','AUTH','[{\"requestId\":204,\"otpCode\":\"***masked***\",\"newPassword\":\"***masked***\",\"confirmPassword\":\"***masked***\"}]','{\"outcome\":\"SUCCESS\"}','2026-05-16 01:36:28.467987','SYSTEM',NULL,'ACTIVE'),(239,'USER_CREATE','2026-05-16 01:36:29.523058','POST /api/users/create',NULL,'USER_MANAGEMENT','0:0:0:0:0:0:0:1',3,'Admin01','USER_CREATE','USER_MANAGEMENT','[{\"username\":\"branch.staff.013629\",\"password\":\"***masked***\",\"fullName\":\"Smoke Branch Staff\",\"email\":\"branch.staff.013629@sbms.local\",\"mobile\":\"01701013629\",\"profileImageName\":null,\"employeeNo\":\"BS-013629\",\"designation\":\"Branch Staff\",\"branchId\":1,\"userType\":\"STAFF\",\"status\":\"ACTIVE\",\"roleId\":25,\"active\":true,\"locked\":false,\"actionBy\":\"Admin01\"}]','{\"outcome\":\"SUCCESS\"}','2026-05-16 01:36:29.523058','Admin01',NULL,'ACTIVE'),(240,'USER_CREATE','2026-05-16 01:36:29.855058','POST /api/users/create',NULL,'USER_MANAGEMENT','0:0:0:0:0:0:0:1',3,'Admin01','USER_CREATE','USER_MANAGEMENT','[{\"username\":\"teller.013629\",\"password\":\"***masked***\",\"fullName\":\"Smoke Teller\",\"email\":\"teller.013629@sbms.local\",\"mobile\":\"01801013629\",\"profileImageName\":null,\"employeeNo\":\"TL-013629\",\"designation\":\"Teller\",\"branchId\":1,\"userType\":\"STAFF\",\"status\":\"ACTIVE\",\"roleId\":3,\"active\":true,\"locked\":false,\"actionBy\":\"Admin01\"}]','{\"outcome\":\"SUCCESS\"}','2026-05-16 01:36:29.855058','Admin01',NULL,'ACTIVE'),(241,'CUSTOMER_CREATE','2026-05-16 01:36:30.624059','POST /api/customers/create',NULL,'CUSTOMER_MANAGEMENT','0:0:0:0:0:0:0:1',53,'branch.staff.013629','CUSTOMER_CREATE','CUSTOMER_MANAGEMENT','[{\"customerType\":\"INDIVIDUAL\",\"fullName\":\"Smoke Customer 013629\",\"fatherName\":\"Abdul Karim\",\"motherName\":\"Rokeya Begum\",\"spouseName\":\"\",\"dateOfBirth\":[1992,1,15],\"gender\":\"MALE\",\"maritalStatus\":\"SINGLE\",\"nationality\":\"Bangladeshi\",\"mobile\":\"01901013629\",\"email\":\"smoke.customer.013629@sbms.local\",\"profileImageName\":null,\"occupation\":\"Small Business\",\"monthlyIncome\":5.5E+4,\"sourceOfFunds\":\"Business Income\",\"branchId\":1,\"customerStatus\":\"PENDING_KYC\",\"status\":\"ACTIVE\"}]','{\"outcome\":\"SUCCESS\"}','2026-05-16 01:36:30.624059','branch.staff.013629',NULL,'ACTIVE'),(242,'KYC_CREATE','2026-05-16 01:36:30.865061','POST /api/kyc/profile/create',NULL,'KYC_MANAGEMENT','0:0:0:0:0:0:0:1',53,'branch.staff.013629','KYC_CREATE','KYC_MANAGEMENT','[{\"customerId\":20,\"riskLevel\":\"LOW\",\"sourceOfFundsNote\":\"Smoke test customer declared business income\",\"pepFlag\":false,\"sanctionFlag\":false,\"amlFlag\":false,\"reviewStatus\":\"DRAFT\",\"remarks\":\"Smoke test KYC profile\",\"status\":\"ACTIVE\"}]','{\"outcome\":\"SUCCESS\"}','2026-05-16 01:36:30.865061','branch.staff.013629',NULL,'ACTIVE'),(243,'KYC_DOCUMENT_UPLOAD','2026-05-16 01:36:31.033059','POST /api/kyc/document/upload',NULL,'KYC_MANAGEMENT','0:0:0:0:0:0:0:1',53,'branch.staff.013629','KYC_DOCUMENT_UPLOAD','KYC_MANAGEMENT','[{\"customerId\":20,\"documentType\":\"NID\",\"fileReferenceId\":\"SMOKE-KYC-013629\",\"documentNo\":\"19999013629\",\"issueDate\":[2020,1,1],\"expiryDate\":[2030,1,1],\"verifiedFlag\":false,\"status\":\"ACTIVE\"}]','{\"outcome\":\"SUCCESS\"}','2026-05-16 01:36:31.033059','branch.staff.013629',NULL,'ACTIVE'),(244,'KYC_SUBMIT','2026-05-16 01:36:31.119058','POST /api/kyc/profile/32/submit',32,'KYC_MANAGEMENT','0:0:0:0:0:0:0:1',53,'branch.staff.013629','KYC_SUBMIT','KYC_MANAGEMENT','[32]','{\"outcome\":\"SUCCESS\"}','2026-05-16 01:36:31.119058','branch.staff.013629',32,'ACTIVE'),(245,'KYC_VERIFY','2026-05-16 01:36:31.205057','POST /api/kyc/profile/32/verify',32,'KYC_MANAGEMENT','0:0:0:0:0:0:0:1',5,'ops.officer01','KYC_VERIFY','KYC_MANAGEMENT','[32]','{\"outcome\":\"SUCCESS\"}','2026-05-16 01:36:31.205057','ops.officer01',32,'ACTIVE'),(246,'KYC_APPROVE','2026-05-16 01:36:31.299060','POST /api/kyc/profile/32/approve',32,'KYC_MANAGEMENT','0:0:0:0:0:0:0:1',5,'ops.officer01','KYC_APPROVE','KYC_MANAGEMENT','[32]','{\"outcome\":\"SUCCESS\"}','2026-05-16 01:36:31.299060','ops.officer01',32,'ACTIVE'),(247,'ACCOUNT_REQUEST_CREATE','2026-05-16 01:36:31.400059','POST /api/account-opening-requests/create',NULL,'ACCOUNT_MANAGEMENT','0:0:0:0:0:0:0:1',53,'branch.staff.013629','ACCOUNT_REQUEST_CREATE','ACCOUNT_MANAGEMENT','[{\"customerId\":20,\"accountTypeId\":15,\"branchId\":1,\"requestedDate\":[2026,5,16],\"initialDepositAmount\":1E+3,\"requestStatus\":\"DRAFT\",\"remarks\":\"Smoke account opening request\",\"applicantImageName\":null,\"status\":\"ACTIVE\"}]','{\"outcome\":\"SUCCESS\"}','2026-05-16 01:36:31.400059','branch.staff.013629',NULL,'ACTIVE'),(248,'ACCOUNT_REQUEST_SUBMIT','2026-05-16 01:36:31.569063','POST /api/account-opening-requests/17/submit',17,'ACCOUNT_MANAGEMENT','0:0:0:0:0:0:0:1',53,'branch.staff.013629','ACCOUNT_REQUEST_SUBMIT','ACCOUNT_MANAGEMENT','[17]','{\"outcome\":\"SUCCESS\"}','2026-05-16 01:36:31.569063','branch.staff.013629',17,'ACTIVE'),(249,'ACCOUNT_REQUEST_VERIFY','2026-05-16 01:36:31.665059','POST /api/account-opening-requests/17/verify',17,'ACCOUNT_MANAGEMENT','0:0:0:0:0:0:0:1',5,'ops.officer01','ACCOUNT_REQUEST_VERIFY','ACCOUNT_MANAGEMENT','[17]','{\"outcome\":\"SUCCESS\"}','2026-05-16 01:36:31.665059','ops.officer01',17,'ACTIVE'),(250,'ACCOUNT_REQUEST_APPROVE','2026-05-16 01:36:31.786062','POST /api/account-opening-requests/17/approve',17,'ACCOUNT_MANAGEMENT','0:0:0:0:0:0:0:1',4,'branch.manager01','ACCOUNT_REQUEST_APPROVE','ACCOUNT_MANAGEMENT','[17]','{\"outcome\":\"SUCCESS\"}','2026-05-16 01:36:31.786062','branch.manager01',17,'ACTIVE'),(251,'ACCOUNT_ACTIVATE','2026-05-16 01:36:32.049058','POST /api/accounts/17/activate',17,'ACCOUNT_MANAGEMENT','0:0:0:0:0:0:0:1',5,'ops.officer01','ACCOUNT_ACTIVATE','ACCOUNT_MANAGEMENT','[17,{\"remarks\":\"Smoke account activation\"}]','{\"outcome\":\"SUCCESS\"}','2026-05-16 01:36:32.049058','ops.officer01',17,'ACTIVE'),(252,'TRANSACTION_DEPOSIT','2026-05-16 01:36:37.973060','POST /api/transactions/deposit',NULL,'TRANSACTIONS','0:0:0:0:0:0:0:1',54,'teller.013629','TRANSACTION_DEPOSIT','TRANSACTIONS','[{\"branchId\":1,\"terminalId\":null,\"creditAccountId\":17,\"tellerUserId\":54,\"amount\":5E+2,\"narration\":\"Smoke test opening deposit\",\"transactionDate\":[2026,5,16,1,36,37]}]','{\"outcome\":\"SUCCESS\"}','2026-05-16 01:36:37.973060','teller.013629',NULL,'ACTIVE'),(253,'TRANSACTION_REVERSE','2026-05-16 01:36:44.047062','POST /api/transactions/16/reverse',16,'TRANSACTIONS','0:0:0:0:0:0:0:1',5,'ops.officer01','TRANSACTION_REVERSE','TRANSACTIONS','[16,{\"reason\":\"Smoke reversal validation\"}]','{\"outcome\":\"SUCCESS\"}','2026-05-16 01:36:44.047062','ops.officer01',16,'ACTIVE'),(254,'STATEMENT_CUSTOMER_REQUEST','2026-05-16 01:36:44.536062','POST /api/customer-statements/request',NULL,'STATEMENTS','0:0:0:0:0:0:0:1',5,'ops.officer01','STATEMENT_CUSTOMER_REQUEST','STATEMENTS','[{\"customerId\":20,\"accountId\":17,\"dateFrom\":[2026,5,9],\"dateTo\":[2026,5,16],\"requestedBy\":\"ops.officer01\"}]','{\"outcome\":\"SUCCESS\"}','2026-05-16 01:36:44.536062','ops.officer01',NULL,'ACTIVE'),(255,'MONTHLY_CLOSING_CREATE','2026-05-16 01:36:57.616060','POST /api/monthly-closing-runs/create',NULL,'MONTHLYCLOSING','0:0:0:0:0:0:0:1',4,'branch.manager01','MONTHLY_CLOSING_CREATE','MONTHLYCLOSING','[{\"branchId\":1,\"closingMonth\":[2026,2,1],\"vaultClosedConfirmed\":true,\"profitPostedConfirmed\":true,\"reversalsReviewed\":true,\"statementsGenerated\":true,\"remarks\":\"Smoke monthly closing run\"}]','{\"outcome\":\"SUCCESS\"}','2026-05-16 01:36:57.616060','branch.manager01',NULL,'ACTIVE'),(256,'MONTHLY_CLOSING_SUBMIT','2026-05-16 01:36:57.819063','POST /api/monthly-closing-runs/3/submit',3,'MONTHLYCLOSING','0:0:0:0:0:0:0:1',4,'branch.manager01','MONTHLY_CLOSING_SUBMIT','MONTHLYCLOSING','[3]','{\"outcome\":\"SUCCESS\"}','2026-05-16 01:36:57.819063','branch.manager01',3,'ACTIVE'),(257,'MONTHLY_CLOSING_APPROVE','2026-05-16 01:36:58.145065','POST /api/monthly-closing-runs/3/approve',3,'MONTHLYCLOSING','0:0:0:0:0:0:0:1',3,'Admin01','MONTHLY_CLOSING_APPROVE','MONTHLYCLOSING','[3,{\"remarks\":\"Smoke approval\"}]','{\"outcome\":\"SUCCESS\"}','2026-05-16 01:36:58.145065','Admin01',3,'ACTIVE'),(258,'FORGOTPASSWORD','2026-05-16 08:07:06.253820','POST /api/auth/forgot-password',NULL,'AUTH','0:0:0:0:0:0:0:1',NULL,'SYSTEM','FORGOTPASSWORD','AUTH','[{\"identifier\":\"Admin01\",\"channelType\":\"EMAIL\"}]','{\"outcome\":\"SUCCESS\"}','2026-05-16 08:07:06.253820','SYSTEM',NULL,'ACTIVE'),(259,'RESETPASSWORD','2026-05-16 08:07:06.605819','POST /api/auth/reset-password',NULL,'AUTH','0:0:0:0:0:0:0:1',NULL,'SYSTEM','RESETPASSWORD','AUTH','[{\"requestId\":208,\"otpCode\":\"***masked***\",\"newPassword\":\"***masked***\",\"confirmPassword\":\"***masked***\"}]','{\"outcome\":\"SUCCESS\"}','2026-05-16 08:07:06.605819','SYSTEM',NULL,'ACTIVE'),(260,'FORGOTPASSWORD','2026-05-16 08:07:07.090818','POST /api/auth/forgot-password',NULL,'AUTH','0:0:0:0:0:0:0:1',NULL,'SYSTEM','FORGOTPASSWORD','AUTH','[{\"identifier\":\"branch.manager01\",\"channelType\":\"EMAIL\"}]','{\"outcome\":\"SUCCESS\"}','2026-05-16 08:07:07.090818','SYSTEM',NULL,'ACTIVE'),(261,'RESETPASSWORD','2026-05-16 08:07:07.378818','POST /api/auth/reset-password',NULL,'AUTH','0:0:0:0:0:0:0:1',NULL,'SYSTEM','RESETPASSWORD','AUTH','[{\"requestId\":210,\"otpCode\":\"***masked***\",\"newPassword\":\"***masked***\",\"confirmPassword\":\"***masked***\"}]','{\"outcome\":\"SUCCESS\"}','2026-05-16 08:07:07.378818','SYSTEM',NULL,'ACTIVE'),(262,'FORGOTPASSWORD','2026-05-16 08:07:07.734828','POST /api/auth/forgot-password',NULL,'AUTH','0:0:0:0:0:0:0:1',NULL,'SYSTEM','FORGOTPASSWORD','AUTH','[{\"identifier\":\"ops.officer01\",\"channelType\":\"EMAIL\"}]','{\"outcome\":\"SUCCESS\"}','2026-05-16 08:07:07.734828','SYSTEM',NULL,'ACTIVE'),(263,'RESETPASSWORD','2026-05-16 08:07:07.991819','POST /api/auth/reset-password',NULL,'AUTH','0:0:0:0:0:0:0:1',NULL,'SYSTEM','RESETPASSWORD','AUTH','[{\"requestId\":212,\"otpCode\":\"***masked***\",\"newPassword\":\"***masked***\",\"confirmPassword\":\"***masked***\"}]','{\"outcome\":\"SUCCESS\"}','2026-05-16 08:07:07.991819','SYSTEM',NULL,'ACTIVE'),(264,'FORGOTPASSWORD','2026-05-16 08:07:08.323820','POST /api/auth/forgot-password',NULL,'AUTH','0:0:0:0:0:0:0:1',NULL,'SYSTEM','FORGOTPASSWORD','AUTH','[{\"identifier\":\"investment.officer01\",\"channelType\":\"EMAIL\"}]','{\"outcome\":\"SUCCESS\"}','2026-05-16 08:07:08.323820','SYSTEM',NULL,'ACTIVE'),(265,'RESETPASSWORD','2026-05-16 08:07:08.573819','POST /api/auth/reset-password',NULL,'AUTH','0:0:0:0:0:0:0:1',NULL,'SYSTEM','RESETPASSWORD','AUTH','[{\"requestId\":214,\"otpCode\":\"***masked***\",\"newPassword\":\"***masked***\",\"confirmPassword\":\"***masked***\"}]','{\"outcome\":\"SUCCESS\"}','2026-05-16 08:07:08.573819','SYSTEM',NULL,'ACTIVE'),(266,'FORGOTPASSWORD','2026-05-16 08:07:08.845816','POST /api/auth/forgot-password',NULL,'AUTH','0:0:0:0:0:0:0:1',NULL,'SYSTEM','FORGOTPASSWORD','AUTH','[{\"identifier\":\"shariah.board01\",\"channelType\":\"EMAIL\"}]','{\"outcome\":\"SUCCESS\"}','2026-05-16 08:07:08.845816','SYSTEM',NULL,'ACTIVE'),(267,'RESETPASSWORD','2026-05-16 08:07:09.069822','POST /api/auth/reset-password',NULL,'AUTH','0:0:0:0:0:0:0:1',NULL,'SYSTEM','RESETPASSWORD','AUTH','[{\"requestId\":216,\"otpCode\":\"***masked***\",\"newPassword\":\"***masked***\",\"confirmPassword\":\"***masked***\"}]','{\"outcome\":\"SUCCESS\"}','2026-05-16 08:07:09.069822','SYSTEM',NULL,'ACTIVE'),(268,'FORGOTPASSWORD','2026-05-16 08:07:09.400821','POST /api/auth/forgot-password',NULL,'AUTH','0:0:0:0:0:0:0:1',NULL,'SYSTEM','FORGOTPASSWORD','AUTH','[{\"identifier\":\"customer.seed01\",\"channelType\":\"EMAIL\"}]','{\"outcome\":\"SUCCESS\"}','2026-05-16 08:07:09.400821','SYSTEM',NULL,'ACTIVE'),(269,'RESETPASSWORD','2026-05-16 08:07:09.615820','POST /api/auth/reset-password',NULL,'AUTH','0:0:0:0:0:0:0:1',NULL,'SYSTEM','RESETPASSWORD','AUTH','[{\"requestId\":218,\"otpCode\":\"***masked***\",\"newPassword\":\"***masked***\",\"confirmPassword\":\"***masked***\"}]','{\"outcome\":\"SUCCESS\"}','2026-05-16 08:07:09.615820','SYSTEM',NULL,'ACTIVE'),(270,'USER_CREATE','2026-05-16 08:07:11.018817','POST /api/users/create',NULL,'USER_MANAGEMENT','0:0:0:0:0:0:0:1',3,'Admin01','USER_CREATE','USER_MANAGEMENT','[{\"username\":\"branch.staff.080710\",\"password\":\"***masked***\",\"fullName\":\"Smoke Branch Staff\",\"email\":\"branch.staff.080710@sbms.local\",\"mobile\":\"01701080710\",\"profileImageName\":null,\"employeeNo\":\"BS-080710\",\"designation\":\"Branch Staff\",\"branchId\":1,\"userType\":\"STAFF\",\"status\":\"ACTIVE\",\"roleId\":25,\"active\":true,\"locked\":false,\"actionBy\":\"Admin01\"}]','{\"outcome\":\"SUCCESS\"}','2026-05-16 08:07:11.018817','Admin01',NULL,'ACTIVE'),(271,'USER_CREATE','2026-05-16 08:07:11.429824','POST /api/users/create',NULL,'USER_MANAGEMENT','0:0:0:0:0:0:0:1',3,'Admin01','USER_CREATE','USER_MANAGEMENT','[{\"username\":\"teller.080710\",\"password\":\"***masked***\",\"fullName\":\"Smoke Teller\",\"email\":\"teller.080710@sbms.local\",\"mobile\":\"01801080710\",\"profileImageName\":null,\"employeeNo\":\"TL-080710\",\"designation\":\"Teller\",\"branchId\":1,\"userType\":\"STAFF\",\"status\":\"ACTIVE\",\"roleId\":3,\"active\":true,\"locked\":false,\"actionBy\":\"Admin01\"}]','{\"outcome\":\"SUCCESS\"}','2026-05-16 08:07:11.429824','Admin01',NULL,'ACTIVE'),(272,'CUSTOMER_CREATE','2026-05-16 08:07:12.122819','POST /api/customers/create',NULL,'CUSTOMER_MANAGEMENT','0:0:0:0:0:0:0:1',55,'branch.staff.080710','CUSTOMER_CREATE','CUSTOMER_MANAGEMENT','[{\"customerType\":\"INDIVIDUAL\",\"fullName\":\"Smoke Customer 080710\",\"fatherName\":\"Abdul Karim\",\"motherName\":\"Rokeya Begum\",\"spouseName\":\"\",\"dateOfBirth\":[1992,1,15],\"gender\":\"MALE\",\"maritalStatus\":\"SINGLE\",\"nationality\":\"Bangladeshi\",\"mobile\":\"01901080710\",\"email\":\"smoke.customer.080710@sbms.local\",\"profileImageName\":null,\"occupation\":\"Small Business\",\"monthlyIncome\":5.5E+4,\"sourceOfFunds\":\"Business Income\",\"branchId\":1,\"customerStatus\":\"PENDING_KYC\",\"status\":\"ACTIVE\"}]','{\"outcome\":\"SUCCESS\"}','2026-05-16 08:07:12.122819','branch.staff.080710',NULL,'ACTIVE'),(273,'KYC_CREATE','2026-05-16 08:07:12.316821','POST /api/kyc/profile/create',NULL,'KYC_MANAGEMENT','0:0:0:0:0:0:0:1',55,'branch.staff.080710','KYC_CREATE','KYC_MANAGEMENT','[{\"customerId\":21,\"riskLevel\":\"LOW\",\"sourceOfFundsNote\":\"Smoke test customer declared business income\",\"pepFlag\":false,\"sanctionFlag\":false,\"amlFlag\":false,\"reviewStatus\":\"DRAFT\",\"remarks\":\"Smoke test KYC profile\",\"status\":\"ACTIVE\"}]','{\"outcome\":\"SUCCESS\"}','2026-05-16 08:07:12.316821','branch.staff.080710',NULL,'ACTIVE'),(274,'KYC_DOCUMENT_UPLOAD','2026-05-16 08:07:12.488819','POST /api/kyc/document/upload',NULL,'KYC_MANAGEMENT','0:0:0:0:0:0:0:1',55,'branch.staff.080710','KYC_DOCUMENT_UPLOAD','KYC_MANAGEMENT','[{\"customerId\":21,\"documentType\":\"NID\",\"fileReferenceId\":\"SMOKE-KYC-080710\",\"documentNo\":\"19999080710\",\"issueDate\":[2020,1,1],\"expiryDate\":[2030,1,1],\"verifiedFlag\":false,\"status\":\"ACTIVE\"}]','{\"outcome\":\"SUCCESS\"}','2026-05-16 08:07:12.488819','branch.staff.080710',NULL,'ACTIVE'),(275,'KYC_SUBMIT','2026-05-16 08:07:12.608822','POST /api/kyc/profile/33/submit',33,'KYC_MANAGEMENT','0:0:0:0:0:0:0:1',55,'branch.staff.080710','KYC_SUBMIT','KYC_MANAGEMENT','[33]','{\"outcome\":\"SUCCESS\"}','2026-05-16 08:07:12.608822','branch.staff.080710',33,'ACTIVE'),(276,'KYC_VERIFY','2026-05-16 08:07:12.768824','POST /api/kyc/profile/33/verify',33,'KYC_MANAGEMENT','0:0:0:0:0:0:0:1',5,'ops.officer01','KYC_VERIFY','KYC_MANAGEMENT','[33]','{\"outcome\":\"SUCCESS\"}','2026-05-16 08:07:12.768824','ops.officer01',33,'ACTIVE'),(277,'KYC_APPROVE','2026-05-16 08:07:12.974819','POST /api/kyc/profile/33/approve',33,'KYC_MANAGEMENT','0:0:0:0:0:0:0:1',5,'ops.officer01','KYC_APPROVE','KYC_MANAGEMENT','[33]','{\"outcome\":\"SUCCESS\"}','2026-05-16 08:07:12.974819','ops.officer01',33,'ACTIVE'),(278,'ACCOUNT_REQUEST_CREATE','2026-05-16 08:07:13.085820','POST /api/account-opening-requests/create',NULL,'ACCOUNT_MANAGEMENT','0:0:0:0:0:0:0:1',55,'branch.staff.080710','ACCOUNT_REQUEST_CREATE','ACCOUNT_MANAGEMENT','[{\"customerId\":21,\"accountTypeId\":15,\"branchId\":1,\"requestedDate\":[2026,5,16],\"initialDepositAmount\":1E+3,\"requestStatus\":\"DRAFT\",\"remarks\":\"Smoke account opening request\",\"applicantImageName\":null,\"status\":\"ACTIVE\"}]','{\"outcome\":\"SUCCESS\"}','2026-05-16 08:07:13.085820','branch.staff.080710',NULL,'ACTIVE'),(279,'ACCOUNT_REQUEST_SUBMIT','2026-05-16 08:07:13.268820','POST /api/account-opening-requests/18/submit',18,'ACCOUNT_MANAGEMENT','0:0:0:0:0:0:0:1',55,'branch.staff.080710','ACCOUNT_REQUEST_SUBMIT','ACCOUNT_MANAGEMENT','[18]','{\"outcome\":\"SUCCESS\"}','2026-05-16 08:07:13.268820','branch.staff.080710',18,'ACTIVE'),(280,'ACCOUNT_REQUEST_VERIFY','2026-05-16 08:07:13.374818','POST /api/account-opening-requests/18/verify',18,'ACCOUNT_MANAGEMENT','0:0:0:0:0:0:0:1',5,'ops.officer01','ACCOUNT_REQUEST_VERIFY','ACCOUNT_MANAGEMENT','[18]','{\"outcome\":\"SUCCESS\"}','2026-05-16 08:07:13.374818','ops.officer01',18,'ACTIVE'),(281,'ACCOUNT_REQUEST_APPROVE','2026-05-16 08:07:13.486814','POST /api/account-opening-requests/18/approve',18,'ACCOUNT_MANAGEMENT','0:0:0:0:0:0:0:1',4,'branch.manager01','ACCOUNT_REQUEST_APPROVE','ACCOUNT_MANAGEMENT','[18]','{\"outcome\":\"SUCCESS\"}','2026-05-16 08:07:13.486814','branch.manager01',18,'ACTIVE'),(282,'ACCOUNT_ACTIVATE','2026-05-16 08:07:13.669502','POST /api/accounts/18/activate',18,'ACCOUNT_MANAGEMENT','0:0:0:0:0:0:0:1',5,'ops.officer01','ACCOUNT_ACTIVATE','ACCOUNT_MANAGEMENT','[18,{\"remarks\":\"Smoke account activation\"}]','{\"outcome\":\"SUCCESS\"}','2026-05-16 08:07:13.669502','ops.officer01',18,'ACTIVE'),(283,'TRANSACTION_DEPOSIT','2026-05-16 08:07:21.781755','POST /api/transactions/deposit',NULL,'TRANSACTIONS','0:0:0:0:0:0:0:1',56,'teller.080710','TRANSACTION_DEPOSIT','TRANSACTIONS','[{\"branchId\":1,\"terminalId\":null,\"creditAccountId\":18,\"tellerUserId\":56,\"amount\":5E+2,\"narration\":\"Smoke test opening deposit\",\"transactionDate\":[2026,5,16,8,7,21]}]','{\"outcome\":\"SUCCESS\"}','2026-05-16 08:07:21.781755','teller.080710',NULL,'ACTIVE'),(284,'TRANSACTION_REVERSE','2026-05-16 08:07:30.483108','POST /api/transactions/18/reverse',18,'TRANSACTIONS','0:0:0:0:0:0:0:1',5,'ops.officer01','TRANSACTION_REVERSE','TRANSACTIONS','[18,{\"reason\":\"Smoke reversal validation\"}]','{\"outcome\":\"SUCCESS\"}','2026-05-16 08:07:30.483108','ops.officer01',18,'ACTIVE'),(285,'STATEMENT_CUSTOMER_REQUEST','2026-05-16 08:07:31.105105','POST /api/customer-statements/request',NULL,'STATEMENTS','0:0:0:0:0:0:0:1',5,'ops.officer01','STATEMENT_CUSTOMER_REQUEST','STATEMENTS','[{\"customerId\":21,\"accountId\":18,\"dateFrom\":[2026,5,9],\"dateTo\":[2026,5,16],\"requestedBy\":\"ops.officer01\"}]','{\"outcome\":\"SUCCESS\"}','2026-05-16 08:07:31.105105','ops.officer01',NULL,'ACTIVE'),(286,'MONTHLY_CLOSING_CREATE','2026-05-16 08:07:45.609430','POST /api/monthly-closing-runs/create',NULL,'MONTHLYCLOSING','0:0:0:0:0:0:0:1',4,'branch.manager01','MONTHLY_CLOSING_CREATE','MONTHLYCLOSING','[{\"branchId\":1,\"closingMonth\":[2026,1,1],\"vaultClosedConfirmed\":true,\"profitPostedConfirmed\":true,\"reversalsReviewed\":true,\"statementsGenerated\":true,\"remarks\":\"Smoke monthly closing run\"}]','{\"outcome\":\"SUCCESS\"}','2026-05-16 08:07:45.609430','branch.manager01',NULL,'ACTIVE'),(287,'MONTHLY_CLOSING_SUBMIT','2026-05-16 08:07:45.830429','POST /api/monthly-closing-runs/4/submit',4,'MONTHLYCLOSING','0:0:0:0:0:0:0:1',4,'branch.manager01','MONTHLY_CLOSING_SUBMIT','MONTHLYCLOSING','[4]','{\"outcome\":\"SUCCESS\"}','2026-05-16 08:07:45.830429','branch.manager01',4,'ACTIVE'),(288,'MONTHLY_CLOSING_APPROVE','2026-05-16 08:07:45.954429','POST /api/monthly-closing-runs/4/approve',4,'MONTHLYCLOSING','0:0:0:0:0:0:0:1',3,'Admin01','MONTHLY_CLOSING_APPROVE','MONTHLYCLOSING','[4,{\"remarks\":\"Smoke approval\"}]','{\"outcome\":\"SUCCESS\"}','2026-05-16 08:07:45.954429','Admin01',4,'ACTIVE'),(289,'FORGOTPASSWORD','2026-05-16 08:09:46.959477','POST /api/auth/forgot-password',NULL,'AUTH','0:0:0:0:0:0:0:1',NULL,'SYSTEM','FORGOTPASSWORD','AUTH','[{\"identifier\":\"Admin01\",\"channelType\":\"EMAIL\"}]','{\"outcome\":\"SUCCESS\"}','2026-05-16 08:09:46.959477','SYSTEM',NULL,'ACTIVE'),(290,'RESETPASSWORD','2026-05-16 08:09:47.253614','POST /api/auth/reset-password',NULL,'AUTH','0:0:0:0:0:0:0:1',NULL,'SYSTEM','RESETPASSWORD','AUTH','[{\"requestId\":222,\"otpCode\":\"***masked***\",\"newPassword\":\"***masked***\",\"confirmPassword\":\"***masked***\"}]','{\"outcome\":\"SUCCESS\"}','2026-05-16 08:09:47.253614','SYSTEM',NULL,'ACTIVE'),(291,'FORGOTPASSWORD','2026-05-16 08:09:47.647211','POST /api/auth/forgot-password',NULL,'AUTH','0:0:0:0:0:0:0:1',NULL,'SYSTEM','FORGOTPASSWORD','AUTH','[{\"identifier\":\"branch.manager01\",\"channelType\":\"EMAIL\"}]','{\"outcome\":\"SUCCESS\"}','2026-05-16 08:09:47.647211','SYSTEM',NULL,'ACTIVE'),(292,'RESETPASSWORD','2026-05-16 08:09:47.868216','POST /api/auth/reset-password',NULL,'AUTH','0:0:0:0:0:0:0:1',NULL,'SYSTEM','RESETPASSWORD','AUTH','[{\"requestId\":224,\"otpCode\":\"***masked***\",\"newPassword\":\"***masked***\",\"confirmPassword\":\"***masked***\"}]','{\"outcome\":\"SUCCESS\"}','2026-05-16 08:09:47.868216','SYSTEM',NULL,'ACTIVE'),(293,'FORGOTPASSWORD','2026-05-16 08:09:48.135102','POST /api/auth/forgot-password',NULL,'AUTH','0:0:0:0:0:0:0:1',NULL,'SYSTEM','FORGOTPASSWORD','AUTH','[{\"identifier\":\"ops.officer01\",\"channelType\":\"EMAIL\"}]','{\"outcome\":\"SUCCESS\"}','2026-05-16 08:09:48.135102','SYSTEM',NULL,'ACTIVE'),(294,'RESETPASSWORD','2026-05-16 08:09:48.340790','POST /api/auth/reset-password',NULL,'AUTH','0:0:0:0:0:0:0:1',NULL,'SYSTEM','RESETPASSWORD','AUTH','[{\"requestId\":226,\"otpCode\":\"***masked***\",\"newPassword\":\"***masked***\",\"confirmPassword\":\"***masked***\"}]','{\"outcome\":\"SUCCESS\"}','2026-05-16 08:09:48.340790','SYSTEM',NULL,'ACTIVE'),(295,'FORGOTPASSWORD','2026-05-16 08:09:48.672788','POST /api/auth/forgot-password',NULL,'AUTH','0:0:0:0:0:0:0:1',NULL,'SYSTEM','FORGOTPASSWORD','AUTH','[{\"identifier\":\"investment.officer01\",\"channelType\":\"EMAIL\"}]','{\"outcome\":\"SUCCESS\"}','2026-05-16 08:09:48.672788','SYSTEM',NULL,'ACTIVE'),(296,'RESETPASSWORD','2026-05-16 08:09:49.072788','POST /api/auth/reset-password',NULL,'AUTH','0:0:0:0:0:0:0:1',NULL,'SYSTEM','RESETPASSWORD','AUTH','[{\"requestId\":228,\"otpCode\":\"***masked***\",\"newPassword\":\"***masked***\",\"confirmPassword\":\"***masked***\"}]','{\"outcome\":\"SUCCESS\"}','2026-05-16 08:09:49.072788','SYSTEM',NULL,'ACTIVE'),(297,'FORGOTPASSWORD','2026-05-16 08:09:49.391795','POST /api/auth/forgot-password',NULL,'AUTH','0:0:0:0:0:0:0:1',NULL,'SYSTEM','FORGOTPASSWORD','AUTH','[{\"identifier\":\"shariah.board01\",\"channelType\":\"EMAIL\"}]','{\"outcome\":\"SUCCESS\"}','2026-05-16 08:09:49.391795','SYSTEM',NULL,'ACTIVE'),(298,'RESETPASSWORD','2026-05-16 08:09:49.613793','POST /api/auth/reset-password',NULL,'AUTH','0:0:0:0:0:0:0:1',NULL,'SYSTEM','RESETPASSWORD','AUTH','[{\"requestId\":230,\"otpCode\":\"***masked***\",\"newPassword\":\"***masked***\",\"confirmPassword\":\"***masked***\"}]','{\"outcome\":\"SUCCESS\"}','2026-05-16 08:09:49.613793','SYSTEM',NULL,'ACTIVE'),(299,'FORGOTPASSWORD','2026-05-16 08:09:49.920789','POST /api/auth/forgot-password',NULL,'AUTH','0:0:0:0:0:0:0:1',NULL,'SYSTEM','FORGOTPASSWORD','AUTH','[{\"identifier\":\"customer.seed01\",\"channelType\":\"EMAIL\"}]','{\"outcome\":\"SUCCESS\"}','2026-05-16 08:09:49.920789','SYSTEM',NULL,'ACTIVE'),(300,'RESETPASSWORD','2026-05-16 08:09:50.151790','POST /api/auth/reset-password',NULL,'AUTH','0:0:0:0:0:0:0:1',NULL,'SYSTEM','RESETPASSWORD','AUTH','[{\"requestId\":232,\"otpCode\":\"***masked***\",\"newPassword\":\"***masked***\",\"confirmPassword\":\"***masked***\"}]','{\"outcome\":\"SUCCESS\"}','2026-05-16 08:09:50.151790','SYSTEM',NULL,'ACTIVE'),(301,'USER_CREATE','2026-05-16 08:09:51.452369','POST /api/users/create',NULL,'USER_MANAGEMENT','0:0:0:0:0:0:0:1',3,'Admin01','USER_CREATE','USER_MANAGEMENT','[{\"username\":\"branch.staff.080951\",\"password\":\"***masked***\",\"fullName\":\"Smoke Branch Staff\",\"email\":\"branch.staff.080951@sbms.local\",\"mobile\":\"01701080951\",\"profileImageName\":null,\"employeeNo\":\"BS-080951\",\"designation\":\"Branch Staff\",\"branchId\":1,\"userType\":\"STAFF\",\"status\":\"ACTIVE\",\"roleId\":25,\"active\":true,\"locked\":false,\"actionBy\":\"Admin01\"}]','{\"outcome\":\"SUCCESS\"}','2026-05-16 08:09:51.452369','Admin01',NULL,'ACTIVE'),(302,'USER_CREATE','2026-05-16 08:09:52.017364','POST /api/users/create',NULL,'USER_MANAGEMENT','0:0:0:0:0:0:0:1',3,'Admin01','USER_CREATE','USER_MANAGEMENT','[{\"username\":\"teller.080951\",\"password\":\"***masked***\",\"fullName\":\"Smoke Teller\",\"email\":\"teller.080951@sbms.local\",\"mobile\":\"01801080951\",\"profileImageName\":null,\"employeeNo\":\"TL-080951\",\"designation\":\"Teller\",\"branchId\":1,\"userType\":\"STAFF\",\"status\":\"ACTIVE\",\"roleId\":3,\"active\":true,\"locked\":false,\"actionBy\":\"Admin01\"}]','{\"outcome\":\"SUCCESS\"}','2026-05-16 08:09:52.017364','Admin01',NULL,'ACTIVE'),(303,'CUSTOMER_CREATE','2026-05-16 08:09:52.614417','POST /api/customers/create',NULL,'CUSTOMER_MANAGEMENT','0:0:0:0:0:0:0:1',57,'branch.staff.080951','CUSTOMER_CREATE','CUSTOMER_MANAGEMENT','[{\"customerType\":\"INDIVIDUAL\",\"fullName\":\"Smoke Customer 080951\",\"fatherName\":\"Abdul Karim\",\"motherName\":\"Rokeya Begum\",\"spouseName\":\"\",\"dateOfBirth\":[1992,1,15],\"gender\":\"MALE\",\"maritalStatus\":\"SINGLE\",\"nationality\":\"Bangladeshi\",\"mobile\":\"01901080951\",\"email\":\"smoke.customer.080951@sbms.local\",\"profileImageName\":null,\"occupation\":\"Small Business\",\"monthlyIncome\":5.5E+4,\"sourceOfFunds\":\"Business Income\",\"branchId\":1,\"customerStatus\":\"PENDING_KYC\",\"status\":\"ACTIVE\"}]','{\"outcome\":\"SUCCESS\"}','2026-05-16 08:09:52.614417','branch.staff.080951',NULL,'ACTIVE'),(304,'KYC_CREATE','2026-05-16 08:09:52.856418','POST /api/kyc/profile/create',NULL,'KYC_MANAGEMENT','0:0:0:0:0:0:0:1',57,'branch.staff.080951','KYC_CREATE','KYC_MANAGEMENT','[{\"customerId\":22,\"riskLevel\":\"LOW\",\"sourceOfFundsNote\":\"Smoke test customer declared business income\",\"pepFlag\":false,\"sanctionFlag\":false,\"amlFlag\":false,\"reviewStatus\":\"DRAFT\",\"remarks\":\"Smoke test KYC profile\",\"status\":\"ACTIVE\"}]','{\"outcome\":\"SUCCESS\"}','2026-05-16 08:09:52.856418','branch.staff.080951',NULL,'ACTIVE'),(305,'KYC_DOCUMENT_UPLOAD','2026-05-16 08:09:53.035412','POST /api/kyc/document/upload',NULL,'KYC_MANAGEMENT','0:0:0:0:0:0:0:1',57,'branch.staff.080951','KYC_DOCUMENT_UPLOAD','KYC_MANAGEMENT','[{\"customerId\":22,\"documentType\":\"NID\",\"fileReferenceId\":\"SMOKE-KYC-080951\",\"documentNo\":\"19999080951\",\"issueDate\":[2020,1,1],\"expiryDate\":[2030,1,1],\"verifiedFlag\":false,\"status\":\"ACTIVE\"}]','{\"outcome\":\"SUCCESS\"}','2026-05-16 08:09:53.035412','branch.staff.080951',NULL,'ACTIVE'),(306,'KYC_SUBMIT','2026-05-16 08:09:53.118415','POST /api/kyc/profile/34/submit',34,'KYC_MANAGEMENT','0:0:0:0:0:0:0:1',57,'branch.staff.080951','KYC_SUBMIT','KYC_MANAGEMENT','[34]','{\"outcome\":\"SUCCESS\"}','2026-05-16 08:09:53.118415','branch.staff.080951',34,'ACTIVE'),(307,'KYC_VERIFY','2026-05-16 08:09:53.213416','POST /api/kyc/profile/34/verify',34,'KYC_MANAGEMENT','0:0:0:0:0:0:0:1',5,'ops.officer01','KYC_VERIFY','KYC_MANAGEMENT','[34]','{\"outcome\":\"SUCCESS\"}','2026-05-16 08:09:53.213416','ops.officer01',34,'ACTIVE'),(308,'KYC_APPROVE','2026-05-16 08:09:53.317416','POST /api/kyc/profile/34/approve',34,'KYC_MANAGEMENT','0:0:0:0:0:0:0:1',5,'ops.officer01','KYC_APPROVE','KYC_MANAGEMENT','[34]','{\"outcome\":\"SUCCESS\"}','2026-05-16 08:09:53.317416','ops.officer01',34,'ACTIVE'),(309,'ACCOUNT_REQUEST_CREATE','2026-05-16 08:09:53.428416','POST /api/account-opening-requests/create',NULL,'ACCOUNT_MANAGEMENT','0:0:0:0:0:0:0:1',57,'branch.staff.080951','ACCOUNT_REQUEST_CREATE','ACCOUNT_MANAGEMENT','[{\"customerId\":22,\"accountTypeId\":15,\"branchId\":1,\"requestedDate\":[2026,5,16],\"initialDepositAmount\":1E+3,\"requestStatus\":\"DRAFT\",\"remarks\":\"Smoke account opening request\",\"applicantImageName\":null,\"status\":\"ACTIVE\"}]','{\"outcome\":\"SUCCESS\"}','2026-05-16 08:09:53.428416','branch.staff.080951',NULL,'ACTIVE'),(310,'ACCOUNT_REQUEST_SUBMIT','2026-05-16 08:09:53.620415','POST /api/account-opening-requests/19/submit',19,'ACCOUNT_MANAGEMENT','0:0:0:0:0:0:0:1',57,'branch.staff.080951','ACCOUNT_REQUEST_SUBMIT','ACCOUNT_MANAGEMENT','[19]','{\"outcome\":\"SUCCESS\"}','2026-05-16 08:09:53.620415','branch.staff.080951',19,'ACTIVE'),(311,'ACCOUNT_REQUEST_VERIFY','2026-05-16 08:09:53.715422','POST /api/account-opening-requests/19/verify',19,'ACCOUNT_MANAGEMENT','0:0:0:0:0:0:0:1',5,'ops.officer01','ACCOUNT_REQUEST_VERIFY','ACCOUNT_MANAGEMENT','[19]','{\"outcome\":\"SUCCESS\"}','2026-05-16 08:09:53.715422','ops.officer01',19,'ACTIVE'),(312,'ACCOUNT_REQUEST_APPROVE','2026-05-16 08:09:53.850420','POST /api/account-opening-requests/19/approve',19,'ACCOUNT_MANAGEMENT','0:0:0:0:0:0:0:1',4,'branch.manager01','ACCOUNT_REQUEST_APPROVE','ACCOUNT_MANAGEMENT','[19]','{\"outcome\":\"SUCCESS\"}','2026-05-16 08:09:53.850420','branch.manager01',19,'ACTIVE'),(313,'ACCOUNT_ACTIVATE','2026-05-16 08:09:54.102417','POST /api/accounts/19/activate',19,'ACCOUNT_MANAGEMENT','0:0:0:0:0:0:0:1',5,'ops.officer01','ACCOUNT_ACTIVATE','ACCOUNT_MANAGEMENT','[19,{\"remarks\":\"Smoke account activation\"}]','{\"outcome\":\"SUCCESS\"}','2026-05-16 08:09:54.102417','ops.officer01',19,'ACTIVE'),(314,'TRANSACTION_DEPOSIT','2026-05-16 08:10:00.902414','POST /api/transactions/deposit',NULL,'TRANSACTIONS','0:0:0:0:0:0:0:1',58,'teller.080951','TRANSACTION_DEPOSIT','TRANSACTIONS','[{\"branchId\":1,\"terminalId\":null,\"creditAccountId\":19,\"tellerUserId\":58,\"amount\":5E+2,\"narration\":\"Smoke test opening deposit\",\"transactionDate\":[2026,5,16,8,10]}]','{\"outcome\":\"SUCCESS\"}','2026-05-16 08:10:00.902414','teller.080951',NULL,'ACTIVE'),(315,'TRANSACTION_REVERSE','2026-05-16 08:10:08.682415','POST /api/transactions/20/reverse',20,'TRANSACTIONS','0:0:0:0:0:0:0:1',5,'ops.officer01','TRANSACTION_REVERSE','TRANSACTIONS','[20,{\"reason\":\"Smoke reversal validation\"}]','{\"outcome\":\"SUCCESS\"}','2026-05-16 08:10:08.682415','ops.officer01',20,'ACTIVE'),(316,'STATEMENT_CUSTOMER_REQUEST','2026-05-16 08:10:09.379419','POST /api/customer-statements/request',NULL,'STATEMENTS','0:0:0:0:0:0:0:1',5,'ops.officer01','STATEMENT_CUSTOMER_REQUEST','STATEMENTS','[{\"customerId\":22,\"accountId\":19,\"dateFrom\":[2026,5,9],\"dateTo\":[2026,5,16],\"requestedBy\":\"ops.officer01\"}]','{\"outcome\":\"SUCCESS\"}','2026-05-16 08:10:09.379419','ops.officer01',NULL,'ACTIVE'),(317,'MONTHLY_CLOSING_CREATE','2026-05-16 08:10:23.560416','POST /api/monthly-closing-runs/create',NULL,'MONTHLYCLOSING','0:0:0:0:0:0:0:1',4,'branch.manager01','MONTHLY_CLOSING_CREATE','MONTHLYCLOSING','[{\"branchId\":1,\"closingMonth\":[2025,12,1],\"vaultClosedConfirmed\":true,\"profitPostedConfirmed\":true,\"reversalsReviewed\":true,\"statementsGenerated\":true,\"remarks\":\"Smoke monthly closing run\"}]','{\"outcome\":\"SUCCESS\"}','2026-05-16 08:10:23.560416','branch.manager01',NULL,'ACTIVE'),(318,'MONTHLY_CLOSING_SUBMIT','2026-05-16 08:10:23.742419','POST /api/monthly-closing-runs/5/submit',5,'MONTHLYCLOSING','0:0:0:0:0:0:0:1',4,'branch.manager01','MONTHLY_CLOSING_SUBMIT','MONTHLYCLOSING','[5]','{\"outcome\":\"SUCCESS\"}','2026-05-16 08:10:23.742419','branch.manager01',5,'ACTIVE'),(319,'MONTHLY_CLOSING_APPROVE','2026-05-16 08:10:23.854418','POST /api/monthly-closing-runs/5/approve',5,'MONTHLYCLOSING','0:0:0:0:0:0:0:1',3,'Admin01','MONTHLY_CLOSING_APPROVE','MONTHLYCLOSING','[5,{\"remarks\":\"Smoke approval\"}]','{\"outcome\":\"SUCCESS\"}','2026-05-16 08:10:23.854418','Admin01',5,'ACTIVE'),(320,'FORGOTPASSWORD','2026-05-16 08:15:22.891695','POST /api/auth/forgot-password',NULL,'AUTH','0:0:0:0:0:0:0:1',NULL,'SYSTEM','FORGOTPASSWORD','AUTH','[{\"identifier\":\"Admin01\",\"channelType\":\"EMAIL\"}]','{\"outcome\":\"SUCCESS\"}','2026-05-16 08:15:22.891695','SYSTEM',NULL,'ACTIVE'),(321,'RESETPASSWORD','2026-05-16 08:15:23.318702','POST /api/auth/reset-password',NULL,'AUTH','0:0:0:0:0:0:0:1',NULL,'SYSTEM','RESETPASSWORD','AUTH','[{\"requestId\":236,\"otpCode\":\"***masked***\",\"newPassword\":\"***masked***\",\"confirmPassword\":\"***masked***\"}]','{\"outcome\":\"SUCCESS\"}','2026-05-16 08:15:23.318702','SYSTEM',NULL,'ACTIVE'),(322,'FORGOTPASSWORD','2026-05-16 08:16:03.614119','POST /api/auth/forgot-password',NULL,'AUTH','0:0:0:0:0:0:0:1',NULL,'SYSTEM','FORGOTPASSWORD','AUTH','[{\"identifier\":\"Admin01\",\"channelType\":\"EMAIL\"}]','{\"outcome\":\"SUCCESS\"}','2026-05-16 08:16:03.614119','SYSTEM',NULL,'ACTIVE'),(323,'RESETPASSWORD','2026-05-16 08:16:03.896177','POST /api/auth/reset-password',NULL,'AUTH','0:0:0:0:0:0:0:1',NULL,'SYSTEM','RESETPASSWORD','AUTH','[{\"requestId\":238,\"otpCode\":\"***masked***\",\"newPassword\":\"***masked***\",\"confirmPassword\":\"***masked***\"}]','{\"outcome\":\"SUCCESS\"}','2026-05-16 08:16:03.896177','SYSTEM',NULL,'ACTIVE'),(324,'FORGOTPASSWORD','2026-05-16 08:16:04.161357','POST /api/auth/forgot-password',NULL,'AUTH','0:0:0:0:0:0:0:1',NULL,'SYSTEM','FORGOTPASSWORD','AUTH','[{\"identifier\":\"investment.officer01\",\"channelType\":\"EMAIL\"}]','{\"outcome\":\"SUCCESS\"}','2026-05-16 08:16:04.161357','SYSTEM',NULL,'ACTIVE'),(325,'RESETPASSWORD','2026-05-16 08:16:04.475356','POST /api/auth/reset-password',NULL,'AUTH','0:0:0:0:0:0:0:1',NULL,'SYSTEM','RESETPASSWORD','AUTH','[{\"requestId\":240,\"otpCode\":\"***masked***\",\"newPassword\":\"***masked***\",\"confirmPassword\":\"***masked***\"}]','{\"outcome\":\"SUCCESS\"}','2026-05-16 08:16:04.475356','SYSTEM',NULL,'ACTIVE'),(326,'FORGOTPASSWORD','2026-05-16 08:16:04.748352','POST /api/auth/forgot-password',NULL,'AUTH','0:0:0:0:0:0:0:1',NULL,'SYSTEM','FORGOTPASSWORD','AUTH','[{\"identifier\":\"ops.officer01\",\"channelType\":\"EMAIL\"}]','{\"outcome\":\"SUCCESS\"}','2026-05-16 08:16:04.748352','SYSTEM',NULL,'ACTIVE'),(327,'RESETPASSWORD','2026-05-16 08:16:04.964609','POST /api/auth/reset-password',NULL,'AUTH','0:0:0:0:0:0:0:1',NULL,'SYSTEM','RESETPASSWORD','AUTH','[{\"requestId\":242,\"otpCode\":\"***masked***\",\"newPassword\":\"***masked***\",\"confirmPassword\":\"***masked***\"}]','{\"outcome\":\"SUCCESS\"}','2026-05-16 08:16:04.964609','SYSTEM',NULL,'ACTIVE'),(328,'FORGOTPASSWORD','2026-05-16 08:16:05.224613','POST /api/auth/forgot-password',NULL,'AUTH','0:0:0:0:0:0:0:1',NULL,'SYSTEM','FORGOTPASSWORD','AUTH','[{\"identifier\":\"branch.manager01\",\"channelType\":\"EMAIL\"}]','{\"outcome\":\"SUCCESS\"}','2026-05-16 08:16:05.224613','SYSTEM',NULL,'ACTIVE'),(329,'RESETPASSWORD','2026-05-16 08:16:05.443616','POST /api/auth/reset-password',NULL,'AUTH','0:0:0:0:0:0:0:1',NULL,'SYSTEM','RESETPASSWORD','AUTH','[{\"requestId\":244,\"otpCode\":\"***masked***\",\"newPassword\":\"***masked***\",\"confirmPassword\":\"***masked***\"}]','{\"outcome\":\"SUCCESS\"}','2026-05-16 08:16:05.443616','SYSTEM',NULL,'ACTIVE'),(330,'FORGOTPASSWORD','2026-05-16 08:17:21.382006','POST /api/auth/forgot-password',NULL,'AUTH','0:0:0:0:0:0:0:1',NULL,'SYSTEM','FORGOTPASSWORD','AUTH','[{\"identifier\":\"Admin01\",\"channelType\":\"EMAIL\"}]','{\"outcome\":\"SUCCESS\"}','2026-05-16 08:17:21.382006','SYSTEM',NULL,'ACTIVE'),(331,'RESETPASSWORD','2026-05-16 08:17:21.808002','POST /api/auth/reset-password',NULL,'AUTH','0:0:0:0:0:0:0:1',NULL,'SYSTEM','RESETPASSWORD','AUTH','[{\"requestId\":246,\"otpCode\":\"***masked***\",\"newPassword\":\"***masked***\",\"confirmPassword\":\"***masked***\"}]','{\"outcome\":\"SUCCESS\"}','2026-05-16 08:17:21.808002','SYSTEM',NULL,'ACTIVE'),(332,'FORGOTPASSWORD','2026-05-16 08:17:22.093240','POST /api/auth/forgot-password',NULL,'AUTH','0:0:0:0:0:0:0:1',NULL,'SYSTEM','FORGOTPASSWORD','AUTH','[{\"identifier\":\"investment.officer01\",\"channelType\":\"EMAIL\"}]','{\"outcome\":\"SUCCESS\"}','2026-05-16 08:17:22.093240','SYSTEM',NULL,'ACTIVE'),(333,'RESETPASSWORD','2026-05-16 08:17:22.291601','POST /api/auth/reset-password',NULL,'AUTH','0:0:0:0:0:0:0:1',NULL,'SYSTEM','RESETPASSWORD','AUTH','[{\"requestId\":248,\"otpCode\":\"***masked***\",\"newPassword\":\"***masked***\",\"confirmPassword\":\"***masked***\"}]','{\"outcome\":\"SUCCESS\"}','2026-05-16 08:17:22.291601','SYSTEM',NULL,'ACTIVE'),(334,'FORGOTPASSWORD','2026-05-16 08:17:22.575204','POST /api/auth/forgot-password',NULL,'AUTH','0:0:0:0:0:0:0:1',NULL,'SYSTEM','FORGOTPASSWORD','AUTH','[{\"identifier\":\"ops.officer01\",\"channelType\":\"EMAIL\"}]','{\"outcome\":\"SUCCESS\"}','2026-05-16 08:17:22.575204','SYSTEM',NULL,'ACTIVE'),(335,'RESETPASSWORD','2026-05-16 08:17:22.944557','POST /api/auth/reset-password',NULL,'AUTH','0:0:0:0:0:0:0:1',NULL,'SYSTEM','RESETPASSWORD','AUTH','[{\"requestId\":250,\"otpCode\":\"***masked***\",\"newPassword\":\"***masked***\",\"confirmPassword\":\"***masked***\"}]','{\"outcome\":\"SUCCESS\"}','2026-05-16 08:17:22.944557','SYSTEM',NULL,'ACTIVE'),(336,'FORGOTPASSWORD','2026-05-16 08:18:24.159108','POST /api/auth/forgot-password',NULL,'AUTH','0:0:0:0:0:0:0:1',NULL,'SYSTEM','FORGOTPASSWORD','AUTH','[{\"identifier\":\"Admin01\",\"channelType\":\"EMAIL\"}]','{\"outcome\":\"SUCCESS\"}','2026-05-16 08:18:24.159108','SYSTEM',NULL,'ACTIVE'),(337,'RESETPASSWORD','2026-05-16 08:18:24.645103','POST /api/auth/reset-password',NULL,'AUTH','0:0:0:0:0:0:0:1',NULL,'SYSTEM','RESETPASSWORD','AUTH','[{\"requestId\":252,\"otpCode\":\"***masked***\",\"newPassword\":\"***masked***\",\"confirmPassword\":\"***masked***\"}]','{\"outcome\":\"SUCCESS\"}','2026-05-16 08:18:24.645103','SYSTEM',NULL,'ACTIVE'),(338,'FORGOTPASSWORD','2026-05-16 08:18:25.468104','POST /api/auth/forgot-password',NULL,'AUTH','0:0:0:0:0:0:0:1',NULL,'SYSTEM','FORGOTPASSWORD','AUTH','[{\"identifier\":\"investment.officer01\",\"channelType\":\"EMAIL\"}]','{\"outcome\":\"SUCCESS\"}','2026-05-16 08:18:25.468104','SYSTEM',NULL,'ACTIVE'),(339,'RESETPASSWORD','2026-05-16 08:18:25.856110','POST /api/auth/reset-password',NULL,'AUTH','0:0:0:0:0:0:0:1',NULL,'SYSTEM','RESETPASSWORD','AUTH','[{\"requestId\":254,\"otpCode\":\"***masked***\",\"newPassword\":\"***masked***\",\"confirmPassword\":\"***masked***\"}]','{\"outcome\":\"SUCCESS\"}','2026-05-16 08:18:25.856110','SYSTEM',NULL,'ACTIVE'),(340,'FORGOTPASSWORD','2026-05-16 08:18:26.400104','POST /api/auth/forgot-password',NULL,'AUTH','0:0:0:0:0:0:0:1',NULL,'SYSTEM','FORGOTPASSWORD','AUTH','[{\"identifier\":\"ops.officer01\",\"channelType\":\"EMAIL\"}]','{\"outcome\":\"SUCCESS\"}','2026-05-16 08:18:26.400104','SYSTEM',NULL,'ACTIVE'),(341,'RESETPASSWORD','2026-05-16 08:18:26.810108','POST /api/auth/reset-password',NULL,'AUTH','0:0:0:0:0:0:0:1',NULL,'SYSTEM','RESETPASSWORD','AUTH','[{\"requestId\":256,\"otpCode\":\"***masked***\",\"newPassword\":\"***masked***\",\"confirmPassword\":\"***masked***\"}]','{\"outcome\":\"SUCCESS\"}','2026-05-16 08:18:26.810108','SYSTEM',NULL,'ACTIVE'),(342,'FORGOTPASSWORD','2026-05-16 09:16:22.789069','POST /api/auth/forgot-password',NULL,'AUTH','0:0:0:0:0:0:0:1',NULL,'SYSTEM','FORGOTPASSWORD','AUTH','[{\"identifier\":\"Admin01\",\"channelType\":\"EMAIL\"}]','{\"outcome\":\"SUCCESS\"}','2026-05-16 09:16:22.789069','SYSTEM',NULL,'ACTIVE'),(343,'RESETPASSWORD','2026-05-16 09:16:23.157071','POST /api/auth/reset-password',NULL,'AUTH','0:0:0:0:0:0:0:1',NULL,'SYSTEM','RESETPASSWORD','AUTH','[{\"requestId\":264,\"otpCode\":\"***masked***\",\"newPassword\":\"***masked***\",\"confirmPassword\":\"***masked***\"}]','{\"outcome\":\"SUCCESS\"}','2026-05-16 09:16:23.157071','SYSTEM',NULL,'ACTIVE'),(344,'FORGOTPASSWORD','2026-05-16 09:16:23.408067','POST /api/auth/forgot-password',NULL,'AUTH','0:0:0:0:0:0:0:1',NULL,'SYSTEM','FORGOTPASSWORD','AUTH','[{\"identifier\":\"branch.manager01\",\"channelType\":\"EMAIL\"}]','{\"outcome\":\"SUCCESS\"}','2026-05-16 09:16:23.408067','SYSTEM',NULL,'ACTIVE'),(345,'RESETPASSWORD','2026-05-16 09:16:23.610068','POST /api/auth/reset-password',NULL,'AUTH','0:0:0:0:0:0:0:1',NULL,'SYSTEM','RESETPASSWORD','AUTH','[{\"requestId\":266,\"otpCode\":\"***masked***\",\"newPassword\":\"***masked***\",\"confirmPassword\":\"***masked***\"}]','{\"outcome\":\"SUCCESS\"}','2026-05-16 09:16:23.610068','SYSTEM',NULL,'ACTIVE'),(346,'FORGOTPASSWORD','2026-05-16 09:16:23.878074','POST /api/auth/forgot-password',NULL,'AUTH','0:0:0:0:0:0:0:1',NULL,'SYSTEM','FORGOTPASSWORD','AUTH','[{\"identifier\":\"ops.officer01\",\"channelType\":\"EMAIL\"}]','{\"outcome\":\"SUCCESS\"}','2026-05-16 09:16:23.878074','SYSTEM',NULL,'ACTIVE'),(347,'RESETPASSWORD','2026-05-16 09:16:24.093068','POST /api/auth/reset-password',NULL,'AUTH','0:0:0:0:0:0:0:1',NULL,'SYSTEM','RESETPASSWORD','AUTH','[{\"requestId\":268,\"otpCode\":\"***masked***\",\"newPassword\":\"***masked***\",\"confirmPassword\":\"***masked***\"}]','{\"outcome\":\"SUCCESS\"}','2026-05-16 09:16:24.093068','SYSTEM',NULL,'ACTIVE'),(348,'FORGOTPASSWORD','2026-05-16 09:16:24.322073','POST /api/auth/forgot-password',NULL,'AUTH','0:0:0:0:0:0:0:1',NULL,'SYSTEM','FORGOTPASSWORD','AUTH','[{\"identifier\":\"investment.officer01\",\"channelType\":\"EMAIL\"}]','{\"outcome\":\"SUCCESS\"}','2026-05-16 09:16:24.322073','SYSTEM',NULL,'ACTIVE'),(349,'RESETPASSWORD','2026-05-16 09:16:24.535068','POST /api/auth/reset-password',NULL,'AUTH','0:0:0:0:0:0:0:1',NULL,'SYSTEM','RESETPASSWORD','AUTH','[{\"requestId\":270,\"otpCode\":\"***masked***\",\"newPassword\":\"***masked***\",\"confirmPassword\":\"***masked***\"}]','{\"outcome\":\"SUCCESS\"}','2026-05-16 09:16:24.535068','SYSTEM',NULL,'ACTIVE'),(350,'FORGOTPASSWORD','2026-05-16 09:16:24.778068','POST /api/auth/forgot-password',NULL,'AUTH','0:0:0:0:0:0:0:1',NULL,'SYSTEM','FORGOTPASSWORD','AUTH','[{\"identifier\":\"shariah.board01\",\"channelType\":\"EMAIL\"}]','{\"outcome\":\"SUCCESS\"}','2026-05-16 09:16:24.778068','SYSTEM',NULL,'ACTIVE'),(351,'RESETPASSWORD','2026-05-16 09:16:25.030068','POST /api/auth/reset-password',NULL,'AUTH','0:0:0:0:0:0:0:1',NULL,'SYSTEM','RESETPASSWORD','AUTH','[{\"requestId\":272,\"otpCode\":\"***masked***\",\"newPassword\":\"***masked***\",\"confirmPassword\":\"***masked***\"}]','{\"outcome\":\"SUCCESS\"}','2026-05-16 09:16:25.030068','SYSTEM',NULL,'ACTIVE'),(352,'FORGOTPASSWORD','2026-05-16 09:16:25.270072','POST /api/auth/forgot-password',NULL,'AUTH','0:0:0:0:0:0:0:1',NULL,'SYSTEM','FORGOTPASSWORD','AUTH','[{\"identifier\":\"customer.seed01\",\"channelType\":\"EMAIL\"}]','{\"outcome\":\"SUCCESS\"}','2026-05-16 09:16:25.270072','SYSTEM',NULL,'ACTIVE'),(353,'RESETPASSWORD','2026-05-16 09:16:25.497075','POST /api/auth/reset-password',NULL,'AUTH','0:0:0:0:0:0:0:1',NULL,'SYSTEM','RESETPASSWORD','AUTH','[{\"requestId\":274,\"otpCode\":\"***masked***\",\"newPassword\":\"***masked***\",\"confirmPassword\":\"***masked***\"}]','{\"outcome\":\"SUCCESS\"}','2026-05-16 09:16:25.497075','SYSTEM',NULL,'ACTIVE'),(354,'FORGOTPASSWORD','2026-05-16 09:45:23.480774','POST /api/auth/forgot-password',NULL,'AUTH','0:0:0:0:0:0:0:1',NULL,'SYSTEM','FORGOTPASSWORD','AUTH','[{\"identifier\":\"admin01\",\"channelType\":\"EMAIL\"}]','{\"outcome\":\"SUCCESS\"}','2026-05-16 09:45:23.480774','SYSTEM',NULL,'ACTIVE'),(355,'FORGOTPASSWORD','2026-05-16 09:57:58.065456','POST /api/auth/forgot-password',NULL,'AUTH','0:0:0:0:0:0:0:1',NULL,'SYSTEM','FORGOTPASSWORD','AUTH','[{\"identifier\":\"kyc.reviewer01\",\"channelType\":\"EMAIL\"}]','{\"outcome\":\"SUCCESS\"}','2026-05-16 09:57:58.065456','SYSTEM',NULL,'ACTIVE'),(356,'CUSTOMER_EDIT','2026-05-17 00:32:04.465176','PUT /api/customers/12',12,'CUSTOMER_MANAGEMENT','0:0:0:0:0:0:0:1',3,'admin01','CUSTOMER_EDIT','CUSTOMER_MANAGEMENT','[12,{\"customerType\":\"INDIVIDUAL\",\"fullName\":\"Mahmudul Hasan\",\"fatherName\":\"Abdul Hamid\",\"motherName\":\"Amena Khatun\",\"spouseName\":\"\",\"dateOfBirth\":[1989,7,22],\"gender\":\"MALE\",\"maritalStatus\":\"MARRIED\",\"nationality\":\"Bangladeshi\",\"mobile\":\"01710000020\",\"email\":\"mahmud@gmail.com\",\"profileImageName\":\"a7968ec4-d4ec-49b2-acfe-d6ad7b758100.jpg\",\"occupation\":\"Govt Job\",\"monthlyIncome\":5.5E+4,\"sourceOfFunds\":\"Salary\",\"branchId\":3,\"customerStatus\":\"ACTIVE\",\"status\":\"ACTIVE\"}]','{\"outcome\":\"SUCCESS\"}','2026-05-17 00:32:04.465176','admin01',12,'ACTIVE'),(357,'CUSTOMER_EDIT','2026-05-17 00:34:44.031589','PUT /api/customers/22',22,'CUSTOMER_MANAGEMENT','0:0:0:0:0:0:0:1',3,'admin01','CUSTOMER_EDIT','CUSTOMER_MANAGEMENT','[22,{\"customerType\":\"INDIVIDUAL\",\"fullName\":\"Mahadi Hassan\",\"fatherName\":\"Abdul Karim\",\"motherName\":\"Rokeya Begum\",\"spouseName\":\"\",\"dateOfBirth\":[1992,1,15],\"gender\":\"MALE\",\"maritalStatus\":\"SINGLE\",\"nationality\":\"Bangladesh\",\"mobile\":\"01901080951\",\"email\":\"masud.jee68+c.22@gmail.com\",\"profileImageName\":\"537a5ea8-e2ce-447c-902a-0732043fd782.jpg\",\"occupation\":\"Small Business\",\"monthlyIncome\":5.5E+4,\"sourceOfFunds\":\"Business Income\",\"branchId\":1,\"customerStatus\":\"ACTIVE\",\"status\":\"ACTIVE\"}]','{\"outcome\":\"SUCCESS\"}','2026-05-17 00:34:44.031589','admin01',22,'ACTIVE');
/*!40000 ALTER TABLE `audit_log` ENABLE KEYS */;
UNLOCK TABLES;

--
-- Table structure for table `balance_snapshot`
--

DROP TABLE IF EXISTS `balance_snapshot`;
/*!40101 SET @saved_cs_client     = @@character_set_client */;
/*!50503 SET character_set_client = utf8mb4 */;
CREATE TABLE `balance_snapshot` (
  `id` bigint NOT NULL AUTO_INCREMENT,
  `average_balance` decimal(18,2) NOT NULL,
  `closing_balance` decimal(18,2) NOT NULL,
  `created_at` datetime(6) NOT NULL,
  `snapshot_date` date NOT NULL,
  `status` enum('ACTIVE','ARCHIVED','PENDING') NOT NULL,
  `updated_at` datetime(6) NOT NULL,
  `account_id` bigint NOT NULL,
  PRIMARY KEY (`id`),
  KEY `FKn5e2rt97li0eqh2q0uocnejlk` (`account_id`),
  CONSTRAINT `FKn5e2rt97li0eqh2q0uocnejlk` FOREIGN KEY (`account_id`) REFERENCES `account` (`id`)
) ENGINE=InnoDB AUTO_INCREMENT=18 DEFAULT CHARSET=utf8mb4 COLLATE=utf8mb4_0900_ai_ci;
/*!40101 SET character_set_client = @saved_cs_client */;

--
-- Dumping data for table `balance_snapshot`
--

LOCK TABLES `balance_snapshot` WRITE;
/*!40000 ALTER TABLE `balance_snapshot` DISABLE KEYS */;
INSERT INTO `balance_snapshot` VALUES (1,24000.00,25000.00,'2026-04-10 17:00:00.000000','2026-04-10','ACTIVE','2026-04-10 17:00:00.000000',1),(2,17500.00,18000.00,'2026-04-12 17:05:00.000000','2026-04-12','ACTIVE','2026-04-12 17:05:00.000000',2),(3,31500.00,32000.00,'2026-04-05 17:10:00.000000','2026-04-05','ACTIVE','2026-04-05 17:10:00.000000',3),(4,8800.00,9000.00,'2026-04-20 17:15:00.000000','2026-04-20','ACTIVE','2026-04-20 17:15:00.000000',4),(5,44500.00,45000.00,'2026-04-08 17:20:00.000000','2026-04-08','ACTIVE','2026-04-08 17:20:00.000000',5),(6,12000.00,12500.00,'2025-12-31 17:25:00.000000','2025-12-31','ACTIVE','2025-12-31 17:25:00.000000',6),(7,15800.00,16000.00,'2026-04-03 17:30:00.000000','2026-04-03','ACTIVE','2026-04-03 17:30:00.000000',7),(8,7200.00,7500.00,'2026-04-15 17:35:00.000000','2026-04-15','ACTIVE','2026-04-15 17:35:00.000000',8),(9,28000.00,28500.00,'2025-12-31 17:40:00.000000','2025-12-31','ACTIVE','2025-12-31 17:40:00.000000',9),(10,51000.00,52000.00,'2026-04-18 17:45:00.000000','2026-04-18','ACTIVE','2026-04-18 17:45:00.000000',10),(11,13850.00,14000.00,'2026-04-06 17:50:00.000000','2026-04-06','ACTIVE','2026-04-06 17:50:00.000000',11),(12,21400.00,22000.00,'2026-04-01 17:55:00.000000','2026-04-01','ACTIVE','2026-04-01 17:55:00.000000',12),(13,6600.00,6800.00,'2026-04-04 18:00:00.000000','2026-04-04','ACTIVE','2026-04-04 18:00:00.000000',13),(14,9600.00,9800.00,'2026-04-25 18:05:00.000000','2026-04-25','ACTIVE','2026-04-25 18:05:00.000000',14),(15,15250.00,15500.00,'2026-04-07 18:10:00.000000','2026-04-07','ACTIVE','2026-04-07 18:10:00.000000',15),(16,8000.00,8000.00,'2026-05-01 18:37:53.366784','2026-05-01','ACTIVE','2026-05-01 18:37:53.366784',4),(17,900.00,900.00,'2026-05-01 18:37:53.444771','2026-05-01','ACTIVE','2026-05-01 18:37:53.444771',14);
/*!40000 ALTER TABLE `balance_snapshot` ENABLE KEYS */;
UNLOCK TABLES;

--
-- Table structure for table `branch`
--

DROP TABLE IF EXISTS `branch`;
/*!40101 SET @saved_cs_client     = @@character_set_client */;
/*!50503 SET character_set_client = utf8mb4 */;
CREATE TABLE `branch` (
  `id` bigint NOT NULL AUTO_INCREMENT,
  `address_line_1` varchar(255) DEFAULT NULL,
  `address_line_2` varchar(255) DEFAULT NULL,
  `branch_code` varchar(30) NOT NULL,
  `branch_name` varchar(150) NOT NULL,
  `city` varchar(255) DEFAULT NULL,
  `contact_number` varchar(255) DEFAULT NULL,
  `country` varchar(255) DEFAULT NULL,
  `created_at` datetime(6) DEFAULT NULL,
  `district` varchar(255) DEFAULT NULL,
  `email` varchar(120) DEFAULT NULL,
  `manager_user_id` bigint DEFAULT NULL,
  `opening_date` date DEFAULT NULL,
  `postal_code` varchar(20) DEFAULT NULL,
  `status` varchar(30) DEFAULT NULL,
  `updated_at` datetime(6) DEFAULT NULL,
  `address_line1` varchar(255) NOT NULL,
  `address_line2` varchar(255) DEFAULT NULL,
  `branch_short_name` varchar(50) DEFAULT NULL,
  `branch_type` varchar(50) NOT NULL,
  `country_id` bigint DEFAULT NULL,
  `created_by` bigint DEFAULT NULL,
  `delete_reason` varchar(500) DEFAULT NULL,
  `deleted_at` datetime(6) DEFAULT NULL,
  `deleted_by` bigint DEFAULT NULL,
  `district_id` bigint DEFAULT NULL,
  `division_id` bigint DEFAULT NULL,
  `is_deleted` bit(1) DEFAULT NULL,
  `mobile` varchar(20) DEFAULT NULL,
  `opened_date` date DEFAULT NULL,
  `phone` varchar(20) DEFAULT NULL,
  `routing_no` varchar(30) NOT NULL,
  `swift_code` varchar(30) DEFAULT NULL,
  `upazila_id` bigint DEFAULT NULL,
  `updated_by` bigint DEFAULT NULL,
  PRIMARY KEY (`id`),
  UNIQUE KEY `uk_branch_code` (`branch_code`),
  UNIQUE KEY `uk_branch_routing_no` (`routing_no`)
) ENGINE=InnoDB AUTO_INCREMENT=21 DEFAULT CHARSET=utf8mb4 COLLATE=utf8mb4_0900_ai_ci;
/*!40101 SET character_set_client = @saved_cs_client */;

--
-- Dumping data for table `branch`
--

LOCK TABLES `branch` WRITE;
/*!40000 ALTER TABLE `branch` DISABLE KEYS */;
INSERT INTO `branch` VALUES (1,NULL,NULL,'BR001','Dhaka Main Branch',NULL,NULL,NULL,'2026-04-25 00:01:34.108343',NULL,'dhaka.main@sbms.com',1,NULL,'1000','ACTIVE',NULL,'Motijheel Commercial Area','Dhaka','Dhaka Main','MAIN',1,NULL,NULL,NULL,NULL,1,1,_binary '\0','+8801711000001','2024-01-01','0222334455','100100001','SBMSBDDH001',1,NULL),(2,NULL,NULL,'BR002','Gulshan Corporate Branch',NULL,NULL,NULL,'2026-04-25 00:02:08.732544',NULL,'gulshan@sbms.com',2,NULL,'1212','ACTIVE',NULL,'Gulshan Avenue','Gulshan 1','Gulshan','CORPORATE',1,NULL,NULL,NULL,NULL,1,1,_binary '\0','+8801711000002','2024-01-05','0222334456','100100002','SBMSBDDH002',2,NULL),(3,NULL,NULL,'BR003','Dhanmondi Branch',NULL,NULL,NULL,'2026-04-25 00:02:18.590544',NULL,'dhanmondi@sbms.com',3,NULL,'1209','ACTIVE',NULL,'Road 27, Dhanmondi','Dhaka','Dhanmondi','URBAN',1,NULL,NULL,NULL,NULL,1,1,_binary '\0','+8801711000003','2024-01-10','0222334457','100100003','SBMSBDDH003',3,NULL),(4,NULL,NULL,'BR004','Uttara Branch',NULL,NULL,NULL,'2026-04-25 00:02:36.001251',NULL,'uttara@sbms.com',4,NULL,'1230','ACTIVE',NULL,'Sector 7, Uttara','Dhaka','Uttara','URBAN',1,NULL,NULL,NULL,NULL,1,1,_binary '\0','+8801711000004','2024-01-15','0222334458','100100004','SBMSBDDH004',4,NULL),(5,NULL,NULL,'BR005','Mirpur Branch',NULL,NULL,NULL,'2026-04-25 00:02:47.055056',NULL,'mirpur@sbms.com',5,NULL,'1216','ACTIVE',NULL,'Mirpur 10','Dhaka','Mirpur','URBAN',1,NULL,NULL,NULL,NULL,1,1,_binary '\0','+8801711000005','2024-02-01','0222334459','100100005','SBMSBDDH005',5,NULL),(6,NULL,NULL,'BR006','Chattogram Agrabad Branch',NULL,NULL,NULL,'2026-04-25 00:02:56.435816',NULL,'agrabad@sbms.com',6,NULL,'4100','ACTIVE',NULL,'Agrabad Commercial Area','Chattogram','Agrabad','MAIN',1,NULL,NULL,NULL,NULL,2,2,_binary '\0','+8801711000006','2024-02-05','0312233445','200100001','SBMSBDCG001',6,NULL),(7,NULL,NULL,'BR007','Chattogram EPZ Branch',NULL,NULL,NULL,'2026-04-25 00:03:07.048075',NULL,'cepz@sbms.com',7,NULL,'4223','ACTIVE',NULL,'EPZ Road','Chattogram','CEPZ','INDUSTRIAL',1,NULL,NULL,NULL,NULL,2,2,_binary '\0','+8801711000007','2024-02-10','0312233446','200100002','SBMSBDCG002',7,NULL),(8,NULL,NULL,'BR008','Sylhet Zindabazar Branch',NULL,NULL,NULL,'2026-04-25 00:03:20.311683',NULL,'zindabazar@sbms.com',8,NULL,'3100','ACTIVE',NULL,'Zindabazar','Sylhet','Zindabazar','URBAN',1,NULL,NULL,NULL,NULL,3,3,_binary '\0','+8801711000008','2024-02-15','0821223344','300100001','SBMSBDSY001',8,NULL),(9,NULL,NULL,'BR009','Rajshahi Branch',NULL,NULL,NULL,'2026-04-25 00:03:30.144999',NULL,'rajshahi@sbms.com',9,NULL,'6000','INACTIVE',NULL,'Shaheb Bazar','Rajshahi','Rajshahi','URBAN',1,NULL,'Archived from UI','2026-04-30 16:03:38.353756',NULL,4,4,_binary '\0','+8801711000009','2024-03-01','0721223344','400100001','SBMSBDRJ001',9,NULL),(10,NULL,NULL,'BR010','Khulna Branch',NULL,NULL,NULL,'2026-04-25 00:03:39.853467',NULL,'khulna@sbms.com',10,NULL,'9000','ACTIVE',NULL,'KDA Avenue','Khulna','Khulna','URBAN',1,NULL,NULL,NULL,NULL,5,5,_binary '\0','+8801711000010','2024-03-05','0412233445','500100001','SBMSBDKL001',10,NULL),(11,NULL,NULL,'BR011','Barishal Branch',NULL,NULL,NULL,'2026-04-25 00:03:49.539931',NULL,'barishal@sbms.com',11,NULL,'8200','ACTIVE',NULL,'Sadar Road','Barishal','Barishal','URBAN',1,NULL,NULL,NULL,NULL,6,6,_binary '\0','+8801711000011','2024-03-10','0431223344','600100001','SBMSBDBR001',11,NULL),(12,NULL,NULL,'BR012','Rangpur Branch',NULL,NULL,NULL,'2026-04-25 00:03:59.254359',NULL,'rangpur@sbms.com',12,NULL,'5400','ACTIVE',NULL,'Station Road','Rangpur','Rangpur','URBAN',1,NULL,NULL,NULL,NULL,7,7,_binary '\0','+8801711000012','2024-03-15','0521223344','700100001','SBMSBDRP001',12,NULL),(13,NULL,NULL,'BR013','Mymensingh Branch',NULL,NULL,NULL,'2026-04-25 00:04:17.351274',NULL,'mymensingh@sbms.com',13,NULL,'2200','ACTIVE',NULL,'Ganginarpar','Mymensingh','Mymensingh','URBAN',1,NULL,NULL,NULL,NULL,8,8,_binary '\0','+8801711000013','2024-03-20','0912233445','800100001','SBMSBDMY001',13,NULL),(14,NULL,NULL,'BR014','Narayanganj Branch',NULL,NULL,NULL,'2026-04-25 00:04:26.023954',NULL,'narayanganj@sbms.com',14,NULL,'1400','ACTIVE',NULL,'Chashara','Narayanganj','Narayanganj','URBAN',1,NULL,NULL,NULL,NULL,9,1,_binary '\0','+8801711000014','2024-04-01','0671223344','100100006','SBMSBDDH006',14,NULL),(15,NULL,NULL,'BR015','Gazipur Branch',NULL,NULL,NULL,'2026-04-25 00:04:34.988545',NULL,'gazipur@sbms.com',15,NULL,'1700','ACTIVE',NULL,'Joydebpur','Gazipur','Gazipur','INDUSTRIAL',1,NULL,NULL,NULL,NULL,10,1,_binary '\0','+8801711000015','2024-04-05','0681223344','100100007','SBMSBDDH007',15,NULL),(16,NULL,NULL,'BR016','Cumilla Branch',NULL,NULL,NULL,'2026-04-25 00:04:57.569539',NULL,'cumilla@sbms.com',16,NULL,'3500','ACTIVE',NULL,'Kandirpar','Cumilla','Cumilla','URBAN',1,NULL,NULL,NULL,NULL,11,2,_binary '\0','+8801711000016','2024-04-10','0812233445','200100003','SBMSBDCG003',16,NULL),(17,NULL,NULL,'BR017','Coxs Bazar Branch',NULL,NULL,NULL,'2026-04-25 00:05:11.680445',NULL,'coxs.bazar@sbms.com',17,NULL,'4700','ACTIVE',NULL,'Main Road','Coxs Bazar','Coxs Bazar','URBAN',1,NULL,NULL,NULL,NULL,12,2,_binary '\0','+8801711000017','2024-04-15','0341223344','200100004','SBMSBDCG004',17,NULL),(18,NULL,NULL,'BR018','Bogura Branch',NULL,NULL,NULL,'2026-04-25 00:05:20.480034',NULL,'bogura@sbms.com',18,NULL,'5800','ACTIVE',NULL,'Satmatha','Bogura','Bogura','URBAN',1,NULL,NULL,NULL,NULL,13,4,_binary '\0','+8801711000018','2024-05-01','0512233445','400100002','SBMSBDRJ002',18,NULL),(19,NULL,NULL,'BR019','Jashore Branch',NULL,NULL,NULL,'2026-04-25 00:05:29.985809',NULL,'jashore@sbms.com',19,NULL,'7400','ACTIVE',NULL,'RN Road','Jashore','Jashore','URBAN',1,NULL,NULL,NULL,NULL,14,5,_binary '\0','+8801711000019','2024-05-05','0421223344','500100002','SBMSBDKL002',19,NULL),(20,NULL,NULL,'BR020','Faridpur Branch',NULL,NULL,NULL,'2026-04-25 00:05:39.581994',NULL,'faridpur@sbms.com',20,NULL,'7800','ACTIVE',NULL,'Goalchamot','Faridpur','Faridpur','URBAN',1,NULL,NULL,NULL,NULL,15,1,_binary '\0','+8801711000020','2024-05-10','0631223344','100100008','SBMSBDDH008',20,NULL);
/*!40000 ALTER TABLE `branch` ENABLE KEYS */;
UNLOCK TABLES;

--
-- Table structure for table `branch_cash_ledger`
--

DROP TABLE IF EXISTS `branch_cash_ledger`;
/*!40101 SET @saved_cs_client     = @@character_set_client */;
/*!50503 SET character_set_client = utf8mb4 */;
CREATE TABLE `branch_cash_ledger` (
  `id` bigint NOT NULL AUTO_INCREMENT,
  `balance_after` decimal(18,2) NOT NULL,
  `branch_id` bigint NOT NULL,
  `created_at` datetime(6) DEFAULT NULL,
  `created_by` bigint DEFAULT NULL,
  `credit_amount` decimal(18,2) NOT NULL,
  `debit_amount` decimal(18,2) NOT NULL,
  `entry_type` varchar(30) NOT NULL,
  `ledger_date` date NOT NULL,
  `reference_no` varchar(100) DEFAULT NULL,
  `remarks` varchar(500) DEFAULT NULL,
  `source_type` varchar(50) NOT NULL,
  PRIMARY KEY (`id`)
) ENGINE=InnoDB AUTO_INCREMENT=16 DEFAULT CHARSET=utf8mb4 COLLATE=utf8mb4_0900_ai_ci;
/*!40101 SET character_set_client = @saved_cs_client */;

--
-- Dumping data for table `branch_cash_ledger`
--

LOCK TABLES `branch_cash_ledger` WRITE;
/*!40000 ALTER TABLE `branch_cash_ledger` DISABLE KEYS */;
INSERT INTO `branch_cash_ledger` VALUES (1,250000.00,1,'2026-05-08 15:04:47.000000',3,250000.00,0.00,'CREDIT','2026-05-08','M4-LEDGER-001','Opening vault cash loaded for Dhaka Main Branch','VAULT_OPENING'),(2,905000.00,2,'2026-05-08 15:04:47.000000',3,0.00,95000.00,'DEBIT','2026-05-08','M4-LEDGER-002','Bulk withdrawal settled at cash counter','CASH_WITHDRAW'),(3,1180000.00,3,'2026-05-08 15:04:47.000000',3,180000.00,0.00,'CREDIT','2026-05-08','M4-LEDGER-003','High-value deposit posted before noon','CASH_DEPOSIT'),(4,760000.00,4,'2026-05-08 15:04:47.000000',3,0.00,140000.00,'DEBIT','2026-05-08','M4-LEDGER-004','Inter-branch cash dispatch memo prepared for Uttara Branch','INTER_BRANCH_TRANSFER'),(5,1245000.00,5,'2026-05-08 15:04:47.000000',3,145000.00,0.00,'CREDIT','2026-05-08','M4-LEDGER-005','Mirpur Branch received approved transfer from Dhaka Main','INTER_BRANCH_RECEIPT'),(6,670000.00,6,'2026-05-08 15:04:47.000000',3,0.00,65000.00,'DEBIT','2026-05-08','M4-LEDGER-006','Teller settlement remitted to vault before close','TELLER_SETTLEMENT'),(7,788000.00,7,'2026-05-08 15:04:47.000000',3,88000.00,0.00,'CREDIT','2026-05-08','M4-LEDGER-007','Recovered ATM surplus brought into branch vault','ATM_SURPLUS'),(8,727000.00,8,'2026-05-08 15:04:47.000000',3,0.00,73000.00,'DEBIT','2026-05-08','M4-LEDGER-008','Large retail withdrawal served at branch cash desk','CASH_WITHDRAW'),(9,899000.00,9,'2026-05-08 15:04:47.000000',3,99000.00,0.00,'CREDIT','2026-05-08','M4-LEDGER-009','Rajshahi Branch corporate deposit added to ledger','CASH_DEPOSIT'),(10,438000.00,10,'2026-05-08 15:04:47.000000',3,0.00,12000.00,'DEBIT','2026-05-08','M4-LEDGER-010','Petty cash issued for branch service operations','PETTY_CASH'),(11,1035000.00,11,'2026-05-08 15:04:47.000000',3,135000.00,0.00,'CREDIT','2026-05-08','M4-LEDGER-011','Barishal Branch same-day merchant deposit posted','CASH_DEPOSIT'),(12,3685000.00,12,'2026-05-08 15:04:47.000000',3,0.00,45000.00,'DEBIT','2026-05-08','M4-LEDGER-012','Vault adjustment after day-end reconciliation','VAULT_CLOSE'),(13,3205000.00,13,'2026-05-08 15:04:47.000000',3,125000.00,0.00,'CREDIT','2026-05-08','M4-LEDGER-013','Received cash from Narayanganj for corporate salary load','INTER_BRANCH_RECEIPT'),(14,2575000.00,14,'2026-05-08 15:04:47.000000',3,0.00,110000.00,'DEBIT','2026-05-08','M4-LEDGER-014','Narayanganj cash dispatch awaiting approval trail archive','INTER_BRANCH_TRANSFER'),(15,4450000.00,15,'2026-05-08 15:04:47.000000',3,160000.00,0.00,'CREDIT','2026-05-08','M4-LEDGER-015','Gazipur Branch final vault balancing surplus posted','VAULT_CLOSE');
/*!40000 ALTER TABLE `branch_cash_ledger` ENABLE KEYS */;
UNLOCK TABLES;

--
-- Table structure for table `branch_staff_assignment`
--

DROP TABLE IF EXISTS `branch_staff_assignment`;
/*!40101 SET @saved_cs_client     = @@character_set_client */;
/*!50503 SET character_set_client = utf8mb4 */;
CREATE TABLE `branch_staff_assignment` (
  `id` bigint NOT NULL AUTO_INCREMENT,
  `assigned_at` datetime(6) NOT NULL,
  `assigned_by` bigint DEFAULT NULL,
  `branch_id` bigint NOT NULL,
  `created_at` datetime(6) NOT NULL,
  `is_active` bit(1) NOT NULL,
  `removed_at` datetime(6) DEFAULT NULL,
  `user_id` bigint NOT NULL,
  PRIMARY KEY (`id`),
  UNIQUE KEY `uk_branch_staff_assignment_branch_user_active` (`branch_id`,`user_id`,`is_active`)
) ENGINE=InnoDB AUTO_INCREMENT=2 DEFAULT CHARSET=utf8mb4 COLLATE=utf8mb4_0900_ai_ci;
/*!40101 SET character_set_client = @saved_cs_client */;

--
-- Dumping data for table `branch_staff_assignment`
--

LOCK TABLES `branch_staff_assignment` WRITE;
/*!40000 ALTER TABLE `branch_staff_assignment` DISABLE KEYS */;
INSERT INTO `branch_staff_assignment` VALUES (1,'2026-04-18 08:45:20.228956',1,1,'2026-04-18 08:45:20.230960',_binary '',NULL,10);
/*!40000 ALTER TABLE `branch_staff_assignment` ENABLE KEYS */;
UNLOCK TABLES;

--
-- Table structure for table `branch_statement_request`
--

DROP TABLE IF EXISTS `branch_statement_request`;
/*!40101 SET @saved_cs_client     = @@character_set_client */;
/*!50503 SET character_set_client = utf8mb4 */;
CREATE TABLE `branch_statement_request` (
  `id` bigint NOT NULL AUTO_INCREMENT,
  `date_from` date NOT NULL,
  `date_to` date NOT NULL,
  `generated_at` datetime(6) DEFAULT NULL,
  `request_no` varchar(40) NOT NULL,
  `request_status` enum('DOWNLOADED','FAILED','GENERATED','REQUESTED') NOT NULL,
  `requested_at` datetime(6) NOT NULL,
  `requested_by` varchar(120) NOT NULL,
  `status` enum('ACTIVE','ARCHIVED','PENDING') NOT NULL,
  `branch_id` bigint NOT NULL,
  `generated_file_id` bigint DEFAULT NULL,
  PRIMARY KEY (`id`),
  UNIQUE KEY `uk_branch_statement_request_no` (`request_no`),
  KEY `FKmay679krb081yirddn2fvqyj0` (`branch_id`),
  KEY `FKlb35bp7wmwj6n5fd8l89dbyci` (`generated_file_id`),
  CONSTRAINT `FKlb35bp7wmwj6n5fd8l89dbyci` FOREIGN KEY (`generated_file_id`) REFERENCES `file_reference` (`id`),
  CONSTRAINT `FKmay679krb081yirddn2fvqyj0` FOREIGN KEY (`branch_id`) REFERENCES `branch` (`id`)
) ENGINE=InnoDB AUTO_INCREMENT=17 DEFAULT CHARSET=utf8mb4 COLLATE=utf8mb4_0900_ai_ci;
/*!40101 SET character_set_client = @saved_cs_client */;

--
-- Dumping data for table `branch_statement_request`
--

LOCK TABLES `branch_statement_request` WRITE;
/*!40000 ALTER TABLE `branch_statement_request` DISABLE KEYS */;
INSERT INTO `branch_statement_request` VALUES (1,'2026-01-01','2026-01-19','2026-05-01 23:13:51.824475','BSR-00001','GENERATED','2026-05-01 23:13:51.673476','SYSTEM','ACTIVE',1,16),(2,'2026-01-04','2026-01-22','2026-05-01 23:13:51.893477','BSR-00002','GENERATED','2026-05-01 23:13:51.871477','SYSTEM','ACTIVE',2,17),(3,'2026-01-07','2026-01-25','2026-05-01 23:13:51.960478','BSR-00003','GENERATED','2026-05-01 23:13:51.937483','SYSTEM','ACTIVE',3,18),(4,'2026-01-10','2026-01-28','2026-05-01 23:13:52.029478','BSR-00004','GENERATED','2026-05-01 23:13:52.004482','SYSTEM','ACTIVE',4,19),(5,'2026-01-13','2026-01-31','2026-05-01 23:13:52.092476','BSR-00005','GENERATED','2026-05-01 23:13:52.071480','SYSTEM','ACTIVE',5,20),(6,'2026-01-16','2026-02-03','2026-05-01 23:13:52.162478','BSR-00006','GENERATED','2026-05-01 23:13:52.138474','SYSTEM','ACTIVE',6,21),(7,'2026-01-19','2026-02-06','2026-05-01 23:13:52.236475','BSR-00007','GENERATED','2026-05-01 23:13:52.210476','SYSTEM','ACTIVE',7,22),(8,'2026-01-22','2026-02-09','2026-05-01 23:13:52.304476','BSR-00008','GENERATED','2026-05-01 23:13:52.280475','SYSTEM','ACTIVE',8,23),(9,'2026-01-25','2026-02-12','2026-05-01 23:13:52.370483','BSR-00009','GENERATED','2026-05-01 23:13:52.350480','SYSTEM','ACTIVE',9,24),(10,'2026-01-28','2026-02-15','2026-05-01 23:13:52.431487','BSR-00010','GENERATED','2026-05-01 23:13:52.410478','SYSTEM','ACTIVE',10,25),(11,'2026-01-31','2026-02-18','2026-05-01 23:13:52.490480','BSR-00011','DOWNLOADED','2026-05-01 23:13:52.470472','SYSTEM','ACTIVE',11,26),(12,'2026-02-03','2026-02-21','2026-05-01 23:13:52.552479','BSR-00012','DOWNLOADED','2026-05-01 23:13:52.532480','SYSTEM','ACTIVE',12,27),(13,'2026-02-06','2026-02-24','2026-05-01 23:13:52.614478','BSR-00013','DOWNLOADED','2026-05-01 23:13:52.594478','SYSTEM','ACTIVE',13,28),(14,'2026-02-09','2026-02-27','2026-05-01 23:13:52.692475','BSR-00014','DOWNLOADED','2026-05-01 23:13:52.666483','SYSTEM','ACTIVE',14,29),(15,'2026-02-12','2026-03-02','2026-05-01 23:13:52.769475','BSR-00015','DOWNLOADED','2026-05-01 23:13:52.750483','SYSTEM','ACTIVE',15,30),(16,'2026-05-01','2026-05-05','2026-05-05 08:59:10.742653','BSR-00016','DOWNLOADED','2026-05-05 08:59:10.315655','SYSTEM','ACTIVE',20,67);
/*!40000 ALTER TABLE `branch_statement_request` ENABLE KEYS */;
UNLOCK TABLES;

--
-- Table structure for table `branch_transfer`
--

DROP TABLE IF EXISTS `branch_transfer`;
/*!40101 SET @saved_cs_client     = @@character_set_client */;
/*!50503 SET character_set_client = utf8mb4 */;
CREATE TABLE `branch_transfer` (
  `id` bigint NOT NULL AUTO_INCREMENT,
  `amount` decimal(18,2) NOT NULL,
  `approved_at` datetime(6) DEFAULT NULL,
  `approved_by` bigint DEFAULT NULL,
  `created_at` datetime(6) NOT NULL,
  `from_branch_id` bigint NOT NULL,
  `remarks` varchar(255) DEFAULT NULL,
  `requested_by` bigint DEFAULT NULL,
  `status` enum('APPROVED','PENDING','REJECTED') NOT NULL,
  `to_branch_id` bigint NOT NULL,
  `transfer_date` date NOT NULL,
  PRIMARY KEY (`id`)
) ENGINE=InnoDB DEFAULT CHARSET=utf8mb4 COLLATE=utf8mb4_0900_ai_ci;
/*!40101 SET character_set_client = @saved_cs_client */;

--
-- Dumping data for table `branch_transfer`
--

LOCK TABLES `branch_transfer` WRITE;
/*!40000 ALTER TABLE `branch_transfer` DISABLE KEYS */;
/*!40000 ALTER TABLE `branch_transfer` ENABLE KEYS */;
UNLOCK TABLES;

--
-- Table structure for table `branch_user_assignment`
--

DROP TABLE IF EXISTS `branch_user_assignment`;
/*!40101 SET @saved_cs_client     = @@character_set_client */;
/*!50503 SET character_set_client = utf8mb4 */;
CREATE TABLE `branch_user_assignment` (
  `id` bigint NOT NULL AUTO_INCREMENT,
  `assignment_role` varchar(50) NOT NULL,
  `branch_id` bigint NOT NULL,
  `created_at` datetime(6) DEFAULT NULL,
  `from_date` date NOT NULL,
  `is_primary` bit(1) DEFAULT NULL,
  `status` varchar(30) DEFAULT NULL,
  `to_date` date DEFAULT NULL,
  `updated_at` datetime(6) DEFAULT NULL,
  `user_id` bigint NOT NULL,
  PRIMARY KEY (`id`)
) ENGINE=InnoDB AUTO_INCREMENT=21 DEFAULT CHARSET=utf8mb4 COLLATE=utf8mb4_0900_ai_ci;
/*!40101 SET character_set_client = @saved_cs_client */;

--
-- Dumping data for table `branch_user_assignment`
--

LOCK TABLES `branch_user_assignment` WRITE;
/*!40000 ALTER TABLE `branch_user_assignment` DISABLE KEYS */;
INSERT INTO `branch_user_assignment` VALUES (1,'BRANCH_MANAGER',1,'2026-04-25 02:12:05.034152','2026-04-25',_binary '','ACTIVE',NULL,NULL,1),(2,'BRANCH_MANAGER',2,'2026-04-25 02:12:56.045084','2026-01-05',_binary '','ACTIVE',NULL,NULL,102),(3,'BRANCH_MANAGER',3,'2026-04-25 02:13:06.459367','2026-01-10',_binary '','ACTIVE',NULL,NULL,103),(4,'BRANCH_MANAGER',4,'2026-04-25 02:13:20.943342','2026-01-12',_binary '','ACTIVE',NULL,NULL,104),(5,'BRANCH_MANAGER',5,'2026-04-25 02:13:33.817621','2026-01-15',_binary '','ACTIVE',NULL,NULL,105),(6,'TELLER',1,'2026-04-25 02:13:47.933080','2026-02-01',_binary '','ACTIVE',NULL,NULL,201),(7,'TELLER',1,'2026-04-25 02:13:56.410431','2026-02-03',_binary '\0','ACTIVE',NULL,NULL,202),(8,'TELLER',2,'2026-04-25 02:14:06.443782','2026-02-05',_binary '','ACTIVE',NULL,NULL,203),(9,'TELLER',3,'2026-04-25 02:14:39.124330','2026-02-07',_binary '','ACTIVE',NULL,NULL,204),(10,'TELLER',4,'2026-04-25 02:14:48.188375','2026-02-10',_binary '','ACTIVE',NULL,NULL,205),(11,'OPERATIONS_OFFICER',1,'2026-04-25 02:14:59.080850','2026-03-01',_binary '','ACTIVE',NULL,NULL,301),(12,'OPERATIONS_OFFICER',2,'2026-04-25 02:15:08.863622','2026-03-03',_binary '','ACTIVE',NULL,NULL,302),(13,'OPERATIONS_OFFICER',3,'2026-04-25 02:15:20.580447','2026-03-05',_binary '','ACTIVE',NULL,NULL,303),(14,'OPERATIONS_OFFICER',4,'2026-04-25 02:15:28.664226','2026-03-08',_binary '','ACTIVE',NULL,NULL,304),(15,'OPERATIONS_OFFICER',5,'2026-04-25 02:15:38.109587','2026-03-10',_binary '','ACTIVE',NULL,NULL,305),(16,'CASH_OFFICER',1,'2026-04-25 02:15:52.187828','2026-04-01',_binary '\0','INACTIVE','2026-06-01',NULL,401),(17,'CASH_OFFICER',2,'2026-04-25 02:16:01.152309','2026-04-05',_binary '','ACTIVE',NULL,NULL,402),(18,'AUDITOR',3,'2026-04-25 02:16:10.973287','2026-04-07',_binary '\0','ACTIVE',NULL,NULL,403),(19,'AUDITOR',4,'2026-04-25 02:16:25.173544','2026-04-09',_binary '\0','INACTIVE',NULL,NULL,404),(20,'SUPERVISOR',5,'2026-04-25 02:16:36.891668','2026-04-12',_binary '','ACTIVE',NULL,NULL,405);
/*!40000 ALTER TABLE `branch_user_assignment` ENABLE KEYS */;
UNLOCK TABLES;

--
-- Table structure for table `branches`
--

DROP TABLE IF EXISTS `branches`;
/*!40101 SET @saved_cs_client     = @@character_set_client */;
/*!50503 SET character_set_client = utf8mb4 */;
CREATE TABLE `branches` (
  `id` bigint NOT NULL AUTO_INCREMENT,
  `address_line_1` varchar(200) DEFAULT NULL,
  `address_line_2` varchar(200) DEFAULT NULL,
  `branch_code` varchar(50) NOT NULL,
  `branch_name` varchar(150) NOT NULL,
  `city` varchar(100) DEFAULT NULL,
  `contact_number` varchar(30) DEFAULT NULL,
  `country` varchar(80) DEFAULT NULL,
  `created_at` datetime(6) NOT NULL,
  `district` varchar(100) DEFAULT NULL,
  `email` varchar(150) DEFAULT NULL,
  `manager_user_id` bigint DEFAULT NULL,
  `opening_date` date DEFAULT NULL,
  `postal_code` varchar(20) DEFAULT NULL,
  `status` enum('ACTIVE','INACTIVE') NOT NULL,
  `updated_at` datetime(6) NOT NULL,
  PRIMARY KEY (`id`),
  UNIQUE KEY `uk_branches_branch_code` (`branch_code`)
) ENGINE=InnoDB AUTO_INCREMENT=6 DEFAULT CHARSET=utf8mb4 COLLATE=utf8mb4_0900_ai_ci;
/*!40101 SET character_set_client = @saved_cs_client */;

--
-- Dumping data for table `branches`
--

LOCK TABLES `branches` WRITE;
/*!40000 ALTER TABLE `branches` DISABLE KEYS */;
INSERT INTO `branches` VALUES (1,NULL,NULL,'DHAKA01','Dhaka Main Branch','Dhaka','01575634380',NULL,'2026-04-13 04:25:56.174303','Dhaka','masud.jee68@gmail.com',NULL,NULL,NULL,'INACTIVE','2026-04-13 04:45:45.143729'),(2,NULL,NULL,'DHAKA02','Mirpur-2 Branch','Dhaka','01575634380',NULL,'2026-04-13 04:45:32.149358','Dhaka','masudrana.mwp@gmail.com',NULL,NULL,NULL,'ACTIVE','2026-04-13 04:45:32.149358'),(3,NULL,NULL,'CTM01','Chattogram Main Branch','Chattogram','01795479789',NULL,'2026-04-13 14:08:00.762278','Chattogram','mdwoalinur@gmail.com',NULL,NULL,NULL,'ACTIVE','2026-04-13 14:08:00.762278'),(4,NULL,NULL,'KHU01','Khulna Main Branch','Khulna ','019266647971',NULL,'2026-04-13 14:15:19.859069','Khulna','akib@gmail.com',NULL,NULL,NULL,'ACTIVE','2026-04-13 14:15:19.859069'),(5,'Motijheel','Head Office Area','DHK001','Dhaka Main Branch','Dhaka','01700000000','Bangladesh','2026-04-18 08:12:37.992517','Dhaka','dhk001@sbms.com',1,'2026-04-18','1000','ACTIVE','2026-04-18 08:12:37.992517');
/*!40000 ALTER TABLE `branches` ENABLE KEYS */;
UNLOCK TABLES;

--
-- Table structure for table `card`
--

DROP TABLE IF EXISTS `card`;
/*!40101 SET @saved_cs_client     = @@character_set_client */;
/*!50503 SET character_set_client = utf8mb4 */;
CREATE TABLE `card` (
  `id` bigint NOT NULL AUTO_INCREMENT,
  `block_reason` varchar(500) DEFAULT NULL,
  `card_ref_no` varchar(40) NOT NULL,
  `card_status` enum('ACTIVE','BLOCKED','EXPIRED','PENDING_ACTIVATION','RENEWED','REPLACED') NOT NULL,
  `card_type` enum('ATM_CARD','DEBIT_CARD','PREPAID_CARD','VIRTUAL_CARD') NOT NULL,
  `created_at` datetime(6) NOT NULL,
  `expiry_date` date NOT NULL,
  `issue_date` date NOT NULL,
  `masked_card_no` varchar(30) NOT NULL,
  `status` enum('ACTIVE','ARCHIVED','PENDING') NOT NULL,
  `updated_at` datetime(6) NOT NULL,
  `account_id` bigint NOT NULL,
  `customer_id` bigint NOT NULL,
  PRIMARY KEY (`id`),
  UNIQUE KEY `uk_card_ref_no` (`card_ref_no`),
  UNIQUE KEY `uk_card_masked_no` (`masked_card_no`),
  KEY `FK8v67eys6tqflsm6hrdgru2phu` (`account_id`),
  KEY `FKep9gakg0tgnl37wylb6qg9dnt` (`customer_id`),
  CONSTRAINT `FK8v67eys6tqflsm6hrdgru2phu` FOREIGN KEY (`account_id`) REFERENCES `account` (`id`),
  CONSTRAINT `FKep9gakg0tgnl37wylb6qg9dnt` FOREIGN KEY (`customer_id`) REFERENCES `customer` (`id`)
) ENGINE=InnoDB AUTO_INCREMENT=16 DEFAULT CHARSET=utf8mb4 COLLATE=utf8mb4_0900_ai_ci;
/*!40101 SET character_set_client = @saved_cs_client */;

--
-- Dumping data for table `card`
--

LOCK TABLES `card` WRITE;
/*!40000 ALTER TABLE `card` DISABLE KEYS */;
INSERT INTO `card` VALUES (1,NULL,'CRD-90001','ACTIVE','DEBIT_CARD','2026-05-01 19:05:42.000000','2031-01-05','2026-01-05','4000-****-9001-0001','ACTIVE','2026-05-01 19:05:42.000000',1,1),(2,NULL,'CRD-90002','PENDING_ACTIVATION','ATM_CARD','2026-05-01 19:05:42.000000','2031-01-18','2026-01-18','4000-****-9002-0001','ACTIVE','2026-05-01 19:05:42.000000',1,1),(3,'ATM cash-out mismatch','CRD-90003','BLOCKED','DEBIT_CARD','2026-05-01 19:05:42.000000','2031-02-02','2026-02-02','4000-****-9003-0007','ACTIVE','2026-05-01 19:05:42.000000',7,7),(4,NULL,'CRD-90004','ACTIVE','PREPAID_CARD','2026-05-01 19:05:42.000000','2031-02-14','2026-02-14','4000-****-9004-0007','ACTIVE','2026-05-01 19:05:42.000000',7,7),(5,NULL,'CRD-90005','ACTIVE','VIRTUAL_CARD','2026-05-01 19:05:42.000000','2031-02-26','2026-02-26','4000-****-9005-0001','ACTIVE','2026-05-01 19:05:42.000000',1,1),(6,NULL,'CRD-90006','PENDING_ACTIVATION','ATM_CARD','2026-05-01 19:05:42.000000','2031-03-03','2026-03-03','4000-****-9006-0007','ACTIVE','2026-05-01 19:05:42.000000',7,7),(7,NULL,'CRD-90007','ACTIVE','DEBIT_CARD','2026-05-01 19:05:42.000000','2031-03-10','2026-03-10','4000-****-9007-0001','ACTIVE','2026-05-01 19:05:42.000000',1,1),(8,'PIN retry exceeded','CRD-90008','BLOCKED','ATM_CARD','2026-05-01 19:05:42.000000','2031-03-22','2026-03-22','4000-****-9008-0007','ACTIVE','2026-05-01 19:05:42.000000',7,7),(9,NULL,'CRD-90009','ACTIVE','PREPAID_CARD','2026-05-01 19:05:42.000000','2031-04-01','2026-04-01','4000-****-9009-0001','ACTIVE','2026-05-01 19:05:42.000000',1,1),(10,NULL,'CRD-90010','PENDING_ACTIVATION','VIRTUAL_CARD','2026-05-01 19:05:42.000000','2031-04-09','2026-04-09','4000-****-9010-0007','ACTIVE','2026-05-01 19:05:42.000000',7,7),(11,NULL,'CRD-90011','ACTIVE','ATM_CARD','2026-05-01 19:05:42.000000','2031-04-15','2026-04-15','4000-****-9011-0001','ACTIVE','2026-05-01 19:05:42.000000',1,1),(12,NULL,'CRD-90012','PENDING_ACTIVATION','DEBIT_CARD','2026-05-01 19:05:42.000000','2031-04-20','2026-04-20','4000-****-9012-0007','ACTIVE','2026-05-01 19:05:42.000000',7,7),(13,NULL,'CRD-90013','ACTIVE','ATM_CARD','2026-05-01 19:05:42.000000','2026-04-20','2025-04-10','4000-****-9013-0001','ACTIVE','2026-05-01 19:05:42.000000',1,1),(14,'Cardholder request','CRD-90014','BLOCKED','DEBIT_CARD','2026-05-01 19:05:42.000000','2031-04-24','2026-04-24','4000-****-9014-0007','ACTIVE','2026-05-01 19:05:42.000000',7,7),(15,NULL,'CRD-90015','PENDING_ACTIVATION','VIRTUAL_CARD','2026-05-01 19:05:42.000000','2031-04-28','2026-04-28','4000-****-9015-0001','ACTIVE','2026-05-01 19:05:42.000000',1,1);
/*!40000 ALTER TABLE `card` ENABLE KEYS */;
UNLOCK TABLES;

--
-- Table structure for table `card_event_log`
--

DROP TABLE IF EXISTS `card_event_log`;
/*!40101 SET @saved_cs_client     = @@character_set_client */;
/*!50503 SET character_set_client = utf8mb4 */;
CREATE TABLE `card_event_log` (
  `id` bigint NOT NULL AUTO_INCREMENT,
  `created_at` datetime(6) NOT NULL,
  `event_date` datetime(6) NOT NULL,
  `event_type` enum('ACTIVATED','ATM_TRANSACTION','ATM_USAGE_ALERT','BLOCKED','CDM_TRANSACTION','CDM_USAGE_ALERT','ISSUED','RENEWED','REPLACED','UNBLOCKED') NOT NULL,
  `performed_by` varchar(120) DEFAULT NULL,
  `remarks` varchar(500) DEFAULT NULL,
  `status` enum('ACTIVE','ARCHIVED','PENDING') NOT NULL,
  `card_id` bigint NOT NULL,
  PRIMARY KEY (`id`),
  KEY `FKq614d9v2tq3fvbwlfimc5nfi4` (`card_id`),
  CONSTRAINT `FKq614d9v2tq3fvbwlfimc5nfi4` FOREIGN KEY (`card_id`) REFERENCES `card` (`id`)
) ENGINE=InnoDB AUTO_INCREMENT=16 DEFAULT CHARSET=utf8mb4 COLLATE=utf8mb4_0900_ai_ci;
/*!40101 SET character_set_client = @saved_cs_client */;

--
-- Dumping data for table `card_event_log`
--

LOCK TABLES `card_event_log` WRITE;
/*!40000 ALTER TABLE `card_event_log` DISABLE KEYS */;
INSERT INTO `card_event_log` VALUES (1,'2026-05-01 19:05:42.000000','2026-01-05 10:15:00.000000','ACTIVATED','SYSTEM','Card activated after issuance','ACTIVE',1),(2,'2026-05-01 19:05:42.000000','2026-01-18 09:10:00.000000','ISSUED','SYSTEM','Card waiting for activation','ACTIVE',2),(3,'2026-05-01 19:05:42.000000','2026-02-03 16:30:00.000000','BLOCKED','OPS_USER','Blocked due to ATM cash-out mismatch','ACTIVE',3),(4,'2026-05-01 19:05:42.000000','2026-02-15 11:45:00.000000','ATM_TRANSACTION','ATM-001','Cash withdrawal completed','ACTIVE',4),(5,'2026-05-01 19:05:42.000000','2026-02-27 13:05:00.000000','CDM_TRANSACTION','CDM-001','Cash deposit completed','ACTIVE',5),(6,'2026-05-01 19:05:42.000000','2026-03-03 09:20:00.000000','ISSUED','SYSTEM','Issued and queued for customer activation','ACTIVE',6),(7,'2026-05-01 19:05:42.000000','2026-03-11 20:10:00.000000','ATM_USAGE_ALERT','ATM-004','Late-night large withdrawal alert','ACTIVE',7),(8,'2026-05-01 19:05:42.000000','2026-03-23 12:40:00.000000','BLOCKED','OPS_USER','Blocked after PIN retry exceeded threshold','ACTIVE',8),(9,'2026-05-01 19:05:42.000000','2026-04-01 14:55:00.000000','CDM_USAGE_ALERT','CDM-003','Repeated deposit reversal alert','ACTIVE',9),(10,'2026-05-01 19:05:42.000000','2026-04-09 09:00:00.000000','ISSUED','SYSTEM','Virtual card created and pending activation','ACTIVE',10),(11,'2026-05-01 19:05:42.000000','2026-04-15 17:20:00.000000','ATM_TRANSACTION','ATM-002','Cash withdrawal completed','ACTIVE',11),(12,'2026-05-01 19:05:42.000000','2026-04-20 10:30:00.000000','ISSUED','SYSTEM','Issued and pending branch handover','ACTIVE',12),(13,'2026-05-01 19:05:42.000000','2026-04-21 18:15:00.000000','ATM_USAGE_ALERT','ATM-005','Expiry proximity usage alert','ACTIVE',13),(14,'2026-05-01 19:05:42.000000','2026-04-24 15:40:00.000000','BLOCKED','OPS_USER','Blocked upon cardholder request','ACTIVE',14),(15,'2026-05-01 19:05:42.000000','2026-04-28 09:35:00.000000','ISSUED','SYSTEM','Virtual card issued and queued for activation','ACTIVE',15);
/*!40000 ALTER TABLE `card_event_log` ENABLE KEYS */;
UNLOCK TABLES;

--
-- Table structure for table `card_pin_event`
--

DROP TABLE IF EXISTS `card_pin_event`;
/*!40101 SET @saved_cs_client     = @@character_set_client */;
/*!50503 SET character_set_client = utf8mb4 */;
CREATE TABLE `card_pin_event` (
  `id` bigint NOT NULL AUTO_INCREMENT,
  `created_at` datetime(6) NOT NULL,
  `event_date` datetime(6) NOT NULL,
  `event_type` enum('PIN_BLOCKED','PIN_CHANGE','PIN_GENERATED','PIN_RESET','WRONG_PIN') NOT NULL,
  `performed_by` varchar(120) DEFAULT NULL,
  `status` enum('ACTIVE','ARCHIVED','PENDING') NOT NULL,
  `card_id` bigint NOT NULL,
  PRIMARY KEY (`id`),
  KEY `FK19k67tupm79bf05y6ix7aehxa` (`card_id`),
  CONSTRAINT `FK19k67tupm79bf05y6ix7aehxa` FOREIGN KEY (`card_id`) REFERENCES `card` (`id`)
) ENGINE=InnoDB AUTO_INCREMENT=16 DEFAULT CHARSET=utf8mb4 COLLATE=utf8mb4_0900_ai_ci;
/*!40101 SET character_set_client = @saved_cs_client */;

--
-- Dumping data for table `card_pin_event`
--

LOCK TABLES `card_pin_event` WRITE;
/*!40000 ALTER TABLE `card_pin_event` DISABLE KEYS */;
INSERT INTO `card_pin_event` VALUES (1,'2026-05-01 19:05:42.000000','2026-01-05 10:16:00.000000','PIN_GENERATED','SYSTEM','ACTIVE',1),(2,'2026-05-01 19:05:42.000000','2026-01-18 09:15:00.000000','PIN_GENERATED','SYSTEM','ACTIVE',2),(3,'2026-05-01 19:05:42.000000','2026-02-03 16:10:00.000000','WRONG_PIN','ATM-006','ACTIVE',3),(4,'2026-05-01 19:05:42.000000','2026-02-16 10:00:00.000000','PIN_CHANGE','SELF_SERVICE','ACTIVE',4),(5,'2026-05-01 19:05:42.000000','2026-02-27 16:30:00.000000','PIN_RESET','CALL_CENTER','ACTIVE',5),(6,'2026-05-01 19:05:42.000000','2026-03-03 09:22:00.000000','PIN_GENERATED','SYSTEM','ACTIVE',6),(7,'2026-05-01 19:05:42.000000','2026-03-12 08:45:00.000000','PIN_CHANGE','SELF_SERVICE','ACTIVE',7),(8,'2026-05-01 19:05:42.000000','2026-03-23 12:20:00.000000','PIN_BLOCKED','ATM-008','ACTIVE',8),(9,'2026-05-01 19:05:42.000000','2026-04-01 15:15:00.000000','PIN_RESET','CALL_CENTER','ACTIVE',9),(10,'2026-05-01 19:05:42.000000','2026-04-09 09:05:00.000000','PIN_GENERATED','SYSTEM','ACTIVE',10),(11,'2026-05-01 19:05:42.000000','2026-04-15 17:40:00.000000','PIN_CHANGE','SELF_SERVICE','ACTIVE',11),(12,'2026-05-01 19:05:42.000000','2026-04-20 10:35:00.000000','PIN_GENERATED','SYSTEM','ACTIVE',12),(13,'2026-05-01 19:05:42.000000','2026-04-21 18:10:00.000000','WRONG_PIN','ATM-005','ACTIVE',13),(14,'2026-05-01 19:05:42.000000','2026-04-24 16:00:00.000000','PIN_RESET','CALL_CENTER','ACTIVE',14),(15,'2026-05-01 19:05:42.000000','2026-04-28 09:38:00.000000','PIN_GENERATED','SYSTEM','ACTIVE',15);
/*!40000 ALTER TABLE `card_pin_event` ENABLE KEYS */;
UNLOCK TABLES;

--
-- Table structure for table `cash_transaction`
--

DROP TABLE IF EXISTS `cash_transaction`;
/*!40101 SET @saved_cs_client     = @@character_set_client */;
/*!50503 SET character_set_client = utf8mb4 */;
CREATE TABLE `cash_transaction` (
  `id` bigint NOT NULL AUTO_INCREMENT,
  `amount` decimal(18,2) NOT NULL,
  `branch_id` bigint NOT NULL,
  `cash_direction` enum('IN','OUT') NOT NULL,
  `cash_type` enum('CASH','CHEQUE') NOT NULL,
  `created_at` datetime(6) NOT NULL,
  `remarks` varchar(500) DEFAULT NULL,
  `teller_user_id` bigint DEFAULT NULL,
  `transaction_id` bigint NOT NULL,
  PRIMARY KEY (`id`),
  KEY `FKmvt3awd6rbao877hmww5w5pf5` (`transaction_id`),
  CONSTRAINT `FKmvt3awd6rbao877hmww5w5pf5` FOREIGN KEY (`transaction_id`) REFERENCES `transaction_journal` (`id`)
) ENGINE=InnoDB AUTO_INCREMENT=19 DEFAULT CHARSET=utf8mb4 COLLATE=utf8mb4_0900_ai_ci;
/*!40101 SET character_set_client = @saved_cs_client */;

--
-- Dumping data for table `cash_transaction`
--

LOCK TABLES `cash_transaction` WRITE;
/*!40000 ALTER TABLE `cash_transaction` DISABLE KEYS */;
INSERT INTO `cash_transaction` VALUES (1,15000.00,1,'IN','CASH','2026-05-01 09:00:00.000000','Cash received for deposit voucher',101,1),(2,2500.00,2,'OUT','CASH','2026-05-01 09:15:00.000000','Cash handed to customer before reversal',102,2),(3,5000.00,1,'OUT','CASH','2026-05-01 09:30:00.000000','Transfer source cash trail',101,3),(4,8000.00,2,'IN','CHEQUE','2026-05-01 09:45:00.000000','Cheque received for clearing',102,4),(5,3200.00,1,'IN','CASH','2026-05-01 10:00:00.000000','Counter savings deposit',103,5),(6,1400.00,2,'OUT','CASH','2026-05-01 10:15:00.000000','Counter cash payout',104,6),(7,2200.00,1,'OUT','CASH','2026-05-01 10:30:00.000000','Transfer funding note',101,7),(8,18000.00,2,'IN','CHEQUE','2026-05-01 10:45:00.000000','Cheque accepted for business current',102,8),(9,4300.00,1,'IN','CASH','2026-05-01 11:00:00.000000','Women savings deposit note',105,9),(10,1600.00,3,'OUT','CASH','2026-05-01 11:15:00.000000','Senior savings cash payout',106,10),(11,300.00,2,'OUT','CASH','2026-05-01 11:30:00.000000','Transfer debit cash note',103,11),(12,1100.00,3,'IN','CHEQUE','2026-05-01 11:45:00.000000','Cheque pending review',107,12),(13,2500.00,2,'IN','CASH','2026-05-01 12:00:00.000000','Reversal cash recovery',102,13),(14,5000.00,1,'IN','CASH','2026-05-01 12:10:00.000000','Reversal recovery for transfer',101,14),(15,125000.00,2,'IN','CASH','2026-05-01 12:25:00.000000','Large cash deposit received',107,15),(16,500.00,1,'IN','CASH','2026-05-16 01:36:37.887065','Smoke test opening deposit',54,16),(17,500.00,1,'IN','CASH','2026-05-16 08:07:21.719752','Smoke test opening deposit',56,18),(18,500.00,1,'IN','CASH','2026-05-16 08:10:00.847418','Smoke test opening deposit',58,20);
/*!40000 ALTER TABLE `cash_transaction` ENABLE KEYS */;
UNLOCK TABLES;

--
-- Table structure for table `charity_beneficiary`
--

DROP TABLE IF EXISTS `charity_beneficiary`;
/*!40101 SET @saved_cs_client     = @@character_set_client */;
/*!50503 SET character_set_client = utf8mb4 */;
CREATE TABLE `charity_beneficiary` (
  `id` bigint NOT NULL AUTO_INCREMENT,
  `address` varchar(1000) DEFAULT NULL,
  `beneficiary_code` varchar(40) NOT NULL,
  `beneficiary_name` varchar(160) NOT NULL,
  `created_at` datetime(6) NOT NULL,
  `mobile` varchar(40) DEFAULT NULL,
  `status` enum('ACTIVE','ARCHIVED','PENDING') NOT NULL,
  `updated_at` datetime(6) NOT NULL,
  `proof_document_name` varchar(255) DEFAULT NULL,
  PRIMARY KEY (`id`),
  UNIQUE KEY `uk_charity_beneficiary_code` (`beneficiary_code`)
) ENGINE=InnoDB AUTO_INCREMENT=16 DEFAULT CHARSET=utf8mb4 COLLATE=utf8mb4_0900_ai_ci;
/*!40101 SET character_set_client = @saved_cs_client */;

--
-- Dumping data for table `charity_beneficiary`
--

LOCK TABLES `charity_beneficiary` WRITE;
/*!40000 ALTER TABLE `charity_beneficiary` DISABLE KEYS */;
INSERT INTO `charity_beneficiary` VALUES (1,'Badda, Dhaka','BEN-00001','Ayesha Welfare Family','2026-04-02 09:00:00.000000','01711000001','ACTIVE','2026-04-02 09:00:00.000000',NULL),(2,'Mirpur, Dhaka','BEN-00002','Rahman Community Clinic','2026-04-02 09:05:00.000000','01711000002','ACTIVE','2026-04-02 09:05:00.000000',NULL),(3,'Jatrabari, Dhaka','BEN-00003','Noor Shelter Support','2026-04-02 09:10:00.000000','01711000003','ACTIVE','2026-04-02 09:10:00.000000',NULL),(4,'Keraniganj, Dhaka','BEN-00004','Alor Path Student Aid','2026-04-02 09:15:00.000000','01711000004','ACTIVE','2026-04-02 09:15:00.000000',NULL),(5,'Savar, Dhaka','BEN-00005','Mizan Elder Support','2026-04-02 09:20:00.000000','01711000005','ACTIVE','2026-04-02 09:20:00.000000',NULL),(6,'Gazipur Sadar, Gazipur','BEN-00006','Green Village Relief','2026-04-02 09:25:00.000000','01711000006','ACTIVE','2026-04-02 09:25:00.000000',NULL),(7,'Narayanganj','BEN-00007','Safa Medical Outreach','2026-04-02 09:30:00.000000','01711000007','ACTIVE','2026-04-02 09:30:00.000000',NULL),(8,'Uttara, Dhaka','BEN-00008','Iqra Women Support Cell','2026-04-02 09:35:00.000000','01711000008','ACTIVE','2026-04-02 09:35:00.000000',NULL),(9,'Cumilla Town','BEN-00009','Tawhid Rural Care','2026-04-02 09:40:00.000000','01711000009','ACTIVE','2026-04-02 09:40:00.000000',NULL),(10,'Mymensingh','BEN-00010','Baraka Widow Support','2026-04-02 09:45:00.000000','01711000010','ACTIVE','2026-04-02 09:45:00.000000',NULL),(11,'Narsingdi','BEN-00011','Madrasa Meal Program','2026-04-02 09:50:00.000000','01711000011','ACTIVE','2026-04-02 09:50:00.000000',NULL),(12,'Tangail','BEN-00012','Sadaqah Care Trust','2026-04-02 09:55:00.000000','01711000012','ACTIVE','2026-04-02 09:55:00.000000',NULL),(13,'Kishoreganj','BEN-00013','Nobojibon Health Link','2026-04-02 10:00:00.000000','01711000013','ACTIVE','2026-04-02 10:00:00.000000',NULL),(14,'Manikganj','BEN-00014','Ar Rahmah Winter Drive','2026-04-02 10:05:00.000000','01711000014','ARCHIVED','2026-04-10 15:10:00.000000',NULL),(15,'Munshiganj','BEN-00015','Community Skill Uplift','2026-04-02 10:10:00.000000','01711000015','ARCHIVED','2026-04-10 15:15:00.000000',NULL);
/*!40000 ALTER TABLE `charity_beneficiary` ENABLE KEYS */;
UNLOCK TABLES;

--
-- Table structure for table `charity_fund`
--

DROP TABLE IF EXISTS `charity_fund`;
/*!40101 SET @saved_cs_client     = @@character_set_client */;
/*!50503 SET character_set_client = utf8mb4 */;
CREATE TABLE `charity_fund` (
  `id` bigint NOT NULL AUTO_INCREMENT,
  `balance_after` decimal(18,2) NOT NULL,
  `created_at` datetime(6) NOT NULL,
  `credit_amount` decimal(18,2) NOT NULL,
  `debit_amount` decimal(18,2) NOT NULL,
  `fund_date` date NOT NULL,
  `reference_id` bigint DEFAULT NULL,
  `remarks` varchar(1000) DEFAULT NULL,
  `source_type` enum('DONATION','LATE_FEE','PAYOUT','ZAKAT_DEDUCTION') NOT NULL,
  PRIMARY KEY (`id`)
) ENGINE=InnoDB AUTO_INCREMENT=31 DEFAULT CHARSET=utf8mb4 COLLATE=utf8mb4_0900_ai_ci;
/*!40101 SET character_set_client = @saved_cs_client */;

--
-- Dumping data for table `charity_fund`
--

LOCK TABLES `charity_fund` WRITE;
/*!40000 ALTER TABLE `charity_fund` DISABLE KEYS */;
INSERT INTO `charity_fund` VALUES (1,13500.00,'2026-04-10 11:30:00.000000',13500.00,0.00,'2026-04-10',1,'Zakat deduction for CUST001 year 2025','ZAKAT_DEDUCTION'),(2,24750.00,'2026-04-10 11:45:00.000000',11250.00,0.00,'2026-04-10',2,'Zakat deduction for CUST002 year 2025','ZAKAT_DEDUCTION'),(3,41000.00,'2026-04-10 12:30:00.000000',16250.00,0.00,'2026-04-10',5,'Zakat deduction for CUS-000003 year 2025','ZAKAT_DEDUCTION'),(4,50750.00,'2026-04-10 13:00:00.000000',9750.00,0.00,'2026-04-10',7,'Zakat deduction for CUS-000005 year 2025','ZAKAT_DEDUCTION'),(5,65125.00,'2026-04-10 13:30:00.000000',14375.00,0.00,'2026-04-10',9,'Zakat deduction for CUS-000007 year 2025','ZAKAT_DEDUCTION'),(6,77625.00,'2026-04-10 14:00:00.000000',12500.00,0.00,'2026-04-10',11,'Zakat deduction for CUS-000009 year 2025','ZAKAT_DEDUCTION'),(7,88250.00,'2026-04-10 14:30:00.000000',10625.00,0.00,'2026-04-10',13,'Zakat deduction for CUS-000011 year 2025','ZAKAT_DEDUCTION'),(8,103750.00,'2026-04-10 14:45:00.000000',15500.00,0.00,'2026-04-10',14,'Zakat deduction for CUS-000012 year 2026','ZAKAT_DEDUCTION'),(9,112500.00,'2026-04-10 15:00:00.000000',8750.00,0.00,'2026-04-10',15,'Zakat deduction for CUS-000013 year 2025','ZAKAT_DEDUCTION'),(10,132500.00,'2026-04-11 09:00:00.000000',20000.00,0.00,'2026-04-11',NULL,'Voluntary sadaqah donation transferred into charity fund.','DONATION'),(11,147500.00,'2026-04-11 09:15:00.000000',15000.00,0.00,'2026-04-11',NULL,'Board approved community donation credited for payout pool.','DONATION'),(12,150750.00,'2026-04-11 09:30:00.000000',3250.00,0.00,'2026-04-11',101,'Late fee rerouted to charity fund per Shariah policy.','LATE_FEE'),(13,168750.00,'2026-04-11 09:45:00.000000',18000.00,0.00,'2026-04-11',NULL,'Special Ramadan donation credited by head office.','DONATION'),(14,170850.00,'2026-04-11 10:00:00.000000',2100.00,0.00,'2026-04-11',102,'Penalty recovery routed to charity only.','LATE_FEE'),(15,179850.00,'2026-04-11 10:15:00.000000',9000.00,0.00,'2026-04-11',NULL,'Charity top-up received from branch welfare drive.','DONATION'),(16,176350.00,'2026-04-12 10:00:00.000000',0.00,3500.00,'2026-04-12',1,'Charity payout to BEN-00001 - Ayesha Welfare Family','PAYOUT'),(17,172150.00,'2026-04-12 10:15:00.000000',0.00,4200.00,'2026-04-12',2,'Charity payout to BEN-00002 - Rahman Community Clinic','PAYOUT'),(18,167150.00,'2026-04-12 10:30:00.000000',0.00,5000.00,'2026-04-12',3,'Charity payout to BEN-00003 - Noor Shelter Support','PAYOUT'),(19,164400.00,'2026-04-12 10:45:00.000000',0.00,2750.00,'2026-04-12',4,'Charity payout to BEN-00004 - Alor Path Student Aid','PAYOUT'),(20,158000.00,'2026-04-12 11:00:00.000000',0.00,6400.00,'2026-04-12',5,'Charity payout to BEN-00005 - Mizan Elder Support','PAYOUT'),(21,150800.00,'2026-04-12 11:15:00.000000',0.00,7200.00,'2026-04-12',6,'Charity payout to BEN-00006 - Green Village Relief','PAYOUT'),(22,147000.00,'2026-04-12 11:30:00.000000',0.00,3800.00,'2026-04-12',7,'Charity payout to BEN-00007 - Safa Medical Outreach','PAYOUT'),(23,142450.00,'2026-04-12 11:45:00.000000',0.00,4550.00,'2026-04-12',8,'Charity payout to BEN-00008 - Iqra Women Support Cell','PAYOUT'),(24,137350.00,'2026-04-12 12:00:00.000000',0.00,5100.00,'2026-04-12',9,'Charity payout to BEN-00009 - Tawhid Rural Care','PAYOUT'),(25,131150.00,'2026-04-12 12:15:00.000000',0.00,6200.00,'2026-04-12',10,'Charity payout to BEN-00010 - Baraka Widow Support','PAYOUT'),(26,123750.00,'2026-04-12 12:30:00.000000',0.00,7400.00,'2026-04-12',11,'Charity payout to BEN-00011 - Madrasa Meal Program','PAYOUT'),(27,120850.00,'2026-04-12 12:45:00.000000',0.00,2900.00,'2026-04-12',12,'Charity payout to BEN-00012 - Sadaqah Care Trust','PAYOUT'),(28,117500.00,'2026-04-12 13:00:00.000000',0.00,3350.00,'2026-04-12',13,'Charity payout to BEN-00013 - Nobojibon Health Link','PAYOUT'),(29,112700.00,'2026-04-12 13:15:00.000000',0.00,4800.00,'2026-04-12',14,'Charity payout to BEN-00001 - Ayesha Welfare Family','PAYOUT'),(30,107100.00,'2026-04-12 13:30:00.000000',0.00,5600.00,'2026-04-12',15,'Charity payout to BEN-00002 - Rahman Community Clinic','PAYOUT');
/*!40000 ALTER TABLE `charity_fund` ENABLE KEYS */;
UNLOCK TABLES;

--
-- Table structure for table `charity_payout`
--

DROP TABLE IF EXISTS `charity_payout`;
/*!40101 SET @saved_cs_client     = @@character_set_client */;
/*!50503 SET character_set_client = utf8mb4 */;
CREATE TABLE `charity_payout` (
  `id` bigint NOT NULL AUTO_INCREMENT,
  `amount` decimal(18,2) NOT NULL,
  `approved_by` varchar(160) NOT NULL,
  `created_at` datetime(6) NOT NULL,
  `payout_date` date NOT NULL,
  `remarks` varchar(1000) DEFAULT NULL,
  `status` enum('ACTIVE','ARCHIVED','PENDING') NOT NULL,
  `beneficiary_id` bigint NOT NULL,
  PRIMARY KEY (`id`),
  KEY `FK1tngwh8cp8kvu7hsb0bp8w3uo` (`beneficiary_id`),
  CONSTRAINT `FK1tngwh8cp8kvu7hsb0bp8w3uo` FOREIGN KEY (`beneficiary_id`) REFERENCES `charity_beneficiary` (`id`)
) ENGINE=InnoDB AUTO_INCREMENT=16 DEFAULT CHARSET=utf8mb4 COLLATE=utf8mb4_0900_ai_ci;
/*!40101 SET character_set_client = @saved_cs_client */;

--
-- Dumping data for table `charity_payout`
--

LOCK TABLES `charity_payout` WRITE;
/*!40000 ALTER TABLE `charity_payout` DISABLE KEYS */;
INSERT INTO `charity_payout` VALUES (1,3500.00,'Zakat Officer 01','2026-04-12 10:00:00.000000','2026-04-12','Monthly family food assistance disbursed from zakat fund.','ACTIVE',1),(2,4200.00,'Zakat Officer 02','2026-04-12 10:15:00.000000','2026-04-12','Medical support released for clinic treatment inventory.','ACTIVE',2),(3,5000.00,'Zakat Officer 03','2026-04-12 10:30:00.000000','2026-04-12','Emergency housing and shelter payout approved.','ACTIVE',3),(4,2750.00,'Zakat Officer 04','2026-04-12 10:45:00.000000','2026-04-12','Student educational materials distributed to verified list.','ACTIVE',4),(5,6400.00,'Zakat Officer 05','2026-04-12 11:00:00.000000','2026-04-12','Senior citizen support cycle released for medicine coverage.','ACTIVE',5),(6,7200.00,'Zakat Officer 06','2026-04-12 11:15:00.000000','2026-04-12','Village relief pack and cash assistance disbursed.','ACTIVE',6),(7,3800.00,'Zakat Officer 07','2026-04-12 11:30:00.000000','2026-04-12','Rural medical camp logistics funded from charity pool.','ACTIVE',7),(8,4550.00,'Zakat Officer 08','2026-04-12 11:45:00.000000','2026-04-12','Women support allowance approved after branch verification.','ACTIVE',8),(9,5100.00,'Zakat Officer 09','2026-04-12 12:00:00.000000','2026-04-12','Rural hardship payout delivered to field coordinator.','ACTIVE',9),(10,6200.00,'Zakat Officer 10','2026-04-12 12:15:00.000000','2026-04-12','Widow household assistance released for quarter one.','ACTIVE',10),(11,7400.00,'Zakat Officer 11','2026-04-12 12:30:00.000000','2026-04-12','Madrasa meal support funded for one monthly cycle.','ACTIVE',11),(12,2900.00,'Zakat Officer 12','2026-04-12 12:45:00.000000','2026-04-12','Small grant approved for immediate social care need.','ACTIVE',12),(13,3350.00,'Zakat Officer 13','2026-04-12 13:00:00.000000','2026-04-12','Healthcare mobility support released after approval.','ACTIVE',13),(14,4800.00,'Zakat Officer 14','2026-04-12 13:15:00.000000','2026-04-12','Follow-up food and shelter support provided to family case.','ACTIVE',1),(15,5600.00,'Zakat Officer 15','2026-04-12 13:30:00.000000','2026-04-12','Additional treatment support released for clinic beneficiary.','ACTIVE',2);
/*!40000 ALTER TABLE `charity_payout` ENABLE KEYS */;
UNLOCK TABLES;

--
-- Table structure for table `cheque_clearing`
--

DROP TABLE IF EXISTS `cheque_clearing`;
/*!40101 SET @saved_cs_client     = @@character_set_client */;
/*!50503 SET character_set_client = utf8mb4 */;
CREATE TABLE `cheque_clearing` (
  `id` bigint NOT NULL AUTO_INCREMENT,
  `amount` decimal(18,2) NOT NULL,
  `cheque_no` varchar(40) NOT NULL,
  `cheque_status` enum('CLEARED','RECEIVED','RETURNED') NOT NULL,
  `created_at` datetime(6) NOT NULL,
  `credit_account_id` bigint NOT NULL,
  `drawee_bank` varchar(150) NOT NULL,
  `remarks` varchar(500) DEFAULT NULL,
  `transaction_id` bigint NOT NULL,
  PRIMARY KEY (`id`),
  KEY `FKrayv6q2vcwtse9hd90efolb4m` (`transaction_id`),
  CONSTRAINT `FKrayv6q2vcwtse9hd90efolb4m` FOREIGN KEY (`transaction_id`) REFERENCES `transaction_journal` (`id`)
) ENGINE=InnoDB AUTO_INCREMENT=16 DEFAULT CHARSET=utf8mb4 COLLATE=utf8mb4_0900_ai_ci;
/*!40101 SET character_set_client = @saved_cs_client */;

--
-- Dumping data for table `cheque_clearing`
--

LOCK TABLES `cheque_clearing` WRITE;
/*!40000 ALTER TABLE `cheque_clearing` DISABLE KEYS */;
INSERT INTO `cheque_clearing` VALUES (1,15000.00,'CHQ-0001','CLEARED','2026-05-01 09:00:00.000000',1,'Dhaka Main Branch','Sample cheque detail for ref 1',1),(2,2500.00,'CHQ-0002','RETURNED','2026-05-01 09:15:00.000000',2,'Gulshan Corporate Branch','Returned cheque linked with reversed withdrawal',2),(3,5000.00,'CHQ-0003','CLEARED','2026-05-01 09:30:00.000000',4,'Dhanmondi Branch','Transfer-linked cheque trace',3),(4,8000.00,'CHQ-0004','CLEARED','2026-05-01 09:45:00.000000',5,'Uttara Branch','Actual cheque clearing sample',4),(5,3200.00,'CHQ-0005','RECEIVED','2026-05-01 10:00:00.000000',6,'Mirpur Branch','Deposit-linked received cheque',5),(6,1400.00,'CHQ-0006','RETURNED','2026-05-01 10:15:00.000000',7,'Agrabad Branch','Withdrawal linked cheque return',6),(7,2200.00,'CHQ-0007','CLEARED','2026-05-01 10:30:00.000000',9,'CEPZ Branch','Transfer sample cheque',7),(8,18000.00,'CHQ-0008','CLEARED','2026-05-01 10:45:00.000000',10,'Sylhet Branch','Business current cheque clearing',8),(9,4300.00,'CHQ-0009','CLEARED','2026-05-01 11:00:00.000000',11,'Rajshahi Branch','Deposit cheque support',9),(10,1600.00,'CHQ-0010','RETURNED','2026-05-01 11:15:00.000000',12,'Khulna Branch','Withdrawal control sample',10),(11,300.00,'CHQ-0011','CLEARED','2026-05-01 11:30:00.000000',14,'Barishal Branch','Transfer cheque note',11),(12,1100.00,'CHQ-0012','RECEIVED','2026-05-01 11:45:00.000000',15,'Rangpur Branch','Pending review cheque sample',12),(13,2500.00,'CHQ-0013','CLEARED','2026-05-01 12:00:00.000000',2,'Mymensingh Branch','Reversal linked cheque',13),(14,5000.00,'CHQ-0014','CLEARED','2026-05-01 12:10:00.000000',3,'Narayanganj Branch','Transfer reversal cheque trace',14),(15,125000.00,'CHQ-0015','RECEIVED','2026-05-01 12:25:00.000000',5,'Gazipur Branch','Suspicious large cheque deposit',15);
/*!40000 ALTER TABLE `cheque_clearing` ENABLE KEYS */;
UNLOCK TABLES;

--
-- Table structure for table `contact_verification_status`
--

DROP TABLE IF EXISTS `contact_verification_status`;
/*!40101 SET @saved_cs_client     = @@character_set_client */;
/*!50503 SET character_set_client = utf8mb4 */;
CREATE TABLE `contact_verification_status` (
  `id` bigint NOT NULL AUTO_INCREMENT,
  `contact_type` varchar(20) NOT NULL,
  `contact_value` varchar(160) NOT NULL,
  `created_at` datetime(6) NOT NULL,
  `is_primary` bit(1) NOT NULL,
  `is_verified` bit(1) NOT NULL,
  `reference_id` bigint NOT NULL,
  `reference_module` varchar(60) NOT NULL,
  `status` enum('ACTIVE','ARCHIVED','PENDING') NOT NULL,
  `updated_at` datetime(6) NOT NULL,
  `verification_method` varchar(50) DEFAULT NULL,
  `verified_at` datetime(6) DEFAULT NULL,
  `verified_by` varchar(120) DEFAULT NULL,
  `last_verification_request_id` bigint DEFAULT NULL,
  PRIMARY KEY (`id`),
  KEY `FK4b1vwrbwd638yuh1sdi3w4gew` (`last_verification_request_id`),
  CONSTRAINT `FK4b1vwrbwd638yuh1sdi3w4gew` FOREIGN KEY (`last_verification_request_id`) REFERENCES `otp_verification_request` (`id`)
) ENGINE=InnoDB AUTO_INCREMENT=16 DEFAULT CHARSET=utf8mb4 COLLATE=utf8mb4_0900_ai_ci;
/*!40101 SET character_set_client = @saved_cs_client */;

--
-- Dumping data for table `contact_verification_status`
--

LOCK TABLES `contact_verification_status` WRITE;
/*!40000 ALTER TABLE `contact_verification_status` DISABLE KEYS */;
INSERT INTO `contact_verification_status` VALUES (1,'EMAIL','masud.jee68@gmail.com','2026-05-08 15:11:52.000000',_binary '',_binary '',1,'CUSTOMER','ACTIVE','2026-05-08 15:11:52.000000','EMAIL_OTP','2026-04-10 09:02:00.000000','SYSTEM',1),(2,'MOBILE','01723294032','2026-05-08 15:11:52.000000',_binary '',_binary '',2,'CUSTOMER','ACTIVE','2026-05-08 15:11:52.000000','SMS_OTP','2026-04-10 09:11:00.000000','SYSTEM',2),(3,'EMAIL','rahim1@gmail.com','2026-05-08 15:11:52.000000',_binary '',_binary '\0',3,'CUSTOMER','ACTIVE','2026-05-08 15:11:52.000000','EMAIL_OTP',NULL,NULL,3),(4,'MOBILE','01710000002','2026-05-08 15:11:52.000000',_binary '',_binary '\0',4,'CUSTOMER','ACTIVE','2026-05-08 15:11:52.000000','SMS_OTP',NULL,NULL,4),(5,'EMAIL','alamin@gmail.com','2026-05-08 15:11:52.000000',_binary '',_binary '\0',5,'CUSTOMER','ACTIVE','2026-05-08 15:11:52.000000','EMAIL_OTP',NULL,NULL,8),(6,'MOBILE','01710000014','2026-05-08 15:11:52.000000',_binary '',_binary '\0',6,'CUSTOMER','ACTIVE','2026-05-08 15:11:52.000000','SMS_OTP',NULL,NULL,9),(7,'EMAIL','nadia@gmail.com','2026-05-08 15:11:52.000000',_binary '',_binary '',7,'CUSTOMER','ACTIVE','2026-05-08 15:11:52.000000','EMAIL_OTP','2026-04-10 10:31:00.000000','SYSTEM',10),(8,'MOBILE','01710000016','2026-05-08 15:11:52.000000',_binary '',_binary '',8,'CUSTOMER','ACTIVE','2026-05-08 15:11:52.000000','SMS_OTP','2026-04-10 10:41:00.000000','SYSTEM',11),(9,'EMAIL','farhana@gmail.com','2026-05-08 15:11:52.000000',_binary '',_binary '\0',9,'CUSTOMER','ACTIVE','2026-05-08 15:11:52.000000','EMAIL_OTP',NULL,NULL,14),(10,'MOBILE','01710000018','2026-05-08 15:11:52.000000',_binary '',_binary '\0',10,'CUSTOMER','ACTIVE','2026-05-08 15:11:52.000000','SMS_OTP',NULL,NULL,15);
/*!40000 ALTER TABLE `contact_verification_status` ENABLE KEYS */;
UNLOCK TABLES;

--
-- Table structure for table `contract`
--

DROP TABLE IF EXISTS `contract`;
/*!40101 SET @saved_cs_client     = @@character_set_client */;
/*!50503 SET character_set_client = utf8mb4 */;
CREATE TABLE `contract` (
  `id` bigint NOT NULL AUTO_INCREMENT,
  `contract_no` varchar(40) NOT NULL,
  `contract_status` enum('ACTIVE','DRAFT','LOCKED') NOT NULL,
  `contract_text` longtext NOT NULL,
  `contract_type` enum('ACCOUNT_OPENING','CARD_ISSUE','DEPOSIT_SCHEME','FINANCING','GENERAL') NOT NULL,
  `created_at` datetime(6) NOT NULL,
  `customer_signed_at` datetime(6) DEFAULT NULL,
  `reference_id` bigint NOT NULL,
  `reference_module` varchar(80) NOT NULL,
  `remarks` varchar(1000) DEFAULT NULL,
  `shariah_signed_at` datetime(6) DEFAULT NULL,
  `signed_by_customer` varchar(160) DEFAULT NULL,
  `signed_by_shariah` varchar(160) DEFAULT NULL,
  `signed_date` datetime(6) DEFAULT NULL,
  `status` enum('ACTIVE','ARCHIVED','PENDING') NOT NULL,
  `updated_at` datetime(6) NOT NULL,
  `customer_id` bigint NOT NULL,
  `template_id` bigint NOT NULL,
  `supporting_document_name` varchar(255) DEFAULT NULL,
  PRIMARY KEY (`id`),
  UNIQUE KEY `uk_contract_no` (`contract_no`),
  KEY `FKq28qogy68douoc4gkgcy3ow9p` (`customer_id`),
  KEY `FK2iec0nkhuhpg280m79mwxi0jm` (`template_id`),
  CONSTRAINT `FK2iec0nkhuhpg280m79mwxi0jm` FOREIGN KEY (`template_id`) REFERENCES `contract_template` (`id`),
  CONSTRAINT `FKq28qogy68douoc4gkgcy3ow9p` FOREIGN KEY (`customer_id`) REFERENCES `customer` (`id`)
) ENGINE=InnoDB AUTO_INCREMENT=16 DEFAULT CHARSET=utf8mb4 COLLATE=utf8mb4_0900_ai_ci;
/*!40101 SET character_set_client = @saved_cs_client */;

--
-- Dumping data for table `contract`
--

LOCK TABLES `contract` WRITE;
/*!40000 ALTER TABLE `contract` DISABLE KEYS */;
INSERT INTO `contract` VALUES (1,'CTR-00001','DRAFT','Account opening draft contract for Md. Masud Rana linked to request 1. Awaiting customer signature.','ACCOUNT_OPENING','2026-02-02 09:00:00.000000',NULL,1,'ACCOUNT_OPENING','Draft contract waiting for customer review',NULL,NULL,NULL,NULL,'ACTIVE','2026-02-02 09:00:00.000000',1,1,NULL),(2,'CTR-00002','ACTIVE','Murabaha contract for Md. Woalinur linked to financing application 1. Customer signed, waiting for shariah sign.','FINANCING','2026-02-02 09:20:00.000000','2026-02-03 10:15:00.000000',1,'FINANCING','Customer accepted financing terms',NULL,'Customer Signer 02',NULL,NULL,'ACTIVE','2026-02-03 10:15:00.000000',2,2,NULL),(3,'CTR-00003','LOCKED','Ijarah contract for Md. Rahim Uddin linked to financing application 2. Fully executed and locked.','FINANCING','2026-02-02 09:40:00.000000','2026-02-03 11:00:00.000000',2,'FINANCING','Final executed lease contract','2026-02-04 12:10:00.000000','Customer Signer 03','Shariah Signer 03','2026-02-04 12:10:00.000000','ACTIVE','2026-02-04 12:10:00.000000',3,3,NULL),(4,'CTR-00004','ACTIVE','Deposit scheme enrollment contract for Sadia Islam linked to enrollment 1. Customer signed and pending final board sign.','DEPOSIT_SCHEME','2026-02-02 10:00:00.000000','2026-02-03 13:20:00.000000',1,'DEPOSIT_SCHEME','Customer signed savings scheme terms',NULL,'Customer Signer 04',NULL,NULL,'ACTIVE','2026-02-03 13:20:00.000000',4,4,NULL),(5,'CTR-00005','LOCKED','Card issue undertaking for Al-Amin Traders linked to card issue 1. Fully signed and locked.','CARD_ISSUE','2026-02-02 10:20:00.000000','2026-02-03 14:00:00.000000',1,'CARD_ISSUE','Corporate card issue finalized','2026-02-04 15:30:00.000000','Customer Signer 05','Shariah Signer 05','2026-02-04 15:30:00.000000','ACTIVE','2026-02-04 15:30:00.000000',5,5,NULL),(6,'CTR-00006','DRAFT','General service contract for Tanvir Ahmed prepared from general reference 6. Awaiting review edits.','GENERAL','2026-02-02 10:40:00.000000',NULL,6,'GENERAL','Draft advisory scope under review',NULL,NULL,NULL,NULL,'ACTIVE','2026-02-02 10:40:00.000000',6,6,NULL),(7,'CTR-00007','ACTIVE','Premium account opening contract for Nadia Rahman linked to request 7. Customer signed only.','ACCOUNT_OPENING','2026-02-02 11:00:00.000000','2026-02-03 16:10:00.000000',7,'ACCOUNT_OPENING','Customer accepted premium account obligations',NULL,'Customer Signer 07',NULL,NULL,'ACTIVE','2026-02-03 16:10:00.000000',7,7,NULL),(8,'CTR-00008','LOCKED','Working capital financing contract for Rafiq Hasan linked to financing application 8. Finalized and locked.','FINANCING','2026-02-02 11:20:00.000000','2026-02-03 17:00:00.000000',8,'FINANCING','Final working capital contract executed','2026-02-04 17:45:00.000000','Customer Signer 08','Shariah Signer 08','2026-02-04 17:45:00.000000','ACTIVE','2026-02-04 17:45:00.000000',8,8,NULL),(9,'CTR-00009','DRAFT','Long-term savings scheme contract for Farhana Akter created from enrollment 9 and awaiting first signature.','DEPOSIT_SCHEME','2026-02-02 11:40:00.000000',NULL,9,'DEPOSIT_SCHEME','Draft contract waiting for customer acknowledgment',NULL,NULL,NULL,NULL,'ACTIVE','2026-02-02 11:40:00.000000',9,9,NULL),(10,'CTR-00010','ACTIVE','Medical equipment financing contract for Shakil Ahmed linked to financing application 10. Customer signed and active.','FINANCING','2026-02-02 12:00:00.000000','2026-02-03 18:20:00.000000',10,'FINANCING','Customer signed medical financing deal',NULL,'Customer Signer 10',NULL,NULL,'ACTIVE','2026-02-03 18:20:00.000000',10,10,NULL),(11,'CTR-00011','LOCKED','Corporate card contract for Jannatul Ferdous linked to card issue 11. Shariah and customer signatures completed.','CARD_ISSUE','2026-02-02 12:20:00.000000','2026-02-03 19:10:00.000000',11,'CARD_ISSUE','Card issue contract locked','2026-02-04 19:45:00.000000','Customer Signer 11','Shariah Signer 11','2026-02-04 19:45:00.000000','ACTIVE','2026-02-04 19:45:00.000000',11,11,NULL),(12,'CTR-00012','DRAFT','Shariah advisory service contract for Mahmudul Hasan from general reference 12. Drafted for review.','GENERAL','2026-02-02 12:40:00.000000',NULL,12,'GENERAL','Draft service scope not yet signed',NULL,NULL,NULL,NULL,'ACTIVE','2026-02-02 12:40:00.000000',12,12,NULL),(13,'CTR-00013','ACTIVE','SME account opening contract for Tasnia Ahmed linked to request 13 with customer signature completed.','ACCOUNT_OPENING','2026-02-02 13:00:00.000000','2026-02-03 20:00:00.000000',13,'ACCOUNT_OPENING','Customer signature captured for SME account opening',NULL,'Customer Signer 13',NULL,NULL,'ACTIVE','2026-02-03 20:00:00.000000',13,13,NULL),(14,'CTR-00014','LOCKED','Commodity financing contract for Kamrul Islam linked to financing application 14. Fully signed and stored as final.','FINANCING','2026-02-02 13:20:00.000000','2026-02-03 20:40:00.000000',14,'FINANCING','Commodity financing fully executed','2026-02-04 21:30:00.000000','Customer Signer 14','Shariah Signer 14','2026-02-04 21:30:00.000000','ACTIVE','2026-02-04 21:30:00.000000',14,14,NULL),(15,'CTR-00015','ACTIVE','General undertaking for Rokeya Begum linked to general reference 15. Customer sign exists and final lock pending.','GENERAL','2026-02-02 13:40:00.000000','2026-02-03 21:10:00.000000',15,'GENERAL','General undertaking customer-signed',NULL,'Customer Signer 15',NULL,NULL,'ACTIVE','2026-02-03 21:10:00.000000',15,15,NULL);
/*!40000 ALTER TABLE `contract` ENABLE KEYS */;
UNLOCK TABLES;

--
-- Table structure for table `contract_template`
--

DROP TABLE IF EXISTS `contract_template`;
/*!40101 SET @saved_cs_client     = @@character_set_client */;
/*!50503 SET character_set_client = utf8mb4 */;
CREATE TABLE `contract_template` (
  `id` bigint NOT NULL AUTO_INCREMENT,
  `contract_type` enum('ACCOUNT_OPENING','CARD_ISSUE','DEPOSIT_SCHEME','FINANCING','GENERAL') NOT NULL,
  `created_at` datetime(6) NOT NULL,
  `status` enum('ACTIVE','ARCHIVED','PENDING') NOT NULL,
  `template_body` longtext NOT NULL,
  `template_code` varchar(40) NOT NULL,
  `template_name` varchar(160) NOT NULL,
  `updated_at` datetime(6) NOT NULL,
  `version_no` int NOT NULL,
  PRIMARY KEY (`id`),
  UNIQUE KEY `uk_contract_template_code` (`template_code`)
) ENGINE=InnoDB AUTO_INCREMENT=16 DEFAULT CHARSET=utf8mb4 COLLATE=utf8mb4_0900_ai_ci;
/*!40101 SET character_set_client = @saved_cs_client */;

--
-- Dumping data for table `contract_template`
--

LOCK TABLES `contract_template` WRITE;
/*!40000 ALTER TABLE `contract_template` DISABLE KEYS */;
INSERT INTO `contract_template` VALUES (1,'ACCOUNT_OPENING','2026-02-01 09:00:00.000000','ACTIVE','Account opening agreement for {{customerName}} ({{customerCode}}) under contract {{contractNo}} dated {{today}}.','CTM-00001','Account Opening Standard','2026-02-01 09:00:00.000000',1),(2,'FINANCING','2026-02-01 09:05:00.000000','ACTIVE','Murabaha financing agreement for {{customerName}} against {{referenceModule}} #{{referenceId}} under contract {{contractNo}}.','CTM-00002','Financing Murabaha Core','2026-02-01 09:05:00.000000',1),(3,'FINANCING','2026-02-01 09:10:00.000000','ACTIVE','Ijarah rental contract for {{customerName}} generated as {{contractNo}} from template {{templateName}}.','CTM-00003','Financing Ijarah Lease','2026-02-01 09:10:00.000000',2),(4,'DEPOSIT_SCHEME','2026-02-01 09:15:00.000000','ACTIVE','Deposit scheme enrollment contract for {{customerName}} linked to reference {{referenceId}}.','CTM-00004','Deposit Scheme Enrollment','2026-02-01 09:15:00.000000',1),(5,'CARD_ISSUE','2026-02-01 09:20:00.000000','ACTIVE','Card issuance acknowledgement for {{customerName}} under contract {{contractNo}}.','CTM-00005','Card Issue Undertaking','2026-02-01 09:20:00.000000',1),(6,'GENERAL','2026-02-01 09:25:00.000000','ACTIVE','General service contract generated for {{customerName}} with source {{referenceModule}} / {{referenceId}}.','CTM-00006','General Service Contract','2026-02-01 09:25:00.000000',1),(7,'ACCOUNT_OPENING','2026-02-01 09:30:00.000000','ACTIVE','Premium account opening clauses for {{customerName}} under agreement {{contractNo}}.','CTM-00007','Account Opening Premium','2026-02-01 09:30:00.000000',2),(8,'FINANCING','2026-02-01 09:35:00.000000','ACTIVE','Working capital financing contract prepared for {{customerName}} under reference {{referenceId}}.','CTM-00008','Working Capital Financing','2026-02-01 09:35:00.000000',1),(9,'DEPOSIT_SCHEME','2026-02-01 09:40:00.000000','ACTIVE','Long-term savings scheme contract for {{customerName}} generated on {{today}}.','CTM-00009','Savings Scheme Long Term','2026-02-01 09:40:00.000000',1),(10,'FINANCING','2026-02-01 09:45:00.000000','ACTIVE','Medical equipment financing agreement for {{customerName}} with contract no {{contractNo}}.','CTM-00010','Medical Equipment Financing','2026-02-01 09:45:00.000000',1),(11,'CARD_ISSUE','2026-02-01 09:50:00.000000','ACTIVE','Corporate card issue contract for {{customerName}} using template {{templateName}}.','CTM-00011','Corporate Card Contract','2026-02-01 09:50:00.000000',2),(12,'GENERAL','2026-02-01 09:55:00.000000','ACTIVE','Shariah advisory service contract for {{customerName}} against general reference {{referenceId}}.','CTM-00012','Shariah Advisory Service','2026-02-01 09:55:00.000000',1),(13,'ACCOUNT_OPENING','2026-02-01 10:00:00.000000','ACTIVE','SME account opening agreement for {{customerName}} prepared under {{contractNo}}.','CTM-00013','SME Account Opening','2026-02-01 10:00:00.000000',1),(14,'FINANCING','2026-02-01 10:05:00.000000','ACTIVE','Commodity financing contract for {{customerName}} generated from financing case {{referenceId}}.','CTM-00014','Commodity Financing Contract','2026-02-01 10:05:00.000000',1),(15,'GENERAL','2026-02-01 10:10:00.000000','ACTIVE','Final general undertaking executed by {{customerName}} under contract {{contractNo}}.','CTM-00015','General Undertaking','2026-02-01 10:10:00.000000',1);
/*!40000 ALTER TABLE `contract_template` ENABLE KEYS */;
UNLOCK TABLES;

--
-- Table structure for table `contract_version`
--

DROP TABLE IF EXISTS `contract_version`;
/*!40101 SET @saved_cs_client     = @@character_set_client */;
/*!50503 SET character_set_client = utf8mb4 */;
CREATE TABLE `contract_version` (
  `id` bigint NOT NULL AUTO_INCREMENT,
  `change_note` varchar(1000) DEFAULT NULL,
  `change_type` varchar(40) NOT NULL,
  `changed_by` varchar(160) DEFAULT NULL,
  `contract_text` longtext NOT NULL,
  `created_at` datetime(6) NOT NULL,
  `status` enum('ACTIVE','ARCHIVED','PENDING') NOT NULL,
  `version_no` int NOT NULL,
  `contract_id` bigint NOT NULL,
  PRIMARY KEY (`id`),
  KEY `FKqmnfve2g8fqfw1uvahr64ci51` (`contract_id`),
  CONSTRAINT `FKqmnfve2g8fqfw1uvahr64ci51` FOREIGN KEY (`contract_id`) REFERENCES `contract` (`id`)
) ENGINE=InnoDB AUTO_INCREMENT=32 DEFAULT CHARSET=utf8mb4 COLLATE=utf8mb4_0900_ai_ci;
/*!40101 SET character_set_client = @saved_cs_client */;

--
-- Dumping data for table `contract_version`
--

LOCK TABLES `contract_version` WRITE;
/*!40000 ALTER TABLE `contract_version` DISABLE KEYS */;
INSERT INTO `contract_version` VALUES (1,'Initial generated draft','GENERATED','SYSTEM_GENERATOR','Account opening draft contract for Md. Masud Rana linked to request 1. Awaiting customer signature.','2026-02-02 09:00:00.000000','ACTIVE',1,1),(2,'Initial generated draft','GENERATED','SYSTEM_GENERATOR','Murabaha contract for Md. Woalinur linked to financing application 1. Customer signed, waiting for shariah sign.','2026-02-02 09:20:00.000000','ACTIVE',1,2),(3,'Customer signed financing terms','CUSTOMER_SIGN','Customer Signer 02','Murabaha contract for Md. Woalinur linked to financing application 1. Customer signed, waiting for shariah sign.','2026-02-03 10:15:00.000000','ACTIVE',2,2),(4,'Initial generated draft','GENERATED','SYSTEM_GENERATOR','Ijarah contract for Md. Rahim Uddin linked to financing application 2. Fully executed and locked.','2026-02-02 09:40:00.000000','ACTIVE',1,3),(5,'Customer signed lease terms','CUSTOMER_SIGN','Customer Signer 03','Ijarah contract for Md. Rahim Uddin linked to financing application 2. Fully executed and locked.','2026-02-03 11:00:00.000000','ACTIVE',2,3),(6,'Shariah sign completed','SHARIAH_SIGN','Shariah Signer 03','Ijarah contract for Md. Rahim Uddin linked to financing application 2. Fully executed and locked.','2026-02-04 12:10:00.000000','ACTIVE',3,3),(7,'Initial generated draft','GENERATED','SYSTEM_GENERATOR','Deposit scheme enrollment contract for Sadia Islam linked to enrollment 1. Customer signed and pending final board sign.','2026-02-02 10:00:00.000000','ACTIVE',1,4),(8,'Customer accepted savings scheme terms','CUSTOMER_SIGN','Customer Signer 04','Deposit scheme enrollment contract for Sadia Islam linked to enrollment 1. Customer signed and pending final board sign.','2026-02-03 13:20:00.000000','ACTIVE',2,4),(9,'Initial generated draft','GENERATED','SYSTEM_GENERATOR','Card issue undertaking for Al-Amin Traders linked to card issue 1. Fully signed and locked.','2026-02-02 10:20:00.000000','ACTIVE',1,5),(10,'Customer signed card undertaking','CUSTOMER_SIGN','Customer Signer 05','Card issue undertaking for Al-Amin Traders linked to card issue 1. Fully signed and locked.','2026-02-03 14:00:00.000000','ACTIVE',2,5),(11,'Shariah sign completed','SHARIAH_SIGN','Shariah Signer 05','Card issue undertaking for Al-Amin Traders linked to card issue 1. Fully signed and locked.','2026-02-04 15:30:00.000000','ACTIVE',3,5),(12,'Initial generated draft','GENERATED','SYSTEM_GENERATOR','General service contract for Tanvir Ahmed prepared from general reference 6. Awaiting review edits.','2026-02-02 10:40:00.000000','ACTIVE',1,6),(13,'Initial generated draft','GENERATED','SYSTEM_GENERATOR','Premium account opening contract for Nadia Rahman linked to request 7. Customer signed only.','2026-02-02 11:00:00.000000','ACTIVE',1,7),(14,'Customer signed premium account terms','CUSTOMER_SIGN','Customer Signer 07','Premium account opening contract for Nadia Rahman linked to request 7. Customer signed only.','2026-02-03 16:10:00.000000','ACTIVE',2,7),(15,'Initial generated draft','GENERATED','SYSTEM_GENERATOR','Working capital financing contract for Rafiq Hasan linked to financing application 8. Finalized and locked.','2026-02-02 11:20:00.000000','ACTIVE',1,8),(16,'Customer signed working capital contract','CUSTOMER_SIGN','Customer Signer 08','Working capital financing contract for Rafiq Hasan linked to financing application 8. Finalized and locked.','2026-02-03 17:00:00.000000','ACTIVE',2,8),(17,'Shariah sign completed','SHARIAH_SIGN','Shariah Signer 08','Working capital financing contract for Rafiq Hasan linked to financing application 8. Finalized and locked.','2026-02-04 17:45:00.000000','ACTIVE',3,8),(18,'Initial generated draft','GENERATED','SYSTEM_GENERATOR','Long-term savings scheme contract for Farhana Akter created from enrollment 9 and awaiting first signature.','2026-02-02 11:40:00.000000','ACTIVE',1,9),(19,'Initial generated draft','GENERATED','SYSTEM_GENERATOR','Medical equipment financing contract for Shakil Ahmed linked to financing application 10. Customer signed and active.','2026-02-02 12:00:00.000000','ACTIVE',1,10),(20,'Customer signed medical financing deal','CUSTOMER_SIGN','Customer Signer 10','Medical equipment financing contract for Shakil Ahmed linked to financing application 10. Customer signed and active.','2026-02-03 18:20:00.000000','ACTIVE',2,10),(21,'Initial generated draft','GENERATED','SYSTEM_GENERATOR','Corporate card contract for Jannatul Ferdous linked to card issue 11. Shariah and customer signatures completed.','2026-02-02 12:20:00.000000','ACTIVE',1,11),(22,'Customer signed card contract','CUSTOMER_SIGN','Customer Signer 11','Corporate card contract for Jannatul Ferdous linked to card issue 11. Shariah and customer signatures completed.','2026-02-03 19:10:00.000000','ACTIVE',2,11),(23,'Shariah sign completed','SHARIAH_SIGN','Shariah Signer 11','Corporate card contract for Jannatul Ferdous linked to card issue 11. Shariah and customer signatures completed.','2026-02-04 19:45:00.000000','ACTIVE',3,11),(24,'Initial generated draft','GENERATED','SYSTEM_GENERATOR','Shariah advisory service contract for Mahmudul Hasan from general reference 12. Drafted for review.','2026-02-02 12:40:00.000000','ACTIVE',1,12),(25,'Initial generated draft','GENERATED','SYSTEM_GENERATOR','SME account opening contract for Tasnia Ahmed linked to request 13 with customer signature completed.','2026-02-02 13:00:00.000000','ACTIVE',1,13),(26,'Customer signature captured for SME account opening','CUSTOMER_SIGN','Customer Signer 13','SME account opening contract for Tasnia Ahmed linked to request 13 with customer signature completed.','2026-02-03 20:00:00.000000','ACTIVE',2,13),(27,'Initial generated draft','GENERATED','SYSTEM_GENERATOR','Commodity financing contract for Kamrul Islam linked to financing application 14. Fully signed and stored as final.','2026-02-02 13:20:00.000000','ACTIVE',1,14),(28,'Customer signed commodity financing deal','CUSTOMER_SIGN','Customer Signer 14','Commodity financing contract for Kamrul Islam linked to financing application 14. Fully signed and stored as final.','2026-02-03 20:40:00.000000','ACTIVE',2,14),(29,'Shariah sign completed','SHARIAH_SIGN','Shariah Signer 14','Commodity financing contract for Kamrul Islam linked to financing application 14. Fully signed and stored as final.','2026-02-04 21:30:00.000000','ACTIVE',3,14),(30,'Initial generated draft','GENERATED','SYSTEM_GENERATOR','General undertaking for Rokeya Begum linked to general reference 15. Customer sign exists and final lock pending.','2026-02-02 13:40:00.000000','ACTIVE',1,15),(31,'Customer signed general undertaking','CUSTOMER_SIGN','Customer Signer 15','General undertaking for Rokeya Begum linked to general reference 15. Customer sign exists and final lock pending.','2026-02-03 21:10:00.000000','ACTIVE',2,15);
/*!40000 ALTER TABLE `contract_version` ENABLE KEYS */;
UNLOCK TABLES;

--
-- Table structure for table `customer`
--

DROP TABLE IF EXISTS `customer`;
/*!40101 SET @saved_cs_client     = @@character_set_client */;
/*!50503 SET character_set_client = utf8mb4 */;
CREATE TABLE `customer` (
  `id` bigint NOT NULL AUTO_INCREMENT,
  `created_at` datetime(6) NOT NULL,
  `customer_code` varchar(30) NOT NULL,
  `customer_status` enum('ACTIVE','BLOCKED','CLOSED','DRAFT','PENDING_KYC','REJECTED') NOT NULL,
  `date_of_birth` date DEFAULT NULL,
  `email` varchar(120) DEFAULT NULL,
  `full_name` varchar(150) NOT NULL,
  `gender` enum('FEMALE','MALE','OTHER') DEFAULT NULL,
  `mobile` varchar(30) DEFAULT NULL,
  `national_id` varchar(50) DEFAULT NULL,
  `onboarding_status` enum('COMPLETED','PENDING') NOT NULL,
  `passport_no` varchar(50) DEFAULT NULL,
  `updated_at` datetime(6) NOT NULL,
  `user_id` bigint DEFAULT NULL,
  `branch_id` bigint NOT NULL,
  `created_by` varchar(100) DEFAULT NULL,
  `customer_type` enum('CORPORATE','INDIVIDUAL','JOINT','SME') NOT NULL,
  `father_name` varchar(150) DEFAULT NULL,
  `marital_status` enum('DIVORCED','MARRIED','SINGLE','WIDOWED') DEFAULT NULL,
  `monthly_income` decimal(18,2) DEFAULT NULL,
  `mother_name` varchar(150) DEFAULT NULL,
  `nationality` varchar(80) DEFAULT NULL,
  `occupation` varchar(120) DEFAULT NULL,
  `source_of_funds` varchar(500) DEFAULT NULL,
  `spouse_name` varchar(150) DEFAULT NULL,
  `status` enum('ACTIVE','ARCHIVED','PENDING') NOT NULL,
  `updated_by` varchar(100) DEFAULT NULL,
  `email_verified` bit(1) NOT NULL,
  `mobile_verified` bit(1) NOT NULL,
  `profile_image_name` varchar(180) DEFAULT NULL,
  PRIMARY KEY (`id`),
  UNIQUE KEY `uk_customer_customer_code` (`customer_code`),
  UNIQUE KEY `uk_customer_code` (`customer_code`),
  UNIQUE KEY `uk_customer_mobile` (`mobile`),
  UNIQUE KEY `uk_customer_national_id` (`national_id`),
  UNIQUE KEY `uk_customer_email` (`email`)
) ENGINE=InnoDB AUTO_INCREMENT=23 DEFAULT CHARSET=utf8mb4 COLLATE=utf8mb4_0900_ai_ci;
/*!40101 SET character_set_client = @saved_cs_client */;

--
-- Dumping data for table `customer`
--

LOCK TABLES `customer` WRITE;
/*!40000 ALTER TABLE `customer` DISABLE KEYS */;
INSERT INTO `customer` VALUES (1,'2026-04-15 11:29:47.231526','CUST001','ACTIVE','2001-01-03','masud.jee68@gmail.com','Md. Masud Rana','MALE','10575634380','463472883','PENDING','23846398247239','2026-04-15 11:29:47.231526',NULL,0,NULL,'CORPORATE',NULL,NULL,NULL,NULL,NULL,NULL,NULL,NULL,'ACTIVE',NULL,_binary '',_binary '\0',NULL),(2,'2026-04-16 11:33:50.330067','CUST002','ACTIVE','1997-06-16','woalinur@gmail.com','Md. Woalinur','MALE','01723294032','234235525','PENDING','234355252','2026-04-16 11:33:50.330067',NULL,0,NULL,'CORPORATE',NULL,NULL,NULL,NULL,NULL,NULL,NULL,NULL,'ACTIVE',NULL,_binary '\0',_binary '',NULL),(3,'2026-04-27 11:28:48.095969','CUS-000001','PENDING_KYC','1990-05-10','rahim1@gmail.com','Md. Rahim Uddin','MALE','01710000001',NULL,'COMPLETED',NULL,'2026-04-27 11:28:48.095969',NULL,1,'SYSTEM','INDIVIDUAL','Abdul Karim','MARRIED',50000.00,'Salma Begum','Bangladeshi','Business','Trading Business',NULL,'ACTIVE',NULL,_binary '\0',_binary '\0',NULL),(4,'2026-04-27 11:29:16.159969','CUS-000002','PENDING_KYC','1995-08-12','sadia@gmail.com','Sadia Islam','FEMALE','01710000002',NULL,'COMPLETED',NULL,'2026-04-27 11:29:16.159969',NULL,1,'SYSTEM','INDIVIDUAL','Mizanur Rahman','SINGLE',20000.00,'Rokeya Begum','Bangladeshi','Student','Freelancing',NULL,'ACTIVE',NULL,_binary '\0',_binary '\0',NULL),(5,'2026-04-27 11:29:31.123972','CUS-000003','REJECTED',NULL,'alamin@gmail.com','Al-Amin Traders',NULL,'01710000003',NULL,'COMPLETED',NULL,'2026-04-27 11:29:31.123972',NULL,2,'SYSTEM','SME',NULL,NULL,150000.00,NULL,NULL,'Wholesale Business','Business Profit',NULL,'ACTIVE',NULL,_binary '\0',_binary '\0',NULL),(6,'2026-04-27 11:30:31.962084','CUS-000004','PENDING_KYC','1992-03-15','tanvir@gmail.com','Tanvir Ahmed','MALE','01710000014',NULL,'COMPLETED',NULL,'2026-04-27 11:30:31.962084',NULL,1,'SYSTEM','INDIVIDUAL','Abdur Rashid','MARRIED',75000.00,'Nasima Begum','Bangladeshi','Engineer','Job Salary',NULL,'ACTIVE',NULL,_binary '\0',_binary '\0',NULL),(7,'2026-04-27 11:30:41.606064','CUS-000005','ACTIVE','1998-11-20','nadia@gmail.com','Nadia Rahman','FEMALE','01710000015',NULL,'COMPLETED',NULL,'2026-04-27 11:30:41.606064',NULL,2,'SYSTEM','INDIVIDUAL','Habibur Rahman','SINGLE',35000.00,'Shahnaz Begum','Bangladeshi','Teacher','Salary',NULL,'ACTIVE',NULL,_binary '',_binary '\0',NULL),(8,'2026-04-27 11:30:52.656118','CUS-000006','PENDING_KYC','1985-06-25','rafiq@gmail.com','Rafiq Hasan','MALE','01710000016',NULL,'COMPLETED',NULL,'2026-04-27 11:30:52.656118',NULL,1,'SYSTEM','INDIVIDUAL','Abdul Jalil','MARRIED',120000.00,'Sufia Khatun','Bangladeshi','Businessman','Business',NULL,'ACTIVE',NULL,_binary '\0',_binary '',NULL),(9,'2026-04-27 11:31:05.836471','CUS-000007','PENDING_KYC','1993-09-10','farhana@gmail.com','Farhana Akter','FEMALE','01710000017',NULL,'COMPLETED',NULL,'2026-04-27 11:31:05.836471',NULL,3,'SYSTEM','INDIVIDUAL','Abdul Majid','MARRIED',60000.00,'Rahima Begum','Bangladeshi','Bank Officer','Salary',NULL,'ACTIVE',NULL,_binary '\0',_binary '\0',NULL),(10,'2026-04-27 11:31:17.198544','CUS-000008','PENDING_KYC','1991-01-05','shakil@gmail.com','Shakil Ahmed','MALE','01710000018',NULL,'COMPLETED',NULL,'2026-04-27 11:31:17.198544',NULL,2,'SYSTEM','INDIVIDUAL','Abul Kashem','SINGLE',25000.00,'Jahanara Begum','Bangladeshi','Driver','Driving',NULL,'ACTIVE',NULL,_binary '\0',_binary '\0',NULL),(11,'2026-04-27 11:31:36.358509','CUS-000009','PENDING_KYC','1997-04-18','jannat@gmail.com','Jannatul Ferdous','FEMALE','01710000019',NULL,'COMPLETED',NULL,'2026-04-27 11:31:36.358509',NULL,1,'SYSTEM','INDIVIDUAL','Nurul Islam','SINGLE',45000.00,'Sufia Begum','Bangladeshi','Freelancer','Online Work',NULL,'ACTIVE',NULL,_binary '\0',_binary '\0',NULL),(12,'2026-04-27 11:31:46.190438','CUS-000010','ACTIVE','1989-07-22','mahmud@gmail.com','Mahmudul Hasan','MALE','01710000020',NULL,'COMPLETED',NULL,'2026-05-17 00:32:04.397172',NULL,3,'SYSTEM','INDIVIDUAL','Abdul Hamid','MARRIED',55000.00,'Amena Khatun','Bangladeshi','Govt Job','Salary','','ACTIVE','admin01',_binary '\0',_binary '\0','a7968ec4-d4ec-49b2-acfe-d6ad7b758100.jpg'),(13,'2026-04-27 11:32:07.556756','CUS-000011','REJECTED','2000-02-11','tasnia@gmail.com','Tasnia Ahmed','FEMALE','01710000021',NULL,'COMPLETED',NULL,'2026-04-27 11:32:07.556756',NULL,2,'SYSTEM','INDIVIDUAL','Rashid Ahmed','SINGLE',15000.00,'Parvin Begum','Bangladeshi','Student','Tuition',NULL,'ACTIVE',NULL,_binary '\0',_binary '\0',NULL),(14,'2026-04-27 11:32:20.317159','CUS-000012','PENDING_KYC','1987-12-30','kamrul@gmail.com','Kamrul Islam','MALE','01710000022',NULL,'COMPLETED',NULL,'2026-05-02 16:04:12.536794',NULL,1,'SYSTEM','INDIVIDUAL','Abdul Gani','MARRIED',40000.00,'Momena Begum','Bangladeshi','Shop Owner','Business',NULL,'ACTIVE','SYSTEM',_binary '\0',_binary '\0',NULL),(15,'2026-04-27 11:32:31.978103','CUS-000013','BLOCKED','1994-10-08','rokeya@gmail.com','Rokeya Begum','FEMALE','01710000023',NULL,'COMPLETED',NULL,'2026-05-05 10:42:18.497419',NULL,3,'SYSTEM','INDIVIDUAL','Abdul Mannan','MARRIED',20000.00,'Jahanara Khatun','Bangladeshi','Tailor','Sewing',NULL,'ACTIVE','SYSTEM',_binary '\0',_binary '\0',NULL),(16,'2026-05-16 01:30:13.947270','CUS-000014','PENDING_KYC','1992-01-15','masud.jee68+c.16@gmail.com','Smoke Customer 013012','MALE','01901013012',NULL,'COMPLETED',NULL,'2026-05-16 01:30:13.947270',NULL,1,'branch.staff.013012','INDIVIDUAL','Abdul Karim','SINGLE',55000.00,'Rokeya Begum','Bangladeshi','Small Business','Business Income','','ACTIVE',NULL,_binary '\0',_binary '\0',NULL),(17,'2026-05-16 01:30:50.530703','CUS-000015','PENDING_KYC','1992-01-15','masud.jee68+c.17@gmail.com','Smoke Customer 013048','MALE','01901013048',NULL,'COMPLETED',NULL,'2026-05-16 01:30:50.530703',NULL,1,'branch.staff.013048','INDIVIDUAL','Abdul Karim','SINGLE',55000.00,'Rokeya Begum','Bangladeshi','Small Business','Business Income','','ACTIVE',NULL,_binary '\0',_binary '\0',NULL),(18,'2026-05-16 01:31:24.932344','CUS-000016','PENDING_KYC','1992-01-15','masud.jee68+c.18@gmail.com','Smoke Customer 013122','MALE','01901013122',NULL,'COMPLETED',NULL,'2026-05-16 01:31:24.932344',NULL,1,'branch.staff.013122','INDIVIDUAL','Abdul Karim','SINGLE',55000.00,'Rokeya Begum','Bangladeshi','Small Business','Business Income','','ACTIVE',NULL,_binary '\0',_binary '\0',NULL),(19,'2026-05-16 01:32:45.640636','CUS-000017','PENDING_KYC','1992-01-15','masud.jee68+c.19@gmail.com','Smoke Customer 013244','MALE','01901013244',NULL,'COMPLETED',NULL,'2026-05-16 01:32:45.640636',NULL,1,'branch.staff.013244','INDIVIDUAL','Abdul Karim','SINGLE',55000.00,'Rokeya Begum','Bangladeshi','Small Business','Business Income','','ACTIVE',NULL,_binary '\0',_binary '\0',NULL),(20,'2026-05-16 01:36:30.554070','CUS-000018','ACTIVE','1992-01-15','masud.jee68+c.20@gmail.com','Smoke Customer 013629','MALE','01901013629',NULL,'COMPLETED',NULL,'2026-05-16 01:36:31.283067',NULL,1,'branch.staff.013629','INDIVIDUAL','Abdul Karim','SINGLE',55000.00,'Rokeya Begum','Bangladeshi','Small Business','Business Income','','ACTIVE',NULL,_binary '\0',_binary '\0',NULL),(21,'2026-05-16 08:07:12.094822','CUS-000019','ACTIVE','1992-01-15','masud.jee68+c.21@gmail.com','Smoke Customer 080710','MALE','01901080710',NULL,'COMPLETED',NULL,'2026-05-16 08:07:12.953823',NULL,1,'branch.staff.080710','INDIVIDUAL','Abdul Karim','SINGLE',55000.00,'Rokeya Begum','Bangladeshi','Small Business','Business Income','','ACTIVE',NULL,_binary '\0',_binary '\0',NULL),(22,'2026-05-16 08:09:52.595422','CUS-000020','ACTIVE','1992-01-15','masud.jee68+c.22@gmail.com','Mahadi Hassan','MALE','01901080951',NULL,'COMPLETED',NULL,'2026-05-17 00:34:44.012164',NULL,1,'branch.staff.080951','INDIVIDUAL','Abdul Karim','SINGLE',55000.00,'Rokeya Begum','Bangladesh','Small Business','Business Income','','ACTIVE','admin01',_binary '\0',_binary '\0','537a5ea8-e2ce-447c-902a-0732043fd782.jpg');
/*!40000 ALTER TABLE `customer` ENABLE KEYS */;
UNLOCK TABLES;

--
-- Table structure for table `customer_address`
--

DROP TABLE IF EXISTS `customer_address`;
/*!40101 SET @saved_cs_client     = @@character_set_client */;
/*!50503 SET character_set_client = utf8mb4 */;
CREATE TABLE `customer_address` (
  `id` bigint NOT NULL AUTO_INCREMENT,
  `address_type` enum('OFFICE','PERMANENT','PRESENT','REGISTERED') NOT NULL,
  `city` varchar(100) DEFAULT NULL,
  `country` varchar(80) DEFAULT NULL,
  `created_at` datetime(6) NOT NULL,
  `customer_id` bigint NOT NULL,
  `district` varchar(100) DEFAULT NULL,
  `line_1` varchar(200) NOT NULL,
  `line_2` varchar(200) DEFAULT NULL,
  `postal_code` varchar(20) DEFAULT NULL,
  `updated_at` datetime(6) NOT NULL,
  `address_line1` varchar(250) NOT NULL,
  `address_line2` varchar(250) DEFAULT NULL,
  `country_id` bigint DEFAULT NULL,
  `district_id` bigint DEFAULT NULL,
  `division_id` bigint DEFAULT NULL,
  `is_primary` bit(1) NOT NULL,
  `status` enum('ACTIVE','ARCHIVED','PENDING') NOT NULL,
  `upazila_id` bigint DEFAULT NULL,
  PRIMARY KEY (`id`),
  KEY `FKr9ofa0ydsgbaqmt9leb3v5eii` (`customer_id`),
  CONSTRAINT `FKr9ofa0ydsgbaqmt9leb3v5eii` FOREIGN KEY (`customer_id`) REFERENCES `customer` (`id`)
) ENGINE=InnoDB AUTO_INCREMENT=16 DEFAULT CHARSET=utf8mb4 COLLATE=utf8mb4_0900_ai_ci;
/*!40101 SET character_set_client = @saved_cs_client */;

--
-- Dumping data for table `customer_address`
--

LOCK TABLES `customer_address` WRITE;
/*!40000 ALTER TABLE `customer_address` DISABLE KEYS */;
INSERT INTO `customer_address` VALUES (1,'PRESENT','Dhaka','Bangladesh','2026-04-15 11:29:47.272529',1,'Dhaka District','House 12, Road 4, Dhanmondi','Near main road','1207','2026-05-01 09:18:33.000000','House 12, Road 4, Dhanmondi','Near main road',1,1001,101,_binary '','ACTIVE',10001),(2,'PRESENT','Dhaka','Bangladesh','2026-04-16 11:33:50.343065',2,'Gazipur','Plot 18, Sector 7, Uttara','North side lane','1230','2026-05-01 09:18:33.000000','Plot 18, Sector 7, Uttara','North side lane',1,1002,101,_binary '','ACTIVE',10003),(3,'PRESENT','Dhaka','Bangladesh','2026-05-01 09:18:33.000000',3,'Dhaka District','House 21, Road 3, Dhanmondi','Block A','1209','2026-05-01 09:18:33.000000','House 21, Road 3, Dhanmondi','Block A',1,1001,101,_binary '','ACTIVE',10001),(4,'PERMANENT','Dhaka','Bangladesh','2026-05-01 09:18:33.000000',4,'Dhaka District','Village Home 7, Keraniganj','Post Office para','1310','2026-05-01 09:18:33.000000','Village Home 7, Keraniganj','Post Office para',1,1001,101,_binary '\0','ACTIVE',10002),(5,'OFFICE','Dhaka','Bangladesh','2026-05-01 09:18:33.000000',5,'Dhaka District','Shop 44, Islami Market','Ground floor','1100','2026-05-01 09:18:33.000000','Shop 44, Islami Market','Ground floor',1,1001,101,_binary '\0','ACTIVE',10001),(6,'PRESENT','Dhaka','Bangladesh','2026-05-01 09:18:33.000000',6,'Gazipur','Flat 5B, House 22, Uttara','Sector 10','1230','2026-05-01 09:18:33.000000','Flat 5B, House 22, Uttara','Sector 10',1,1002,101,_binary '','ACTIVE',10003),(7,'PRESENT','Dhaka','Bangladesh','2026-05-01 09:18:33.000000',7,'Dhaka District','House 33, Mirpur DOHS','West gate','1216','2026-05-01 09:18:33.000000','House 33, Mirpur DOHS','West gate',1,1001,101,_binary '','ACTIVE',10002),(8,'REGISTERED','Chattogram','Bangladesh','2026-05-01 09:18:33.000000',8,'Chattogram District','Corporate Registry Address, Agrabad','Suite 12','4100','2026-05-01 09:18:33.000000','Corporate Registry Address, Agrabad','Suite 12',1,1003,102,_binary '\0','ACTIVE',10004),(9,'PRESENT','Khulna','Bangladesh','2026-05-01 09:18:33.000000',9,'Khulna District','House 8, Sonadanga','Lane 5','9000','2026-05-01 09:18:33.000000','House 8, Sonadanga','Lane 5',1,1004,103,_binary '','ACTIVE',10005),(10,'PERMANENT','Dhaka','Bangladesh','2026-05-01 09:18:33.000000',10,'Dhaka District','Village Bari, Mohammadpur','North cluster','1207','2026-05-01 09:18:33.000000','Village Bari, Mohammadpur','North cluster',1,1001,101,_binary '\0','ACTIVE',10001),(11,'OFFICE','Dhaka','Bangladesh','2026-05-01 09:18:33.000000',11,'Dhaka District','Office 3C, Motijheel','Commerce tower','1000','2026-05-01 09:18:33.000000','Office 3C, Motijheel','Commerce tower',1,1001,101,_binary '\0','ACTIVE',10001),(12,'PRESENT','Dhaka','Bangladesh','2026-05-01 09:18:33.000000',12,'Dhaka District','House 14, Banasree','Road 9','1219','2026-05-01 09:18:33.000000','House 14, Banasree','Road 9',1,1001,101,_binary '','ACTIVE',10002),(13,'REGISTERED','Dhaka','Bangladesh','2026-05-01 09:18:33.000000',13,'Dhaka District','Trade Center, Gulshan','Level 4','1212','2026-05-01 09:18:33.000000','Trade Center, Gulshan','Level 4',1,1001,101,_binary '\0','ACTIVE',10002),(14,'PRESENT','Dhaka','Bangladesh','2026-05-01 12:20:01.000000',14,'Dhaka District','House 77, Mohammadpur','East block','1207','2026-05-01 12:20:01.000000','House 77, Mohammadpur','East block',1,1001,101,_binary '','ACTIVE',10001),(15,'REGISTERED','Chattogram','Bangladesh','2026-05-01 12:20:01.000000',15,'Chattogram District','Registered Office, GEC Circle','Floor 6','4000','2026-05-01 12:20:01.000000','Registered Office, GEC Circle','Floor 6',1,1003,102,_binary '','ACTIVE',10004);
/*!40000 ALTER TABLE `customer_address` ENABLE KEYS */;
UNLOCK TABLES;

--
-- Table structure for table `customer_document`
--

DROP TABLE IF EXISTS `customer_document`;
/*!40101 SET @saved_cs_client     = @@character_set_client */;
/*!50503 SET character_set_client = utf8mb4 */;
CREATE TABLE `customer_document` (
  `id` bigint NOT NULL AUTO_INCREMENT,
  `created_at` datetime(6) NOT NULL,
  `document_no` varchar(80) DEFAULT NULL,
  `document_type` enum('BANK_STATEMENT','BIRTH_CERTIFICATE','DRIVING_LICENSE','NID','OTHER','PASSPORT','PHOTO','TIN','TRADE_LICENSE','UTILITY_BILL') NOT NULL,
  `expiry_date` date DEFAULT NULL,
  `file_reference_id` varchar(120) DEFAULT NULL,
  `issue_date` date DEFAULT NULL,
  `status` enum('ACTIVE','ARCHIVED','PENDING') NOT NULL,
  `verified_flag` bit(1) NOT NULL,
  `customer_id` bigint NOT NULL,
  PRIMARY KEY (`id`),
  KEY `FK5146mcr0wlbs9a4lr0kx7uusr` (`customer_id`),
  CONSTRAINT `FK5146mcr0wlbs9a4lr0kx7uusr` FOREIGN KEY (`customer_id`) REFERENCES `customer` (`id`)
) ENGINE=InnoDB AUTO_INCREMENT=32 DEFAULT CHARSET=utf8mb4 COLLATE=utf8mb4_0900_ai_ci;
/*!40101 SET character_set_client = @saved_cs_client */;

--
-- Dumping data for table `customer_document`
--

LOCK TABLES `customer_document` WRITE;
/*!40000 ALTER TABLE `customer_document` DISABLE KEYS */;
INSERT INTO `customer_document` VALUES (13,'2026-05-01 13:16:50.000000','KDOC-001','NID',NULL,'KYC-DOC-001','2017-01-10','ACTIVE',_binary '',1),(14,'2026-05-01 13:16:50.000000','KDOC-002','TRADE_LICENSE','2028-12-31','KYC-DOC-002','2023-01-01','ACTIVE',_binary '',2),(15,'2026-05-01 13:16:50.000000','KDOC-003','TIN',NULL,'KYC-DOC-003','2020-02-14','ACTIVE',_binary '\0',3),(16,'2026-05-01 13:16:50.000000','KDOC-004','UTILITY_BILL','2027-03-05','KYC-DOC-004','2026-03-05','ACTIVE',_binary '\0',4),(17,'2026-05-01 13:16:50.000000','KDOC-005','BANK_STATEMENT','2026-12-31','KYC-DOC-005','2026-01-01','ACTIVE',_binary '',5),(18,'2026-05-01 13:16:50.000000','KDOC-006','NID',NULL,'KYC-DOC-006','2018-08-08','ACTIVE',_binary '\0',6),(19,'2026-05-01 13:16:50.000000','KDOC-007','PASSPORT','2032-03-15','KYC-DOC-007','2022-03-15','ACTIVE',_binary '',7),(20,'2026-05-01 13:16:50.000000','KDOC-008','TRADE_LICENSE','2029-12-31','KYC-DOC-008','2024-01-01','ACTIVE',_binary '',8),(21,'2026-05-01 13:16:50.000000','KDOC-009','NID',NULL,'KYC-DOC-009','2016-09-19','ACTIVE',_binary '\0',9),(22,'2026-05-01 13:16:50.000000','KDOC-010','DRIVING_LICENSE','2030-04-25','KYC-DOC-010','2020-04-25','ACTIVE',_binary '\0',10),(23,'2026-05-01 13:16:50.000000','KDOC-011','BANK_STATEMENT','2027-02-01','KYC-DOC-011','2026-02-01','ACTIVE',_binary '',11),(24,'2026-05-01 13:16:50.000000','KDOC-012','PASSPORT','2031-03-19','KYC-DOC-012','2021-03-19','ACTIVE',_binary '',12),(25,'2026-05-01 13:16:50.000000','KDOC-013','OTHER','2026-12-31','KYC-DOC-013','2026-01-10','ACTIVE',_binary '\0',13),(26,'2026-05-01 13:16:50.000000','KDOC-014','UTILITY_BILL','2027-02-12','KYC-DOC-014','2026-02-12','ACTIVE',_binary '\0',14),(27,'2026-05-01 13:16:50.000000','KDOC-015','NID',NULL,'KYC-DOC-015','2019-02-20','ACTIVE',_binary '\0',15),(28,'2026-05-05 10:45:29.323430','','NID',NULL,'',NULL,'ACTIVE',_binary '\0',14),(29,'2026-05-16 01:36:31.016063','19999013629','NID','2030-01-01','SMOKE-KYC-013629','2020-01-01','ACTIVE',_binary '\0',20),(30,'2026-05-16 08:07:12.471821','19999080710','NID','2030-01-01','SMOKE-KYC-080710','2020-01-01','ACTIVE',_binary '\0',21),(31,'2026-05-16 08:09:53.017415','19999080951','NID','2030-01-01','SMOKE-KYC-080951','2020-01-01','ACTIVE',_binary '\0',22);
/*!40000 ALTER TABLE `customer_document` ENABLE KEYS */;
UNLOCK TABLES;

--
-- Table structure for table `customer_identity`
--

DROP TABLE IF EXISTS `customer_identity`;
/*!40101 SET @saved_cs_client     = @@character_set_client */;
/*!50503 SET character_set_client = utf8mb4 */;
CREATE TABLE `customer_identity` (
  `id` bigint NOT NULL AUTO_INCREMENT,
  `created_at` datetime(6) NOT NULL,
  `document_no` varchar(80) NOT NULL,
  `document_type` enum('BIRTH_CERTIFICATE','DRIVING_LICENSE','NID','PASSPORT','TIN','TRADE_LICENSE') NOT NULL,
  `expiry_date` date DEFAULT NULL,
  `issue_country` varchar(80) DEFAULT NULL,
  `issue_date` date DEFAULT NULL,
  `status` enum('ACTIVE','ARCHIVED','PENDING') NOT NULL,
  `verified_flag` bit(1) NOT NULL,
  `customer_id` bigint NOT NULL,
  `image_file_name` varchar(180) DEFAULT NULL,
  PRIMARY KEY (`id`),
  UNIQUE KEY `uk_customer_identity_document` (`document_type`,`document_no`),
  KEY `FK72uctdk6ano6wkp1ljexrn41w` (`customer_id`),
  CONSTRAINT `FK72uctdk6ano6wkp1ljexrn41w` FOREIGN KEY (`customer_id`) REFERENCES `customer` (`id`)
) ENGINE=InnoDB AUTO_INCREMENT=16 DEFAULT CHARSET=utf8mb4 COLLATE=utf8mb4_0900_ai_ci;
/*!40101 SET character_set_client = @saved_cs_client */;

--
-- Dumping data for table `customer_identity`
--

LOCK TABLES `customer_identity` WRITE;
/*!40000 ALTER TABLE `customer_identity` DISABLE KEYS */;
INSERT INTO `customer_identity` VALUES (1,'2026-05-01 09:18:33.000000','NID-900000001','NID',NULL,'Bangladesh','2016-01-15','ACTIVE',_binary '',1,NULL),(2,'2026-05-01 09:18:33.000000','PASS-900000002','PASSPORT','2031-06-30','Bangladesh','2021-06-30','ACTIVE',_binary '',2,NULL),(3,'2026-05-01 09:18:33.000000','NID-900000003','NID',NULL,'Bangladesh','2018-03-18','ACTIVE',_binary '\0',3,NULL),(4,'2026-05-01 09:18:33.000000','TIN-900000004','TIN',NULL,'Bangladesh','2020-02-14','ACTIVE',_binary '',4,NULL),(5,'2026-05-01 09:18:33.000000','TRADE-900000005','TRADE_LICENSE','2028-12-31','Bangladesh','2023-01-01','ACTIVE',_binary '',5,NULL),(6,'2026-05-01 09:18:33.000000','DL-900000006','DRIVING_LICENSE','2030-09-10','Bangladesh','2020-09-10','ACTIVE',_binary '\0',6,NULL),(7,'2026-05-01 09:18:33.000000','NID-900000007','NID',NULL,'Bangladesh','2017-08-22','ACTIVE',_binary '',7,NULL),(8,'2026-05-01 09:18:33.000000','PASS-900000008','PASSPORT','2032-04-05','Bangladesh','2022-04-05','ACTIVE',_binary '\0',8,NULL),(9,'2026-05-01 09:18:33.000000','BC-900000009','BIRTH_CERTIFICATE',NULL,'Bangladesh','2007-07-07','ACTIVE',_binary '',9,NULL),(10,'2026-05-01 09:18:33.000000','NID-900000010','NID',NULL,'Bangladesh','2015-10-11','ACTIVE',_binary '',10,NULL),(11,'2026-05-01 09:18:33.000000','TIN-900000011','TIN',NULL,'Bangladesh','2019-11-15','ACTIVE',_binary '\0',11,NULL),(12,'2026-05-01 09:18:33.000000','DL-900000012','DRIVING_LICENSE','2031-03-19','Bangladesh','2021-03-19','ACTIVE',_binary '',12,NULL),(13,'2026-05-01 09:18:33.000000','PASS-900000013','PASSPORT','2030-01-25','Bangladesh','2020-01-25','ACTIVE',_binary '',13,NULL),(14,'2026-05-01 12:20:01.000000','NID-900000014','NID',NULL,'Bangladesh','2019-02-20','ACTIVE',_binary '',14,NULL),(15,'2026-05-01 12:20:01.000000','TRADE-900000015','TRADE_LICENSE','2029-12-31','Bangladesh','2024-01-01','ACTIVE',_binary '',15,NULL);
/*!40000 ALTER TABLE `customer_identity` ENABLE KEYS */;
UNLOCK TABLES;

--
-- Table structure for table `customer_statement_request`
--

DROP TABLE IF EXISTS `customer_statement_request`;
/*!40101 SET @saved_cs_client     = @@character_set_client */;
/*!50503 SET character_set_client = utf8mb4 */;
CREATE TABLE `customer_statement_request` (
  `id` bigint NOT NULL AUTO_INCREMENT,
  `date_from` date NOT NULL,
  `date_to` date NOT NULL,
  `generated_at` datetime(6) DEFAULT NULL,
  `request_no` varchar(40) NOT NULL,
  `request_status` enum('DOWNLOADED','FAILED','GENERATED','REQUESTED') NOT NULL,
  `requested_at` datetime(6) NOT NULL,
  `requested_by` varchar(120) NOT NULL,
  `status` enum('ACTIVE','ARCHIVED','PENDING') NOT NULL,
  `account_id` bigint NOT NULL,
  `customer_id` bigint NOT NULL,
  `generated_file_id` bigint DEFAULT NULL,
  PRIMARY KEY (`id`),
  UNIQUE KEY `uk_customer_statement_request_no` (`request_no`),
  KEY `FKsabufjmp2aqdue6q1u7vd9ku8` (`account_id`),
  KEY `FKda7sowts8g5sr5olu6pohccut` (`customer_id`),
  KEY `FKr5vjnwqgg82d3c1kwj6my35bc` (`generated_file_id`),
  CONSTRAINT `FKda7sowts8g5sr5olu6pohccut` FOREIGN KEY (`customer_id`) REFERENCES `customer` (`id`),
  CONSTRAINT `FKr5vjnwqgg82d3c1kwj6my35bc` FOREIGN KEY (`generated_file_id`) REFERENCES `file_reference` (`id`),
  CONSTRAINT `FKsabufjmp2aqdue6q1u7vd9ku8` FOREIGN KEY (`account_id`) REFERENCES `account` (`id`)
) ENGINE=InnoDB AUTO_INCREMENT=20 DEFAULT CHARSET=utf8mb4 COLLATE=utf8mb4_0900_ai_ci;
/*!40101 SET character_set_client = @saved_cs_client */;

--
-- Dumping data for table `customer_statement_request`
--

LOCK TABLES `customer_statement_request` WRITE;
/*!40000 ALTER TABLE `customer_statement_request` DISABLE KEYS */;
INSERT INTO `customer_statement_request` VALUES (1,'2026-01-01','2026-01-21','2026-05-01 23:13:50.656477','CSR-00001','GENERATED','2026-05-01 23:13:50.551480','SYSTEM','ACTIVE',1,1,1),(2,'2026-01-05','2026-01-25','2026-05-01 23:13:50.835477','CSR-00002','GENERATED','2026-05-01 23:13:50.816475','SYSTEM','ACTIVE',7,7,2),(3,'2026-01-09','2026-01-29','2026-05-01 23:13:50.898473','CSR-00003','GENERATED','2026-05-01 23:13:50.881476','SYSTEM','ACTIVE',1,1,3),(4,'2026-01-13','2026-02-02','2026-05-01 23:13:50.967476','CSR-00004','GENERATED','2026-05-01 23:13:50.949476','SYSTEM','ACTIVE',7,7,4),(5,'2026-01-17','2026-02-06','2026-05-01 23:13:51.032475','CSR-00005','GENERATED','2026-05-01 23:13:51.018477','SYSTEM','ACTIVE',1,1,5),(6,'2026-01-21','2026-02-10','2026-05-01 23:13:51.086475','CSR-00006','GENERATED','2026-05-01 23:13:51.071477','SYSTEM','ACTIVE',7,7,6),(7,'2026-01-25','2026-02-14','2026-05-01 23:13:51.140473','CSR-00007','GENERATED','2026-05-01 23:13:51.126478','SYSTEM','ACTIVE',1,1,7),(8,'2026-01-29','2026-02-18','2026-05-01 23:13:51.204477','CSR-00008','GENERATED','2026-05-01 23:13:51.188478','SYSTEM','ACTIVE',7,7,8),(9,'2026-02-02','2026-02-22','2026-05-01 23:13:51.300474','CSR-00009','GENERATED','2026-05-01 23:13:51.284473','SYSTEM','ACTIVE',1,1,9),(10,'2026-02-06','2026-02-26','2026-05-01 23:13:51.354475','CSR-00010','GENERATED','2026-05-01 23:13:51.340475','SYSTEM','ACTIVE',7,7,10),(11,'2026-02-10','2026-03-02','2026-05-01 23:13:51.409475','CSR-00011','DOWNLOADED','2026-05-01 23:13:51.390474','SYSTEM','ACTIVE',1,1,11),(12,'2026-02-14','2026-03-06','2026-05-01 23:13:51.459476','CSR-00012','DOWNLOADED','2026-05-01 23:13:51.447473','SYSTEM','ACTIVE',7,7,12),(13,'2026-02-18','2026-03-10','2026-05-01 23:13:51.519476','CSR-00013','DOWNLOADED','2026-05-01 23:13:51.498472','SYSTEM','ACTIVE',1,1,13),(14,'2026-02-22','2026-03-14','2026-05-01 23:13:51.569477','CSR-00014','DOWNLOADED','2026-05-01 23:13:51.557476','SYSTEM','ACTIVE',7,7,14),(15,'2026-02-26','2026-03-18','2026-05-01 23:13:51.618476','CSR-00015','DOWNLOADED','2026-05-01 23:13:51.606476','SYSTEM','ACTIVE',1,1,15),(16,'2026-05-09','2026-05-16','2026-05-16 01:32:54.246747','CSR-00016','GENERATED','2026-05-16 01:32:53.641742','ops.officer01','ACTIVE',16,19,87),(17,'2026-05-09','2026-05-16','2026-05-16 01:36:44.514064','CSR-00017','GENERATED','2026-05-16 01:36:44.132060','ops.officer01','ACTIVE',17,20,89),(18,'2026-05-09','2026-05-16','2026-05-16 08:07:31.084109','CSR-00018','GENERATED','2026-05-16 08:07:30.558105','ops.officer01','ACTIVE',18,21,91),(19,'2026-05-09','2026-05-16','2026-05-16 08:10:09.353415','CSR-00019','GENERATED','2026-05-16 08:10:08.885417','ops.officer01','ACTIVE',19,22,93);
/*!40000 ALTER TABLE `customer_statement_request` ENABLE KEYS */;
UNLOCK TABLES;

--
-- Table structure for table `deposit_scheme`
--

DROP TABLE IF EXISTS `deposit_scheme`;
/*!40101 SET @saved_cs_client     = @@character_set_client */;
/*!50503 SET character_set_client = utf8mb4 */;
CREATE TABLE `deposit_scheme` (
  `id` bigint NOT NULL AUTO_INCREMENT,
  `created_at` datetime(6) NOT NULL,
  `minimum_installment` decimal(18,2) NOT NULL,
  `profit_frequency` enum('HALF_YEARLY','MONTHLY','QUARTERLY','YEARLY') NOT NULL,
  `profit_ratio` decimal(10,4) NOT NULL,
  `scheme_code` varchar(40) NOT NULL,
  `scheme_name` varchar(150) NOT NULL,
  `scheme_type` enum('EDUCATION_SAVINGS','GENERAL_SAVINGS','HAJJ_SAVINGS','MARRIAGE_SAVINGS','MONTHLY_SAVINGS','PENSION_SAVINGS') NOT NULL,
  `status` enum('ACTIVE','ARCHIVED','PENDING') NOT NULL,
  `tenure_months` int NOT NULL,
  `updated_at` datetime(6) NOT NULL,
  PRIMARY KEY (`id`),
  UNIQUE KEY `uk_deposit_scheme_code` (`scheme_code`)
) ENGINE=InnoDB AUTO_INCREMENT=16 DEFAULT CHARSET=utf8mb4 COLLATE=utf8mb4_0900_ai_ci;
/*!40101 SET character_set_client = @saved_cs_client */;

--
-- Dumping data for table `deposit_scheme`
--

LOCK TABLES `deposit_scheme` WRITE;
/*!40000 ALTER TABLE `deposit_scheme` DISABLE KEYS */;
INSERT INTO `deposit_scheme` VALUES (1,'2026-05-02 00:01:55.957384',1000.00,'MONTHLY',4.5000,'DPS-00001','Monthly Saver Plus','MONTHLY_SAVINGS','ACTIVE',6,'2026-05-02 00:01:55.957384'),(2,'2026-05-02 00:01:56.059383',1500.00,'QUARTERLY',5.2500,'DPS-00002','Hajj Vision Plan','HAJJ_SAVINGS','ARCHIVED',12,'2026-05-02 00:01:56.059383'),(3,'2026-05-02 00:01:56.090383',1200.00,'HALF_YEARLY',5.1000,'DPS-00003','Education Future Care','EDUCATION_SAVINGS','ACTIVE',18,'2026-05-02 00:01:56.090383'),(4,'2026-05-02 00:01:56.122383',2000.00,'YEARLY',5.7500,'DPS-00004','Marriage Goal Deposit','MARRIAGE_SAVINGS','ACTIVE',24,'2026-05-02 00:01:56.122383'),(5,'2026-05-02 00:01:56.153395',1800.00,'MONTHLY',4.9500,'DPS-00005','Pension Comfort','PENSION_SAVINGS','ARCHIVED',12,'2026-05-02 00:01:56.153395'),(6,'2026-05-02 00:01:56.184386',900.00,'MONTHLY',4.2500,'DPS-00006','General Saver Mini','GENERAL_SAVINGS','ACTIVE',6,'2026-05-02 00:01:56.184386'),(7,'2026-05-02 00:01:56.214383',1100.00,'QUARTERLY',4.8500,'DPS-00007','Umrah Preparation Scheme','HAJJ_SAVINGS','ACTIVE',9,'2026-05-02 15:21:35.724807'),(8,'2026-05-02 00:01:56.241386',800.00,'MONTHLY',4.4000,'DPS-00008','Student Growth Deposit','EDUCATION_SAVINGS','ACTIVE',12,'2026-05-02 00:01:56.241386'),(9,'2026-05-02 00:01:56.271386',1300.00,'HALF_YEARLY',5.0000,'DPS-00009','Family Monthly Nest','MONTHLY_SAVINGS','ACTIVE',18,'2026-05-02 00:01:56.271386'),(10,'2026-05-02 00:01:56.301384',700.00,'MONTHLY',4.0000,'DPS-00010','Micro Saver Plan','GENERAL_SAVINGS','ARCHIVED',6,'2026-05-02 00:15:33.724339'),(11,'2026-05-02 00:01:56.330386',1400.00,'QUARTERLY',5.3500,'DPS-00011','Women Prosperity Deposit','GENERAL_SAVINGS','ACTIVE',12,'2026-05-02 00:01:56.330386'),(12,'2026-05-02 00:01:56.358384',1600.00,'HALF_YEARLY',5.6000,'DPS-00012','Senior Peace Scheme','PENSION_SAVINGS','ACTIVE',24,'2026-05-02 00:01:56.358384'),(13,'2026-05-02 00:01:56.387384',1250.00,'QUARTERLY',4.7000,'DPS-00013','NRB Family Support','GENERAL_SAVINGS','ACTIVE',9,'2026-05-02 00:01:56.387384'),(14,'2026-05-02 00:01:56.415384',2200.00,'MONTHLY',5.9000,'DPS-00014','Marriage Premium Shield','MARRIAGE_SAVINGS','ARCHIVED',12,'2026-05-02 00:15:09.166585'),(15,'2026-05-02 00:01:56.441383',950.00,'MONTHLY',4.6500,'DPS-00015','Digital Saver Flex','MONTHLY_SAVINGS','ACTIVE',6,'2026-05-02 15:21:28.173556');
/*!40000 ALTER TABLE `deposit_scheme` ENABLE KEYS */;
UNLOCK TABLES;

--
-- Table structure for table `deposit_scheme_enrollment`
--

DROP TABLE IF EXISTS `deposit_scheme_enrollment`;
/*!40101 SET @saved_cs_client     = @@character_set_client */;
/*!50503 SET character_set_client = utf8mb4 */;
CREATE TABLE `deposit_scheme_enrollment` (
  `id` bigint NOT NULL AUTO_INCREMENT,
  `created_at` datetime(6) NOT NULL,
  `early_withdrawal_requested` bit(1) NOT NULL,
  `early_withdrawal_requested_at` datetime(6) DEFAULT NULL,
  `enrollment_no` varchar(40) NOT NULL,
  `enrollment_status` enum('ACTIVE','CLOSED','EARLY_WITHDRAWAL_REQUESTED','EARLY_WITHDRAWN','MATURED') NOT NULL,
  `installment_amount` decimal(18,2) NOT NULL,
  `maturity_amount` decimal(18,2) DEFAULT NULL,
  `maturity_date` date NOT NULL,
  `remarks` varchar(500) DEFAULT NULL,
  `start_date` date NOT NULL,
  `status` enum('ACTIVE','ARCHIVED','PENDING') NOT NULL,
  `updated_at` datetime(6) NOT NULL,
  `customer_id` bigint NOT NULL,
  `linked_account_id` bigint NOT NULL,
  `scheme_id` bigint NOT NULL,
  PRIMARY KEY (`id`),
  UNIQUE KEY `uk_deposit_scheme_enrollment_no` (`enrollment_no`),
  KEY `FKt3vv8lv3s5trmy4ytgoe3eaoy` (`customer_id`),
  KEY `FK8iynwdt4o8h6q8pi18un7234l` (`linked_account_id`),
  KEY `FK2famwud7hmqpvuonap8w16lr4` (`scheme_id`),
  CONSTRAINT `FK2famwud7hmqpvuonap8w16lr4` FOREIGN KEY (`scheme_id`) REFERENCES `deposit_scheme` (`id`),
  CONSTRAINT `FK8iynwdt4o8h6q8pi18un7234l` FOREIGN KEY (`linked_account_id`) REFERENCES `account` (`id`),
  CONSTRAINT `FKt3vv8lv3s5trmy4ytgoe3eaoy` FOREIGN KEY (`customer_id`) REFERENCES `customer` (`id`)
) ENGINE=InnoDB AUTO_INCREMENT=16 DEFAULT CHARSET=utf8mb4 COLLATE=utf8mb4_0900_ai_ci;
/*!40101 SET character_set_client = @saved_cs_client */;

--
-- Dumping data for table `deposit_scheme_enrollment`
--

LOCK TABLES `deposit_scheme_enrollment` WRITE;
/*!40000 ALTER TABLE `deposit_scheme_enrollment` DISABLE KEYS */;
INSERT INTO `deposit_scheme_enrollment` VALUES (1,'2026-05-02 00:01:56.529384',_binary '\0',NULL,'DSE-00001','MATURED',1500.00,9033.78,'2025-07-01','Seed matured enrollment','2025-01-01','ACTIVE','2026-05-02 00:01:56.592384',1,1,1),(2,'2026-05-02 00:01:56.659388',_binary '\0',NULL,'DSE-00002','MATURED',1800.00,21694.56,'2026-02-01','Seed matured enrollment','2025-02-01','ACTIVE','2026-05-02 00:01:56.709385',3,3,2),(3,'2026-05-02 00:01:56.748387',_binary '\0',NULL,'DSE-00003','ACTIVE',1600.00,28922.40,'2026-09-01','Seed matured enrollment','2025-03-01','ACTIVE','2026-05-02 00:01:56.808386',7,7,3),(4,'2026-05-02 00:01:56.854387',_binary '\0',NULL,'DSE-00004','ACTIVE',2400.00,57876.00,'2027-04-01','Seed matured enrollment','2025-04-01','ACTIVE','2026-05-02 00:01:56.938384',9,9,4),(5,'2026-05-02 00:01:57.020716',_binary '\0',NULL,'DSE-00005','MATURED',2000.00,24099.00,'2026-05-01','Seed matured enrollment','2025-05-01','ACTIVE','2026-05-02 00:01:57.083228',11,11,5),(6,'2026-05-02 00:01:57.124226',_binary '','2026-05-02 00:01:58.000000','DSE-00006','EARLY_WITHDRAWAL_REQUESTED',1000.00,6021.24,'2026-03-01','Seed early withdrawal request','2025-09-01','ACTIVE','2026-05-02 00:01:57.164227',13,13,6),(7,'2026-05-02 00:01:57.216228',_binary '\0',NULL,'DSE-00007','ACTIVE',1250.00,11295.45,'2026-07-01','Active due enrollment','2025-10-01','ACTIVE','2026-05-02 00:01:57.245227',15,15,7),(8,'2026-05-02 00:01:57.297234',_binary '\0',NULL,'DSE-00008','ACTIVE',900.00,10839.60,'2026-11-01','Active due enrollment','2025-11-01','ACTIVE','2026-05-02 00:01:57.356230',1,1,8),(9,'2026-05-02 00:01:57.399232',_binary '\0',NULL,'DSE-00009','ACTIVE',1500.00,27112.50,'2027-06-01','Active due enrollment','2025-12-01','ACTIVE','2026-05-02 00:01:57.490227',3,3,9),(10,'2026-05-02 00:01:57.523226',_binary '','2026-05-02 00:01:58.000000','DSE-00010','EARLY_WITHDRAWAL_REQUESTED',850.00,5116.98,'2026-07-01','Seed early withdrawal request','2026-01-01','ACTIVE','2026-05-02 00:01:57.552226',7,7,10),(11,'2026-05-02 00:01:57.583227',_binary '\0',NULL,'DSE-00011','ACTIVE',1700.00,20490.96,'2027-02-01','Fresh enrollment','2026-02-01','ACTIVE','2026-05-02 00:01:57.620226',9,9,11),(12,'2026-05-02 00:01:57.652230',_binary '\0',NULL,'DSE-00012','ACTIVE',1900.00,45812.88,'2028-03-01','Fresh enrollment','2026-03-01','ACTIVE','2026-05-02 00:01:57.711229',11,11,12),(13,'2026-05-02 00:01:57.752226',_binary '\0',NULL,'DSE-00013','ACTIVE',1300.00,11745.81,'2026-10-15','Quarterly enrollment','2026-01-15','ACTIVE','2026-05-02 00:01:57.778228',13,13,13),(14,'2026-05-02 00:01:57.810226',_binary '','2026-05-02 00:01:58.000000','DSE-00014','EARLY_WITHDRAWAL_REQUESTED',2500.00,30147.48,'2027-02-15','Seed early withdrawal request','2026-02-15','ACTIVE','2026-05-02 00:01:57.859229',15,15,14),(15,'2026-05-02 00:01:57.892228',_binary '\0',NULL,'DSE-00015','ACTIVE',1100.00,6625.56,'2026-09-15','Digital enrollment','2026-03-15','ACTIVE','2026-05-02 00:01:57.937230',1,1,15);
/*!40000 ALTER TABLE `deposit_scheme_enrollment` ENABLE KEYS */;
UNLOCK TABLES;

--
-- Table structure for table `deposit_scheme_profit_distribution`
--

DROP TABLE IF EXISTS `deposit_scheme_profit_distribution`;
/*!40101 SET @saved_cs_client     = @@character_set_client */;
/*!50503 SET character_set_client = utf8mb4 */;
CREATE TABLE `deposit_scheme_profit_distribution` (
  `id` bigint NOT NULL AUTO_INCREMENT,
  `created_at` datetime(6) NOT NULL,
  `credited_account_id` bigint DEFAULT NULL,
  `distribution_date` date NOT NULL,
  `distribution_no` int NOT NULL,
  `distribution_status` enum('DISTRIBUTED','PENDING','SKIPPED') NOT NULL,
  `period_from` date NOT NULL,
  `period_to` date NOT NULL,
  `profit_amount` decimal(18,2) NOT NULL,
  `remarks` varchar(500) DEFAULT NULL,
  `status` enum('ACTIVE','ARCHIVED','PENDING') NOT NULL,
  `enrollment_id` bigint NOT NULL,
  PRIMARY KEY (`id`),
  KEY `FKm4q04nsnji3jd8gqkay38sn8k` (`enrollment_id`),
  CONSTRAINT `FKm4q04nsnji3jd8gqkay38sn8k` FOREIGN KEY (`enrollment_id`) REFERENCES `deposit_scheme_enrollment` (`id`)
) ENGINE=InnoDB AUTO_INCREMENT=87 DEFAULT CHARSET=utf8mb4 COLLATE=utf8mb4_0900_ai_ci;
/*!40101 SET character_set_client = @saved_cs_client */;

--
-- Dumping data for table `deposit_scheme_profit_distribution`
--

LOCK TABLES `deposit_scheme_profit_distribution` WRITE;
/*!40000 ALTER TABLE `deposit_scheme_profit_distribution` DISABLE KEYS */;
INSERT INTO `deposit_scheme_profit_distribution` VALUES (1,'2026-05-02 00:01:56.556384',1,'2025-01-01',1,'DISTRIBUTED','2025-01-01','2025-01-01',5.63,'Auto-generated from scheme enrollment','ACTIVE',1),(2,'2026-05-02 00:01:56.560382',1,'2025-02-01',2,'DISTRIBUTED','2025-02-01','2025-02-01',5.63,'Auto-generated from scheme enrollment','ACTIVE',1),(3,'2026-05-02 00:01:56.566388',1,'2025-03-01',3,'DISTRIBUTED','2025-03-01','2025-03-01',5.63,'Auto-generated from scheme enrollment','ACTIVE',1),(4,'2026-05-02 00:01:56.569384',1,'2025-04-01',4,'DISTRIBUTED','2025-04-01','2025-04-01',5.63,'Auto-generated from scheme enrollment','ACTIVE',1),(5,'2026-05-02 00:01:56.571384',1,'2025-05-01',5,'DISTRIBUTED','2025-05-01','2025-05-01',5.63,'Auto-generated from scheme enrollment','ACTIVE',1),(6,'2026-05-02 00:01:56.574385',1,'2025-06-01',6,'DISTRIBUTED','2025-06-01','2025-06-01',5.63,'Auto-generated from scheme enrollment','ACTIVE',1),(7,'2026-05-02 00:01:56.693387',3,'2025-04-01',1,'DISTRIBUTED','2025-02-01','2025-04-01',23.64,'Auto-generated from scheme enrollment','ACTIVE',2),(8,'2026-05-02 00:01:56.696384',3,'2025-07-01',2,'DISTRIBUTED','2025-05-01','2025-07-01',23.64,'Auto-generated from scheme enrollment','ACTIVE',2),(9,'2026-05-02 00:01:56.699387',3,'2025-10-01',3,'DISTRIBUTED','2025-08-01','2025-10-01',23.64,'Auto-generated from scheme enrollment','ACTIVE',2),(10,'2026-05-02 00:01:56.702386',3,'2026-01-01',4,'DISTRIBUTED','2025-11-01','2026-01-01',23.64,'Auto-generated from scheme enrollment','ACTIVE',2),(11,'2026-05-02 00:01:56.794384',7,'2025-08-01',1,'DISTRIBUTED','2025-03-01','2025-08-01',40.80,'Auto-generated from scheme enrollment','ACTIVE',3),(12,'2026-05-02 00:01:56.798389',7,'2026-02-01',2,'DISTRIBUTED','2025-09-01','2026-02-01',40.80,'Auto-generated from scheme enrollment','ACTIVE',3),(13,'2026-05-02 00:01:56.801388',7,'2026-08-01',3,'PENDING','2026-03-01','2026-08-01',40.80,'Auto-generated from scheme enrollment','ACTIVE',3),(14,'2026-05-02 00:01:56.916386',9,'2026-03-01',1,'DISTRIBUTED','2025-04-01','2026-03-01',138.00,'Auto-generated from scheme enrollment','ACTIVE',4),(15,'2026-05-02 00:01:56.918384',9,'2027-03-01',2,'PENDING','2026-04-01','2027-03-01',138.00,'Auto-generated from scheme enrollment','ACTIVE',4),(16,'2026-05-02 00:01:57.053229',11,'2025-05-01',1,'DISTRIBUTED','2025-05-01','2025-05-01',8.25,'Auto-generated from scheme enrollment','ACTIVE',5),(17,'2026-05-02 00:01:57.055234',11,'2025-06-01',2,'DISTRIBUTED','2025-06-01','2025-06-01',8.25,'Auto-generated from scheme enrollment','ACTIVE',5),(18,'2026-05-02 00:01:57.056229',11,'2025-07-01',3,'DISTRIBUTED','2025-07-01','2025-07-01',8.25,'Auto-generated from scheme enrollment','ACTIVE',5),(19,'2026-05-02 00:01:57.058229',11,'2025-08-01',4,'DISTRIBUTED','2025-08-01','2025-08-01',8.25,'Auto-generated from scheme enrollment','ACTIVE',5),(20,'2026-05-02 00:01:57.060235',11,'2025-09-01',5,'DISTRIBUTED','2025-09-01','2025-09-01',8.25,'Auto-generated from scheme enrollment','ACTIVE',5),(21,'2026-05-02 00:01:57.063232',11,'2025-10-01',6,'DISTRIBUTED','2025-10-01','2025-10-01',8.25,'Auto-generated from scheme enrollment','ACTIVE',5),(22,'2026-05-02 00:01:57.065228',11,'2025-11-01',7,'DISTRIBUTED','2025-11-01','2025-11-01',8.25,'Auto-generated from scheme enrollment','ACTIVE',5),(23,'2026-05-02 00:01:57.067236',11,'2025-12-01',8,'DISTRIBUTED','2025-12-01','2025-12-01',8.25,'Auto-generated from scheme enrollment','ACTIVE',5),(24,'2026-05-02 00:01:57.069227',11,'2026-01-01',9,'DISTRIBUTED','2026-01-01','2026-01-01',8.25,'Auto-generated from scheme enrollment','ACTIVE',5),(25,'2026-05-02 00:01:57.071236',11,'2026-02-01',10,'DISTRIBUTED','2026-02-01','2026-02-01',8.25,'Auto-generated from scheme enrollment','ACTIVE',5),(26,'2026-05-02 00:01:57.073229',11,'2026-03-01',11,'DISTRIBUTED','2026-03-01','2026-03-01',8.25,'Auto-generated from scheme enrollment','ACTIVE',5),(27,'2026-05-02 00:01:57.075234',11,'2026-04-01',12,'DISTRIBUTED','2026-04-01','2026-04-01',8.25,'Auto-generated from scheme enrollment','ACTIVE',5),(28,'2026-05-02 00:01:57.141227',13,'2025-09-01',1,'SKIPPED','2025-09-01','2025-09-01',3.54,'Auto-generated from scheme enrollment','ACTIVE',6),(29,'2026-05-02 00:01:57.142227',13,'2025-10-01',2,'DISTRIBUTED','2025-10-01','2025-10-01',3.54,'Auto-generated from scheme enrollment','ACTIVE',6),(30,'2026-05-02 00:01:57.146230',13,'2025-11-01',3,'DISTRIBUTED','2025-11-01','2025-11-01',3.54,'Auto-generated from scheme enrollment','ACTIVE',6),(31,'2026-05-02 00:01:57.149229',13,'2025-12-01',4,'DISTRIBUTED','2025-12-01','2025-12-01',3.54,'Auto-generated from scheme enrollment','ACTIVE',6),(32,'2026-05-02 00:01:57.151232',13,'2026-01-01',5,'DISTRIBUTED','2026-01-01','2026-01-01',3.54,'Auto-generated from scheme enrollment','ACTIVE',6),(33,'2026-05-02 00:01:57.152232',13,'2026-02-01',6,'DISTRIBUTED','2026-02-01','2026-02-01',3.54,'Auto-generated from scheme enrollment','ACTIVE',6),(34,'2026-05-02 00:01:57.235229',15,'2025-12-01',1,'DISTRIBUTED','2025-10-01','2025-12-01',15.15,'Auto-generated from scheme enrollment','ACTIVE',7),(35,'2026-05-02 00:01:57.237228',15,'2026-03-01',2,'DISTRIBUTED','2026-01-01','2026-03-01',15.15,'Auto-generated from scheme enrollment','ACTIVE',7),(36,'2026-05-02 00:01:57.239231',15,'2026-06-01',3,'PENDING','2026-04-01','2026-06-01',15.15,'Auto-generated from scheme enrollment','ACTIVE',7),(37,'2026-05-02 00:01:57.325228',1,'2025-11-01',1,'DISTRIBUTED','2025-11-01','2025-11-01',3.30,'Auto-generated from scheme enrollment','ACTIVE',8),(38,'2026-05-02 00:01:57.327228',1,'2025-12-01',2,'DISTRIBUTED','2025-12-01','2025-12-01',3.30,'Auto-generated from scheme enrollment','ACTIVE',8),(39,'2026-05-02 00:01:57.331229',1,'2026-01-01',3,'DISTRIBUTED','2026-01-01','2026-01-01',3.30,'Auto-generated from scheme enrollment','ACTIVE',8),(40,'2026-05-02 00:01:57.333231',1,'2026-02-01',4,'DISTRIBUTED','2026-02-01','2026-02-01',3.30,'Auto-generated from scheme enrollment','ACTIVE',8),(41,'2026-05-02 00:01:57.334228',1,'2026-03-01',5,'DISTRIBUTED','2026-03-01','2026-03-01',3.30,'Auto-generated from scheme enrollment','ACTIVE',8),(42,'2026-05-02 00:01:57.336225',1,'2026-04-01',6,'DISTRIBUTED','2026-04-01','2026-04-01',3.30,'Auto-generated from scheme enrollment','ACTIVE',8),(43,'2026-05-02 00:01:57.338227',1,'2026-05-01',7,'DISTRIBUTED','2026-05-01','2026-05-01',3.30,'Auto-generated from scheme enrollment','ACTIVE',8),(44,'2026-05-02 00:01:57.341228',1,'2026-06-01',8,'PENDING','2026-06-01','2026-06-01',3.30,'Auto-generated from scheme enrollment','ACTIVE',8),(45,'2026-05-02 00:01:57.342226',1,'2026-07-01',9,'PENDING','2026-07-01','2026-07-01',3.30,'Auto-generated from scheme enrollment','ACTIVE',8),(46,'2026-05-02 00:01:57.344227',1,'2026-08-01',10,'PENDING','2026-08-01','2026-08-01',3.30,'Auto-generated from scheme enrollment','ACTIVE',8),(47,'2026-05-02 00:01:57.348230',1,'2026-09-01',11,'PENDING','2026-09-01','2026-09-01',3.30,'Auto-generated from scheme enrollment','ACTIVE',8),(48,'2026-05-02 00:01:57.350225',1,'2026-10-01',12,'PENDING','2026-10-01','2026-10-01',3.30,'Auto-generated from scheme enrollment','ACTIVE',8),(49,'2026-05-02 00:01:57.467229',3,'2026-05-01',1,'DISTRIBUTED','2025-12-01','2026-05-01',37.50,'Auto-generated from scheme enrollment','ACTIVE',9),(50,'2026-05-02 00:01:57.469226',3,'2026-11-01',2,'PENDING','2026-06-01','2026-11-01',37.50,'Auto-generated from scheme enrollment','ACTIVE',9),(51,'2026-05-02 00:01:57.472226',3,'2027-05-01',3,'PENDING','2026-12-01','2027-05-01',37.50,'Auto-generated from scheme enrollment','ACTIVE',9),(52,'2026-05-02 00:01:57.537229',7,'2026-01-01',1,'SKIPPED','2026-01-01','2026-01-01',2.83,'Auto-generated from scheme enrollment','ACTIVE',10),(53,'2026-05-02 00:01:57.539228',7,'2026-02-01',2,'DISTRIBUTED','2026-02-01','2026-02-01',2.83,'Auto-generated from scheme enrollment','ACTIVE',10),(54,'2026-05-02 00:01:57.540228',7,'2026-03-01',3,'DISTRIBUTED','2026-03-01','2026-03-01',2.83,'Auto-generated from scheme enrollment','ACTIVE',10),(55,'2026-05-02 00:01:57.542231',7,'2026-04-01',4,'DISTRIBUTED','2026-04-01','2026-04-01',2.83,'Auto-generated from scheme enrollment','ACTIVE',10),(56,'2026-05-02 00:01:57.544228',7,'2026-05-01',5,'DISTRIBUTED','2026-05-01','2026-05-01',2.83,'Auto-generated from scheme enrollment','ACTIVE',10),(57,'2026-05-02 00:01:57.546226',7,'2026-06-01',6,'PENDING','2026-06-01','2026-06-01',2.83,'Auto-generated from scheme enrollment','ACTIVE',10),(58,'2026-05-02 00:01:57.608228',9,'2026-04-01',1,'DISTRIBUTED','2026-02-01','2026-04-01',22.74,'Auto-generated from scheme enrollment','ACTIVE',11),(59,'2026-05-02 00:01:57.610225',9,'2026-07-01',2,'PENDING','2026-05-01','2026-07-01',22.74,'Auto-generated from scheme enrollment','ACTIVE',11),(60,'2026-05-02 00:01:57.612229',9,'2026-10-01',3,'PENDING','2026-08-01','2026-10-01',22.74,'Auto-generated from scheme enrollment','ACTIVE',11),(61,'2026-05-02 00:01:57.615229',9,'2027-01-01',4,'PENDING','2026-11-01','2027-01-01',22.74,'Auto-generated from scheme enrollment','ACTIVE',11),(62,'2026-05-02 00:01:57.697231',11,'2026-08-01',1,'PENDING','2026-03-01','2026-08-01',53.22,'Auto-generated from scheme enrollment','ACTIVE',12),(63,'2026-05-02 00:01:57.699233',11,'2027-02-01',2,'PENDING','2026-09-01','2027-02-01',53.22,'Auto-generated from scheme enrollment','ACTIVE',12),(64,'2026-05-02 00:01:57.701228',11,'2027-08-01',3,'PENDING','2027-03-01','2027-08-01',53.22,'Auto-generated from scheme enrollment','ACTIVE',12),(65,'2026-05-02 00:01:57.702225',11,'2028-02-01',4,'PENDING','2027-09-01','2028-02-01',53.22,'Auto-generated from scheme enrollment','ACTIVE',12),(66,'2026-05-02 00:01:57.770228',13,'2026-03-15',1,'DISTRIBUTED','2026-01-15','2026-03-15',15.27,'Auto-generated from scheme enrollment','ACTIVE',13),(67,'2026-05-02 00:01:57.771225',13,'2026-06-15',2,'PENDING','2026-04-15','2026-06-15',15.27,'Auto-generated from scheme enrollment','ACTIVE',13),(68,'2026-05-02 00:01:57.773227',13,'2026-09-15',3,'PENDING','2026-07-15','2026-09-15',15.27,'Auto-generated from scheme enrollment','ACTIVE',13),(69,'2026-05-02 00:01:57.834230',15,'2026-02-15',1,'SKIPPED','2026-02-15','2026-02-15',12.29,'Auto-generated from scheme enrollment','ACTIVE',14),(70,'2026-05-02 00:01:57.836229',15,'2026-03-15',2,'DISTRIBUTED','2026-03-15','2026-03-15',12.29,'Auto-generated from scheme enrollment','ACTIVE',14),(71,'2026-05-02 00:01:57.838228',15,'2026-04-15',3,'DISTRIBUTED','2026-04-15','2026-04-15',12.29,'Auto-generated from scheme enrollment','ACTIVE',14),(72,'2026-05-02 00:01:57.839225',15,'2026-05-15',4,'PENDING','2026-05-15','2026-05-15',12.29,'Auto-generated from scheme enrollment','ACTIVE',14),(73,'2026-05-02 00:01:57.841229',15,'2026-06-15',5,'PENDING','2026-06-15','2026-06-15',12.29,'Auto-generated from scheme enrollment','ACTIVE',14),(74,'2026-05-02 00:01:57.843228',15,'2026-07-15',6,'PENDING','2026-07-15','2026-07-15',12.29,'Auto-generated from scheme enrollment','ACTIVE',14),(75,'2026-05-02 00:01:57.845229',15,'2026-08-15',7,'PENDING','2026-08-15','2026-08-15',12.29,'Auto-generated from scheme enrollment','ACTIVE',14),(76,'2026-05-02 00:01:57.847225',15,'2026-09-15',8,'PENDING','2026-09-15','2026-09-15',12.29,'Auto-generated from scheme enrollment','ACTIVE',14),(77,'2026-05-02 00:01:57.849228',15,'2026-10-15',9,'PENDING','2026-10-15','2026-10-15',12.29,'Auto-generated from scheme enrollment','ACTIVE',14),(78,'2026-05-02 00:01:57.851231',15,'2026-11-15',10,'PENDING','2026-11-15','2026-11-15',12.29,'Auto-generated from scheme enrollment','ACTIVE',14),(79,'2026-05-02 00:01:57.852230',15,'2026-12-15',11,'PENDING','2026-12-15','2026-12-15',12.29,'Auto-generated from scheme enrollment','ACTIVE',14),(80,'2026-05-02 00:01:57.854230',15,'2027-01-15',12,'PENDING','2027-01-15','2027-01-15',12.29,'Auto-generated from scheme enrollment','ACTIVE',14),(81,'2026-05-02 00:01:57.909229',1,'2026-03-15',1,'DISTRIBUTED','2026-03-15','2026-03-15',4.26,'Auto-generated from scheme enrollment','ACTIVE',15),(82,'2026-05-02 00:01:57.912230',1,'2026-04-15',2,'DISTRIBUTED','2026-04-15','2026-04-15',4.26,'Auto-generated from scheme enrollment','ACTIVE',15),(83,'2026-05-02 00:01:57.919230',1,'2026-05-15',3,'PENDING','2026-05-15','2026-05-15',4.26,'Auto-generated from scheme enrollment','ACTIVE',15),(84,'2026-05-02 00:01:57.922231',1,'2026-06-15',4,'PENDING','2026-06-15','2026-06-15',4.26,'Auto-generated from scheme enrollment','ACTIVE',15),(85,'2026-05-02 00:01:57.925230',1,'2026-07-15',5,'PENDING','2026-07-15','2026-07-15',4.26,'Auto-generated from scheme enrollment','ACTIVE',15),(86,'2026-05-02 00:01:57.927231',1,'2026-08-15',6,'PENDING','2026-08-15','2026-08-15',4.26,'Auto-generated from scheme enrollment','ACTIVE',15);
/*!40000 ALTER TABLE `deposit_scheme_profit_distribution` ENABLE KEYS */;
UNLOCK TABLES;

--
-- Table structure for table `deposit_scheme_schedule`
--

DROP TABLE IF EXISTS `deposit_scheme_schedule`;
/*!40101 SET @saved_cs_client     = @@character_set_client */;
/*!50503 SET character_set_client = utf8mb4 */;
CREATE TABLE `deposit_scheme_schedule` (
  `id` bigint NOT NULL AUTO_INCREMENT,
  `created_at` datetime(6) NOT NULL,
  `due_date` date NOT NULL,
  `installment_amount` decimal(18,2) NOT NULL,
  `installment_no` int NOT NULL,
  `paid_at` datetime(6) DEFAULT NULL,
  `payment_status` enum('OVERDUE','PAID','PENDING') NOT NULL,
  `profit_amount` decimal(18,2) NOT NULL,
  `status` enum('ACTIVE','ARCHIVED','PENDING') NOT NULL,
  `total_due_amount` decimal(18,2) NOT NULL,
  `enrollment_id` bigint NOT NULL,
  PRIMARY KEY (`id`),
  KEY `FKrjxqlaxh2psb5ok18vupbtl0r` (`enrollment_id`),
  CONSTRAINT `FKrjxqlaxh2psb5ok18vupbtl0r` FOREIGN KEY (`enrollment_id`) REFERENCES `deposit_scheme_enrollment` (`id`)
) ENGINE=InnoDB AUTO_INCREMENT=187 DEFAULT CHARSET=utf8mb4 COLLATE=utf8mb4_0900_ai_ci;
/*!40101 SET character_set_client = @saved_cs_client */;

--
-- Dumping data for table `deposit_scheme_schedule`
--

LOCK TABLES `deposit_scheme_schedule` WRITE;
/*!40000 ALTER TABLE `deposit_scheme_schedule` DISABLE KEYS */;
INSERT INTO `deposit_scheme_schedule` VALUES (1,'2026-05-02 00:01:56.538385','2025-01-01',1500.00,1,NULL,'OVERDUE',5.63,'ACTIVE',1505.63,1),(2,'2026-05-02 00:01:56.542384','2025-02-01',1500.00,2,NULL,'OVERDUE',5.63,'ACTIVE',1505.63,1),(3,'2026-05-02 00:01:56.545385','2025-03-01',1500.00,3,'2025-03-01 00:00:00.000000','PAID',5.63,'ACTIVE',1505.63,1),(4,'2026-05-02 00:01:56.547384','2025-04-01',1500.00,4,NULL,'OVERDUE',5.63,'ACTIVE',1505.63,1),(5,'2026-05-02 00:01:56.550385','2025-05-01',1500.00,5,NULL,'OVERDUE',5.63,'ACTIVE',1505.63,1),(6,'2026-05-02 00:01:56.552385','2025-06-01',1500.00,6,'2025-06-01 00:00:00.000000','PAID',5.63,'ACTIVE',1505.63,1),(7,'2026-05-02 00:01:56.663387','2025-02-01',1800.00,1,NULL,'OVERDUE',7.88,'ACTIVE',1807.88,2),(8,'2026-05-02 00:01:56.666386','2025-03-01',1800.00,2,NULL,'OVERDUE',7.88,'ACTIVE',1807.88,2),(9,'2026-05-02 00:01:56.669385','2025-04-01',1800.00,3,'2025-04-01 00:00:00.000000','PAID',7.88,'ACTIVE',1807.88,2),(10,'2026-05-02 00:01:56.671386','2025-05-01',1800.00,4,NULL,'OVERDUE',7.88,'ACTIVE',1807.88,2),(11,'2026-05-02 00:01:56.673386','2025-06-01',1800.00,5,NULL,'OVERDUE',7.88,'ACTIVE',1807.88,2),(12,'2026-05-02 00:01:56.675384','2025-07-01',1800.00,6,'2025-07-01 00:00:00.000000','PAID',7.88,'ACTIVE',1807.88,2),(13,'2026-05-02 00:01:56.678384','2025-08-01',1800.00,7,NULL,'OVERDUE',7.88,'ACTIVE',1807.88,2),(14,'2026-05-02 00:01:56.682388','2025-09-01',1800.00,8,NULL,'OVERDUE',7.88,'ACTIVE',1807.88,2),(15,'2026-05-02 00:01:56.685386','2025-10-01',1800.00,9,'2025-10-01 00:00:00.000000','PAID',7.88,'ACTIVE',1807.88,2),(16,'2026-05-02 00:01:56.687384','2025-11-01',1800.00,10,NULL,'OVERDUE',7.88,'ACTIVE',1807.88,2),(17,'2026-05-02 00:01:56.689388','2025-12-01',1800.00,11,NULL,'OVERDUE',7.88,'ACTIVE',1807.88,2),(18,'2026-05-02 00:01:56.691382','2026-01-01',1800.00,12,'2026-01-01 00:00:00.000000','PAID',7.88,'ACTIVE',1807.88,2),(19,'2026-05-02 00:01:56.751383','2025-03-01',1600.00,1,NULL,'OVERDUE',6.80,'ACTIVE',1606.80,3),(20,'2026-05-02 00:01:56.753384','2025-04-01',1600.00,2,NULL,'OVERDUE',6.80,'ACTIVE',1606.80,3),(21,'2026-05-02 00:01:56.755384','2025-05-01',1600.00,3,'2025-05-01 00:00:00.000000','PAID',6.80,'ACTIVE',1606.80,3),(22,'2026-05-02 00:01:56.757384','2025-06-01',1600.00,4,NULL,'OVERDUE',6.80,'ACTIVE',1606.80,3),(23,'2026-05-02 00:01:56.759383','2025-07-01',1600.00,5,NULL,'OVERDUE',6.80,'ACTIVE',1606.80,3),(24,'2026-05-02 00:01:56.762387','2025-08-01',1600.00,6,'2025-08-01 00:00:00.000000','PAID',6.80,'ACTIVE',1606.80,3),(25,'2026-05-02 00:01:56.765384','2025-09-01',1600.00,7,NULL,'OVERDUE',6.80,'ACTIVE',1606.80,3),(26,'2026-05-02 00:01:56.767385','2025-10-01',1600.00,8,NULL,'OVERDUE',6.80,'ACTIVE',1606.80,3),(27,'2026-05-02 00:01:56.768383','2025-11-01',1600.00,9,'2025-11-01 00:00:00.000000','PAID',6.80,'ACTIVE',1606.80,3),(28,'2026-05-02 00:01:56.770383','2025-12-01',1600.00,10,NULL,'OVERDUE',6.80,'ACTIVE',1606.80,3),(29,'2026-05-02 00:01:56.772384','2026-01-01',1600.00,11,NULL,'OVERDUE',6.80,'ACTIVE',1606.80,3),(30,'2026-05-02 00:01:56.773388','2026-02-01',1600.00,12,'2026-02-01 00:00:00.000000','PAID',6.80,'ACTIVE',1606.80,3),(31,'2026-05-02 00:01:56.776384','2026-03-01',1600.00,13,NULL,'OVERDUE',6.80,'ACTIVE',1606.80,3),(32,'2026-05-02 00:01:56.779387','2026-04-01',1600.00,14,NULL,'OVERDUE',6.80,'ACTIVE',1606.80,3),(33,'2026-05-02 00:01:56.783399','2026-05-01',1600.00,15,'2026-05-01 00:00:00.000000','PAID',6.80,'ACTIVE',1606.80,3),(34,'2026-05-02 00:01:56.785384','2026-06-01',1600.00,16,NULL,'PENDING',6.80,'ACTIVE',1606.80,3),(35,'2026-05-02 00:01:56.787381','2026-07-01',1600.00,17,NULL,'PENDING',6.80,'ACTIVE',1606.80,3),(36,'2026-05-02 00:01:56.790385','2026-08-01',1600.00,18,NULL,'PENDING',6.80,'ACTIVE',1606.80,3),(37,'2026-05-02 00:01:56.856383','2025-04-01',2400.00,1,NULL,'OVERDUE',11.50,'ACTIVE',2411.50,4),(38,'2026-05-02 00:01:56.858386','2025-05-01',2400.00,2,NULL,'OVERDUE',11.50,'ACTIVE',2411.50,4),(39,'2026-05-02 00:01:56.860386','2025-06-01',2400.00,3,'2025-06-01 00:00:00.000000','PAID',11.50,'ACTIVE',2411.50,4),(40,'2026-05-02 00:01:56.865385','2025-07-01',2400.00,4,NULL,'OVERDUE',11.50,'ACTIVE',2411.50,4),(41,'2026-05-02 00:01:56.868384','2025-08-01',2400.00,5,NULL,'OVERDUE',11.50,'ACTIVE',2411.50,4),(42,'2026-05-02 00:01:56.870385','2025-09-01',2400.00,6,'2025-09-01 00:00:00.000000','PAID',11.50,'ACTIVE',2411.50,4),(43,'2026-05-02 00:01:56.872384','2025-10-01',2400.00,7,NULL,'OVERDUE',11.50,'ACTIVE',2411.50,4),(44,'2026-05-02 00:01:56.874383','2025-11-01',2400.00,8,NULL,'OVERDUE',11.50,'ACTIVE',2411.50,4),(45,'2026-05-02 00:01:56.876383','2025-12-01',2400.00,9,'2025-12-01 00:00:00.000000','PAID',11.50,'ACTIVE',2411.50,4),(46,'2026-05-02 00:01:56.878385','2026-01-01',2400.00,10,NULL,'OVERDUE',11.50,'ACTIVE',2411.50,4),(47,'2026-05-02 00:01:56.880383','2026-02-01',2400.00,11,NULL,'OVERDUE',11.50,'ACTIVE',2411.50,4),(48,'2026-05-02 00:01:56.882385','2026-03-01',2400.00,12,'2026-03-01 00:00:00.000000','PAID',11.50,'ACTIVE',2411.50,4),(49,'2026-05-02 00:01:56.884384','2026-04-01',2400.00,13,NULL,'OVERDUE',11.50,'ACTIVE',2411.50,4),(50,'2026-05-02 00:01:56.886385','2026-05-01',2400.00,14,NULL,'OVERDUE',11.50,'ACTIVE',2411.50,4),(51,'2026-05-02 00:01:56.888383','2026-06-01',2400.00,15,NULL,'PENDING',11.50,'ACTIVE',2411.50,4),(52,'2026-05-02 00:01:56.890383','2026-07-01',2400.00,16,NULL,'PENDING',11.50,'ACTIVE',2411.50,4),(53,'2026-05-02 00:01:56.892388','2026-08-01',2400.00,17,NULL,'PENDING',11.50,'ACTIVE',2411.50,4),(54,'2026-05-02 00:01:56.894384','2026-09-01',2400.00,18,NULL,'PENDING',11.50,'ACTIVE',2411.50,4),(55,'2026-05-02 00:01:56.896390','2026-10-01',2400.00,19,NULL,'PENDING',11.50,'ACTIVE',2411.50,4),(56,'2026-05-02 00:01:56.899386','2026-11-01',2400.00,20,NULL,'PENDING',11.50,'ACTIVE',2411.50,4),(57,'2026-05-02 00:01:56.906383','2026-12-01',2400.00,21,NULL,'PENDING',11.50,'ACTIVE',2411.50,4),(58,'2026-05-02 00:01:56.908383','2027-01-01',2400.00,22,NULL,'PENDING',11.50,'ACTIVE',2411.50,4),(59,'2026-05-02 00:01:56.910383','2027-02-01',2400.00,23,NULL,'PENDING',11.50,'ACTIVE',2411.50,4),(60,'2026-05-02 00:01:56.913387','2027-03-01',2400.00,24,NULL,'PENDING',11.50,'ACTIVE',2411.50,4),(61,'2026-05-02 00:01:57.022743','2025-05-01',2000.00,1,NULL,'OVERDUE',8.25,'ACTIVE',2008.25,5),(62,'2026-05-02 00:01:57.024742','2025-06-01',2000.00,2,NULL,'OVERDUE',8.25,'ACTIVE',2008.25,5),(63,'2026-05-02 00:01:57.026745','2025-07-01',2000.00,3,'2025-07-01 00:00:00.000000','PAID',8.25,'ACTIVE',2008.25,5),(64,'2026-05-02 00:01:57.031725','2025-08-01',2000.00,4,NULL,'OVERDUE',8.25,'ACTIVE',2008.25,5),(65,'2026-05-02 00:01:57.035719','2025-09-01',2000.00,5,NULL,'OVERDUE',8.25,'ACTIVE',2008.25,5),(66,'2026-05-02 00:01:57.038473','2025-10-01',2000.00,6,'2025-10-01 00:00:00.000000','PAID',8.25,'ACTIVE',2008.25,5),(67,'2026-05-02 00:01:57.040467','2025-11-01',2000.00,7,NULL,'OVERDUE',8.25,'ACTIVE',2008.25,5),(68,'2026-05-02 00:01:57.042473','2025-12-01',2000.00,8,NULL,'OVERDUE',8.25,'ACTIVE',2008.25,5),(69,'2026-05-02 00:01:57.044468','2026-01-01',2000.00,9,'2026-01-01 00:00:00.000000','PAID',8.25,'ACTIVE',2008.25,5),(70,'2026-05-02 00:01:57.047469','2026-02-01',2000.00,10,NULL,'OVERDUE',8.25,'ACTIVE',2008.25,5),(71,'2026-05-02 00:01:57.049470','2026-03-01',2000.00,11,NULL,'OVERDUE',8.25,'ACTIVE',2008.25,5),(72,'2026-05-02 00:01:57.051226','2026-04-01',2000.00,12,'2026-04-01 00:00:00.000000','PAID',8.25,'ACTIVE',2008.25,5),(73,'2026-05-02 00:01:57.126235','2025-09-01',1000.00,1,NULL,'OVERDUE',3.54,'ACTIVE',1003.54,6),(74,'2026-05-02 00:01:57.127232','2025-10-01',1000.00,2,NULL,'OVERDUE',3.54,'ACTIVE',1003.54,6),(75,'2026-05-02 00:01:57.131230','2025-11-01',1000.00,3,'2025-11-01 00:00:00.000000','PAID',3.54,'ACTIVE',1003.54,6),(76,'2026-05-02 00:01:57.135234','2025-12-01',1000.00,4,NULL,'OVERDUE',3.54,'ACTIVE',1003.54,6),(77,'2026-05-02 00:01:57.137228','2026-01-01',1000.00,5,NULL,'OVERDUE',3.54,'ACTIVE',1003.54,6),(78,'2026-05-02 00:01:57.139226','2026-02-01',1000.00,6,'2026-02-01 00:00:00.000000','PAID',3.54,'ACTIVE',1003.54,6),(79,'2026-05-02 00:01:57.219226','2025-10-01',1250.00,1,NULL,'OVERDUE',5.05,'ACTIVE',1255.05,7),(80,'2026-05-02 00:01:57.221231','2025-11-01',1250.00,2,NULL,'OVERDUE',5.05,'ACTIVE',1255.05,7),(81,'2026-05-02 00:01:57.223232','2025-12-01',1250.00,3,'2025-12-01 00:00:00.000000','PAID',5.05,'ACTIVE',1255.05,7),(82,'2026-05-02 00:01:57.224227','2026-01-01',1250.00,4,NULL,'OVERDUE',5.05,'ACTIVE',1255.05,7),(83,'2026-05-02 00:01:57.226231','2026-02-01',1250.00,5,NULL,'OVERDUE',5.05,'ACTIVE',1255.05,7),(84,'2026-05-02 00:01:57.228226','2026-03-01',1250.00,6,'2026-03-01 00:00:00.000000','PAID',5.05,'ACTIVE',1255.05,7),(85,'2026-05-02 00:01:57.230230','2026-04-01',1250.00,7,NULL,'OVERDUE',5.05,'ACTIVE',1255.05,7),(86,'2026-05-02 00:01:57.232228','2026-05-01',1250.00,8,NULL,'OVERDUE',5.05,'ACTIVE',1255.05,7),(87,'2026-05-02 00:01:57.234228','2026-06-01',1250.00,9,NULL,'PENDING',5.05,'ACTIVE',1255.05,7),(88,'2026-05-02 00:01:57.301231','2025-11-01',900.00,1,NULL,'OVERDUE',3.30,'ACTIVE',903.30,8),(89,'2026-05-02 00:01:57.303228','2025-12-01',900.00,2,NULL,'OVERDUE',3.30,'ACTIVE',903.30,8),(90,'2026-05-02 00:01:57.304227','2026-01-01',900.00,3,'2026-01-01 00:00:00.000000','PAID',3.30,'ACTIVE',903.30,8),(91,'2026-05-02 00:01:57.306226','2026-02-01',900.00,4,NULL,'OVERDUE',3.30,'ACTIVE',903.30,8),(92,'2026-05-02 00:01:57.308228','2026-03-01',900.00,5,NULL,'OVERDUE',3.30,'ACTIVE',903.30,8),(93,'2026-05-02 00:01:57.309229','2026-04-01',900.00,6,'2026-04-01 00:00:00.000000','PAID',3.30,'ACTIVE',903.30,8),(94,'2026-05-02 00:01:57.314229','2026-05-01',900.00,7,NULL,'OVERDUE',3.30,'ACTIVE',903.30,8),(95,'2026-05-02 00:01:57.316229','2026-06-01',900.00,8,NULL,'PENDING',3.30,'ACTIVE',903.30,8),(96,'2026-05-02 00:01:57.318225','2026-07-01',900.00,9,NULL,'PENDING',3.30,'ACTIVE',903.30,8),(97,'2026-05-02 00:01:57.319226','2026-08-01',900.00,10,NULL,'PENDING',3.30,'ACTIVE',903.30,8),(98,'2026-05-02 00:01:57.321227','2026-09-01',900.00,11,NULL,'PENDING',3.30,'ACTIVE',903.30,8),(99,'2026-05-02 00:01:57.323226','2026-10-01',900.00,12,NULL,'PENDING',3.30,'ACTIVE',903.30,8),(100,'2026-05-02 00:01:57.417226','2025-12-01',1500.00,1,NULL,'OVERDUE',6.25,'ACTIVE',1506.25,9),(101,'2026-05-02 00:01:57.424227','2026-01-01',1500.00,2,NULL,'OVERDUE',6.25,'ACTIVE',1506.25,9),(102,'2026-05-02 00:01:57.426230','2026-02-01',1500.00,3,'2026-02-01 00:00:00.000000','PAID',6.25,'ACTIVE',1506.25,9),(103,'2026-05-02 00:01:57.428227','2026-03-01',1500.00,4,NULL,'OVERDUE',6.25,'ACTIVE',1506.25,9),(104,'2026-05-02 00:01:57.434229','2026-04-01',1500.00,5,NULL,'OVERDUE',6.25,'ACTIVE',1506.25,9),(105,'2026-05-02 00:01:57.436229','2026-05-01',1500.00,6,'2026-05-01 00:00:00.000000','PAID',6.25,'ACTIVE',1506.25,9),(106,'2026-05-02 00:01:57.438229','2026-06-01',1500.00,7,NULL,'PENDING',6.25,'ACTIVE',1506.25,9),(107,'2026-05-02 00:01:57.439232','2026-07-01',1500.00,8,NULL,'PENDING',6.25,'ACTIVE',1506.25,9),(108,'2026-05-02 00:01:57.441228','2026-08-01',1500.00,9,NULL,'PENDING',6.25,'ACTIVE',1506.25,9),(109,'2026-05-02 00:01:57.443230','2026-09-01',1500.00,10,NULL,'PENDING',6.25,'ACTIVE',1506.25,9),(110,'2026-05-02 00:01:57.447232','2026-10-01',1500.00,11,NULL,'PENDING',6.25,'ACTIVE',1506.25,9),(111,'2026-05-02 00:01:57.450230','2026-11-01',1500.00,12,NULL,'PENDING',6.25,'ACTIVE',1506.25,9),(112,'2026-05-02 00:01:57.452230','2026-12-01',1500.00,13,NULL,'PENDING',6.25,'ACTIVE',1506.25,9),(113,'2026-05-02 00:01:57.454229','2027-01-01',1500.00,14,NULL,'PENDING',6.25,'ACTIVE',1506.25,9),(114,'2026-05-02 00:01:57.456229','2027-02-01',1500.00,15,NULL,'PENDING',6.25,'ACTIVE',1506.25,9),(115,'2026-05-02 00:01:57.458230','2027-03-01',1500.00,16,NULL,'PENDING',6.25,'ACTIVE',1506.25,9),(116,'2026-05-02 00:01:57.460228','2027-04-01',1500.00,17,NULL,'PENDING',6.25,'ACTIVE',1506.25,9),(117,'2026-05-02 00:01:57.464227','2027-05-01',1500.00,18,NULL,'PENDING',6.25,'ACTIVE',1506.25,9),(118,'2026-05-02 00:01:57.526231','2026-01-01',850.00,1,NULL,'OVERDUE',2.83,'ACTIVE',852.83,10),(119,'2026-05-02 00:01:57.527229','2026-02-01',850.00,2,NULL,'OVERDUE',2.83,'ACTIVE',852.83,10),(120,'2026-05-02 00:01:57.530233','2026-03-01',850.00,3,'2026-03-01 00:00:00.000000','PAID',2.83,'ACTIVE',852.83,10),(121,'2026-05-02 00:01:57.532228','2026-04-01',850.00,4,NULL,'OVERDUE',2.83,'ACTIVE',852.83,10),(122,'2026-05-02 00:01:57.534227','2026-05-01',850.00,5,NULL,'OVERDUE',2.83,'ACTIVE',852.83,10),(123,'2026-05-02 00:01:57.535230','2026-06-01',850.00,6,NULL,'PENDING',2.83,'ACTIVE',852.83,10),(124,'2026-05-02 00:01:57.585229','2026-02-01',1700.00,1,NULL,'OVERDUE',7.58,'ACTIVE',1707.58,11),(125,'2026-05-02 00:01:57.586225','2026-03-01',1700.00,2,NULL,'OVERDUE',7.58,'ACTIVE',1707.58,11),(126,'2026-05-02 00:01:57.588230','2026-04-01',1700.00,3,'2026-04-01 00:00:00.000000','PAID',7.58,'ACTIVE',1707.58,11),(127,'2026-05-02 00:01:57.589227','2026-05-01',1700.00,4,NULL,'OVERDUE',7.58,'ACTIVE',1707.58,11),(128,'2026-05-02 00:01:57.592227','2026-06-01',1700.00,5,NULL,'PENDING',7.58,'ACTIVE',1707.58,11),(129,'2026-05-02 00:01:57.595229','2026-07-01',1700.00,6,NULL,'PENDING',7.58,'ACTIVE',1707.58,11),(130,'2026-05-02 00:01:57.598230','2026-08-01',1700.00,7,NULL,'PENDING',7.58,'ACTIVE',1707.58,11),(131,'2026-05-02 00:01:57.600229','2026-09-01',1700.00,8,NULL,'PENDING',7.58,'ACTIVE',1707.58,11),(132,'2026-05-02 00:01:57.602227','2026-10-01',1700.00,9,NULL,'PENDING',7.58,'ACTIVE',1707.58,11),(133,'2026-05-02 00:01:57.603226','2026-11-01',1700.00,10,NULL,'PENDING',7.58,'ACTIVE',1707.58,11),(134,'2026-05-02 00:01:57.605227','2026-12-01',1700.00,11,NULL,'PENDING',7.58,'ACTIVE',1707.58,11),(135,'2026-05-02 00:01:57.606229','2027-01-01',1700.00,12,NULL,'PENDING',7.58,'ACTIVE',1707.58,11),(136,'2026-05-02 00:01:57.654230','2026-03-01',1900.00,1,NULL,'OVERDUE',8.87,'ACTIVE',1908.87,12),(137,'2026-05-02 00:01:57.656229','2026-04-01',1900.00,2,NULL,'OVERDUE',8.87,'ACTIVE',1908.87,12),(138,'2026-05-02 00:01:57.657229','2026-05-01',1900.00,3,'2026-05-01 00:00:00.000000','PAID',8.87,'ACTIVE',1908.87,12),(139,'2026-05-02 00:01:57.658229','2026-06-01',1900.00,4,NULL,'PENDING',8.87,'ACTIVE',1908.87,12),(140,'2026-05-02 00:01:57.660228','2026-07-01',1900.00,5,NULL,'PENDING',8.87,'ACTIVE',1908.87,12),(141,'2026-05-02 00:01:57.662229','2026-08-01',1900.00,6,NULL,'PENDING',8.87,'ACTIVE',1908.87,12),(142,'2026-05-02 00:01:57.664226','2026-09-01',1900.00,7,NULL,'PENDING',8.87,'ACTIVE',1908.87,12),(143,'2026-05-02 00:01:57.666230','2026-10-01',1900.00,8,NULL,'PENDING',8.87,'ACTIVE',1908.87,12),(144,'2026-05-02 00:01:57.668231','2026-11-01',1900.00,9,NULL,'PENDING',8.87,'ACTIVE',1908.87,12),(145,'2026-05-02 00:01:57.669226','2026-12-01',1900.00,10,NULL,'PENDING',8.87,'ACTIVE',1908.87,12),(146,'2026-05-02 00:01:57.671230','2027-01-01',1900.00,11,NULL,'PENDING',8.87,'ACTIVE',1908.87,12),(147,'2026-05-02 00:01:57.672227','2027-02-01',1900.00,12,NULL,'PENDING',8.87,'ACTIVE',1908.87,12),(148,'2026-05-02 00:01:57.674225','2027-03-01',1900.00,13,NULL,'PENDING',8.87,'ACTIVE',1908.87,12),(149,'2026-05-02 00:01:57.675231','2027-04-01',1900.00,14,NULL,'PENDING',8.87,'ACTIVE',1908.87,12),(150,'2026-05-02 00:01:57.677227','2027-05-01',1900.00,15,NULL,'PENDING',8.87,'ACTIVE',1908.87,12),(151,'2026-05-02 00:01:57.680230','2027-06-01',1900.00,16,NULL,'PENDING',8.87,'ACTIVE',1908.87,12),(152,'2026-05-02 00:01:57.681225','2027-07-01',1900.00,17,NULL,'PENDING',8.87,'ACTIVE',1908.87,12),(153,'2026-05-02 00:01:57.683230','2027-08-01',1900.00,18,NULL,'PENDING',8.87,'ACTIVE',1908.87,12),(154,'2026-05-02 00:01:57.685231','2027-09-01',1900.00,19,NULL,'PENDING',8.87,'ACTIVE',1908.87,12),(155,'2026-05-02 00:01:57.686229','2027-10-01',1900.00,20,NULL,'PENDING',8.87,'ACTIVE',1908.87,12),(156,'2026-05-02 00:01:57.689229','2027-11-01',1900.00,21,NULL,'PENDING',8.87,'ACTIVE',1908.87,12),(157,'2026-05-02 00:01:57.691230','2027-12-01',1900.00,22,NULL,'PENDING',8.87,'ACTIVE',1908.87,12),(158,'2026-05-02 00:01:57.692231','2028-01-01',1900.00,23,NULL,'PENDING',8.87,'ACTIVE',1908.87,12),(159,'2026-05-02 00:01:57.694228','2028-02-01',1900.00,24,NULL,'PENDING',8.87,'ACTIVE',1908.87,12),(160,'2026-05-02 00:01:57.754227','2026-01-15',1300.00,1,NULL,'OVERDUE',5.09,'ACTIVE',1305.09,13),(161,'2026-05-02 00:01:57.756227','2026-02-15',1300.00,2,NULL,'OVERDUE',5.09,'ACTIVE',1305.09,13),(162,'2026-05-02 00:01:57.757227','2026-03-15',1300.00,3,'2026-03-15 00:00:00.000000','PAID',5.09,'ACTIVE',1305.09,13),(163,'2026-05-02 00:01:57.759228','2026-04-15',1300.00,4,NULL,'OVERDUE',5.09,'ACTIVE',1305.09,13),(164,'2026-05-02 00:01:57.760225','2026-05-15',1300.00,5,NULL,'PENDING',5.09,'ACTIVE',1305.09,13),(165,'2026-05-02 00:01:57.763235','2026-06-15',1300.00,6,NULL,'PENDING',5.09,'ACTIVE',1305.09,13),(166,'2026-05-02 00:01:57.765229','2026-07-15',1300.00,7,NULL,'PENDING',5.09,'ACTIVE',1305.09,13),(167,'2026-05-02 00:01:57.767225','2026-08-15',1300.00,8,NULL,'PENDING',5.09,'ACTIVE',1305.09,13),(168,'2026-05-02 00:01:57.768225','2026-09-15',1300.00,9,NULL,'PENDING',5.09,'ACTIVE',1305.09,13),(169,'2026-05-02 00:01:57.813228','2026-02-15',2500.00,1,NULL,'OVERDUE',12.29,'ACTIVE',2512.29,14),(170,'2026-05-02 00:01:57.815229','2026-03-15',2500.00,2,NULL,'OVERDUE',12.29,'ACTIVE',2512.29,14),(171,'2026-05-02 00:01:57.817233','2026-04-15',2500.00,3,'2026-04-15 00:00:00.000000','PAID',12.29,'ACTIVE',2512.29,14),(172,'2026-05-02 00:01:57.819227','2026-05-15',2500.00,4,NULL,'PENDING',12.29,'ACTIVE',2512.29,14),(173,'2026-05-02 00:01:57.820229','2026-06-15',2500.00,5,NULL,'PENDING',12.29,'ACTIVE',2512.29,14),(174,'2026-05-02 00:01:57.822230','2026-07-15',2500.00,6,NULL,'PENDING',12.29,'ACTIVE',2512.29,14),(175,'2026-05-02 00:01:57.824229','2026-08-15',2500.00,7,NULL,'PENDING',12.29,'ACTIVE',2512.29,14),(176,'2026-05-02 00:01:57.825228','2026-09-15',2500.00,8,NULL,'PENDING',12.29,'ACTIVE',2512.29,14),(177,'2026-05-02 00:01:57.827228','2026-10-15',2500.00,9,NULL,'PENDING',12.29,'ACTIVE',2512.29,14),(178,'2026-05-02 00:01:57.829229','2026-11-15',2500.00,10,NULL,'PENDING',12.29,'ACTIVE',2512.29,14),(179,'2026-05-02 00:01:57.831227','2026-12-15',2500.00,11,NULL,'PENDING',12.29,'ACTIVE',2512.29,14),(180,'2026-05-02 00:01:57.833231','2027-01-15',2500.00,12,NULL,'PENDING',12.29,'ACTIVE',2512.29,14),(181,'2026-05-02 00:01:57.895231','2026-03-15',1100.00,1,NULL,'OVERDUE',4.26,'ACTIVE',1104.26,15),(182,'2026-05-02 00:01:57.900229','2026-04-15',1100.00,2,NULL,'OVERDUE',4.26,'ACTIVE',1104.26,15),(183,'2026-05-02 00:01:57.901228','2026-05-15',1100.00,3,NULL,'PENDING',4.26,'ACTIVE',1104.26,15),(184,'2026-05-02 00:01:57.903229','2026-06-15',1100.00,4,NULL,'PENDING',4.26,'ACTIVE',1104.26,15),(185,'2026-05-02 00:01:57.905228','2026-07-15',1100.00,5,NULL,'PENDING',4.26,'ACTIVE',1104.26,15),(186,'2026-05-02 00:01:57.907229','2026-08-15',1100.00,6,NULL,'PENDING',4.26,'ACTIVE',1104.26,15);
/*!40000 ALTER TABLE `deposit_scheme_schedule` ENABLE KEYS */;
UNLOCK TABLES;

--
-- Table structure for table `eod_summary`
--

DROP TABLE IF EXISTS `eod_summary`;
/*!40101 SET @saved_cs_client     = @@character_set_client */;
/*!50503 SET character_set_client = utf8mb4 */;
CREATE TABLE `eod_summary` (
  `id` bigint NOT NULL AUTO_INCREMENT,
  `branch_id` bigint NOT NULL,
  `business_date` date NOT NULL,
  `generated_at` datetime(6) NOT NULL,
  `generated_by` bigint DEFAULT NULL,
  `total_deposits` decimal(18,2) NOT NULL,
  `total_transactions` int NOT NULL,
  `total_withdrawals` decimal(18,2) NOT NULL,
  `vault_closing_balance` decimal(18,2) NOT NULL,
  `vault_opening_balance` decimal(18,2) NOT NULL,
  PRIMARY KEY (`id`),
  UNIQUE KEY `uk_eod_summary_branch_business_date` (`branch_id`,`business_date`)
) ENGINE=InnoDB DEFAULT CHARSET=utf8mb4 COLLATE=utf8mb4_0900_ai_ci;
/*!40101 SET character_set_client = @saved_cs_client */;

--
-- Dumping data for table `eod_summary`
--

LOCK TABLES `eod_summary` WRITE;
/*!40000 ALTER TABLE `eod_summary` DISABLE KEYS */;
/*!40000 ALTER TABLE `eod_summary` ENABLE KEYS */;
UNLOCK TABLES;

--
-- Table structure for table `file_reference`
--

DROP TABLE IF EXISTS `file_reference`;
/*!40101 SET @saved_cs_client     = @@character_set_client */;
/*!50503 SET character_set_client = utf8mb4 */;
CREATE TABLE `file_reference` (
  `id` bigint NOT NULL AUTO_INCREMENT,
  `created_at` datetime(6) NOT NULL,
  `file_name` varchar(150) NOT NULL,
  `file_path` varchar(500) NOT NULL,
  `file_size` bigint NOT NULL,
  `file_type` varchar(100) NOT NULL,
  `module_name` varchar(80) NOT NULL,
  `original_file_name` varchar(200) NOT NULL,
  `reference_id` bigint DEFAULT NULL,
  `reference_table` varchar(100) NOT NULL,
  `status` enum('ACTIVE','ARCHIVED','PENDING') NOT NULL,
  PRIMARY KEY (`id`)
) ENGINE=InnoDB AUTO_INCREMENT=153 DEFAULT CHARSET=utf8mb4 COLLATE=utf8mb4_0900_ai_ci;
/*!40101 SET character_set_client = @saved_cs_client */;

--
-- Dumping data for table `file_reference`
--

LOCK TABLES `file_reference` WRITE;
/*!40000 ALTER TABLE `file_reference` DISABLE KEYS */;
INSERT INTO `file_reference` VALUES (1,'2026-05-01 23:13:50.648473','CSR-00001.html','I:\\SBMS Copy\\stable-sbms-backend\\generated-statements\\CSR-00001.html',999,'text/html','CUSTOMER_STATEMENT','Customer-Statement-CSR-00001.html',1,'customer_statement_request','ACTIVE'),(2,'2026-05-01 23:13:50.832473','CSR-00002.html','I:\\SBMS Copy\\stable-sbms-backend\\generated-statements\\CSR-00002.html',1003,'text/html','CUSTOMER_STATEMENT','Customer-Statement-CSR-00002.html',2,'customer_statement_request','ACTIVE'),(3,'2026-05-01 23:13:50.894476','CSR-00003.html','I:\\SBMS Copy\\stable-sbms-backend\\generated-statements\\CSR-00003.html',999,'text/html','CUSTOMER_STATEMENT','Customer-Statement-CSR-00003.html',3,'customer_statement_request','ACTIVE'),(4,'2026-05-01 23:13:50.965475','CSR-00004.html','I:\\SBMS Copy\\stable-sbms-backend\\generated-statements\\CSR-00004.html',1003,'text/html','CUSTOMER_STATEMENT','Customer-Statement-CSR-00004.html',4,'customer_statement_request','ACTIVE'),(5,'2026-05-01 23:13:51.030477','CSR-00005.html','I:\\SBMS Copy\\stable-sbms-backend\\generated-statements\\CSR-00005.html',999,'text/html','CUSTOMER_STATEMENT','Customer-Statement-CSR-00005.html',5,'customer_statement_request','ACTIVE'),(6,'2026-05-01 23:13:51.083475','CSR-00006.html','I:\\SBMS Copy\\stable-sbms-backend\\generated-statements\\CSR-00006.html',1003,'text/html','CUSTOMER_STATEMENT','Customer-Statement-CSR-00006.html',6,'customer_statement_request','ACTIVE'),(7,'2026-05-01 23:13:51.138474','CSR-00007.html','I:\\SBMS Copy\\stable-sbms-backend\\generated-statements\\CSR-00007.html',999,'text/html','CUSTOMER_STATEMENT','Customer-Statement-CSR-00007.html',7,'customer_statement_request','ACTIVE'),(8,'2026-05-01 23:13:51.200476','CSR-00008.html','I:\\SBMS Copy\\stable-sbms-backend\\generated-statements\\CSR-00008.html',1003,'text/html','CUSTOMER_STATEMENT','Customer-Statement-CSR-00008.html',8,'customer_statement_request','ACTIVE'),(9,'2026-05-01 23:13:51.296478','CSR-00009.html','I:\\SBMS Copy\\stable-sbms-backend\\generated-statements\\CSR-00009.html',999,'text/html','CUSTOMER_STATEMENT','Customer-Statement-CSR-00009.html',9,'customer_statement_request','ACTIVE'),(10,'2026-05-01 23:13:51.352479','CSR-00010.html','I:\\SBMS Copy\\stable-sbms-backend\\generated-statements\\CSR-00010.html',1003,'text/html','CUSTOMER_STATEMENT','Customer-Statement-CSR-00010.html',10,'customer_statement_request','ACTIVE'),(11,'2026-05-01 23:13:51.405475','CSR-00011.html','I:\\SBMS Copy\\stable-sbms-backend\\generated-statements\\CSR-00011.html',999,'text/html','CUSTOMER_STATEMENT','Customer-Statement-CSR-00011.html',11,'customer_statement_request','ACTIVE'),(12,'2026-05-01 23:13:51.457477','CSR-00012.html','I:\\SBMS Copy\\stable-sbms-backend\\generated-statements\\CSR-00012.html',1003,'text/html','CUSTOMER_STATEMENT','Customer-Statement-CSR-00012.html',12,'customer_statement_request','ACTIVE'),(13,'2026-05-01 23:13:51.513476','CSR-00013.html','I:\\SBMS Copy\\stable-sbms-backend\\generated-statements\\CSR-00013.html',999,'text/html','CUSTOMER_STATEMENT','Customer-Statement-CSR-00013.html',13,'customer_statement_request','ACTIVE'),(14,'2026-05-01 23:13:51.567479','CSR-00014.html','I:\\SBMS Copy\\stable-sbms-backend\\generated-statements\\CSR-00014.html',1003,'text/html','CUSTOMER_STATEMENT','Customer-Statement-CSR-00014.html',14,'customer_statement_request','ACTIVE'),(15,'2026-05-01 23:13:51.616472','CSR-00015.html','I:\\SBMS Copy\\stable-sbms-backend\\generated-statements\\CSR-00015.html',999,'text/html','CUSTOMER_STATEMENT','Customer-Statement-CSR-00015.html',15,'customer_statement_request','ACTIVE'),(16,'2026-05-01 23:13:51.822486','BSR-00001.html','I:\\SBMS Copy\\stable-sbms-backend\\generated-statements\\BSR-00001.html',990,'text/html','BRANCH_STATEMENT','Branch-Statement-BSR-00001.html',1,'branch_statement_request','ACTIVE'),(17,'2026-05-01 23:13:51.890478','BSR-00002.html','I:\\SBMS Copy\\stable-sbms-backend\\generated-statements\\BSR-00002.html',997,'text/html','BRANCH_STATEMENT','Branch-Statement-BSR-00002.html',2,'branch_statement_request','ACTIVE'),(18,'2026-05-01 23:13:51.957475','BSR-00003.html','I:\\SBMS Copy\\stable-sbms-backend\\generated-statements\\BSR-00003.html',989,'text/html','BRANCH_STATEMENT','Branch-Statement-BSR-00003.html',3,'branch_statement_request','ACTIVE'),(19,'2026-05-01 23:13:52.026476','BSR-00004.html','I:\\SBMS Copy\\stable-sbms-backend\\generated-statements\\BSR-00004.html',986,'text/html','BRANCH_STATEMENT','Branch-Statement-BSR-00004.html',4,'branch_statement_request','ACTIVE'),(20,'2026-05-01 23:13:52.090478','BSR-00005.html','I:\\SBMS Copy\\stable-sbms-backend\\generated-statements\\BSR-00005.html',986,'text/html','BRANCH_STATEMENT','Branch-Statement-BSR-00005.html',5,'branch_statement_request','ACTIVE'),(21,'2026-05-01 23:13:52.158474','BSR-00006.html','I:\\SBMS Copy\\stable-sbms-backend\\generated-statements\\BSR-00006.html',998,'text/html','BRANCH_STATEMENT','Branch-Statement-BSR-00006.html',6,'branch_statement_request','ACTIVE'),(22,'2026-05-01 23:13:52.234476','BSR-00007.html','I:\\SBMS Copy\\stable-sbms-backend\\generated-statements\\BSR-00007.html',994,'text/html','BRANCH_STATEMENT','Branch-Statement-BSR-00007.html',7,'branch_statement_request','ACTIVE'),(23,'2026-05-01 23:13:52.301482','BSR-00008.html','I:\\SBMS Copy\\stable-sbms-backend\\generated-statements\\BSR-00008.html',997,'text/html','BRANCH_STATEMENT','Branch-Statement-BSR-00008.html',8,'branch_statement_request','ACTIVE'),(24,'2026-05-01 23:13:52.368486','BSR-00009.html','I:\\SBMS Copy\\stable-sbms-backend\\generated-statements\\BSR-00009.html',988,'text/html','BRANCH_STATEMENT','Branch-Statement-BSR-00009.html',9,'branch_statement_request','ACTIVE'),(25,'2026-05-01 23:13:52.429476','BSR-00010.html','I:\\SBMS Copy\\stable-sbms-backend\\generated-statements\\BSR-00010.html',986,'text/html','BRANCH_STATEMENT','Branch-Statement-BSR-00010.html',10,'branch_statement_request','ACTIVE'),(26,'2026-05-01 23:13:52.488479','BSR-00011.html','I:\\SBMS Copy\\stable-sbms-backend\\generated-statements\\BSR-00011.html',988,'text/html','BRANCH_STATEMENT','Branch-Statement-BSR-00011.html',11,'branch_statement_request','ACTIVE'),(27,'2026-05-01 23:13:52.550476','BSR-00012.html','I:\\SBMS Copy\\stable-sbms-backend\\generated-statements\\BSR-00012.html',987,'text/html','BRANCH_STATEMENT','Branch-Statement-BSR-00012.html',12,'branch_statement_request','ACTIVE'),(28,'2026-05-01 23:13:52.613473','BSR-00013.html','I:\\SBMS Copy\\stable-sbms-backend\\generated-statements\\BSR-00013.html',990,'text/html','BRANCH_STATEMENT','Branch-Statement-BSR-00013.html',13,'branch_statement_request','ACTIVE'),(29,'2026-05-01 23:13:52.690474','BSR-00014.html','I:\\SBMS Copy\\stable-sbms-backend\\generated-statements\\BSR-00014.html',991,'text/html','BRANCH_STATEMENT','Branch-Statement-BSR-00014.html',14,'branch_statement_request','ACTIVE'),(30,'2026-05-01 23:13:52.768486','BSR-00015.html','I:\\SBMS Copy\\stable-sbms-backend\\generated-statements\\BSR-00015.html',987,'text/html','BRANCH_STATEMENT','Branch-Statement-BSR-00015.html',15,'branch_statement_request','ACTIVE'),(46,'2026-05-02 16:18:14.000000','report-seed-01.html','generated-reports/report-seed-01.html',2048,'text/html','REPORTS','report-seed-01.html',NULL,'report_request_log','ACTIVE'),(47,'2026-05-02 16:18:14.000000','report-seed-02.html','generated-reports/report-seed-02.html',2084,'text/html','REPORTS','report-seed-02.html',NULL,'report_request_log','ACTIVE'),(48,'2026-05-02 16:18:14.000000','report-seed-03.html','generated-reports/report-seed-03.html',2120,'text/html','REPORTS','report-seed-03.html',NULL,'report_request_log','ACTIVE'),(49,'2026-05-02 16:18:14.000000','report-seed-04.html','generated-reports/report-seed-04.html',2140,'text/html','REPORTS','report-seed-04.html',NULL,'report_request_log','ACTIVE'),(50,'2026-05-02 16:18:14.000000','report-seed-05.html','generated-reports/report-seed-05.html',2160,'text/html','REPORTS','report-seed-05.html',NULL,'report_request_log','ACTIVE'),(51,'2026-05-02 16:18:14.000000','report-seed-06.html','generated-reports/report-seed-06.html',2200,'text/html','REPORTS','report-seed-06.html',NULL,'report_request_log','ACTIVE'),(52,'2026-05-02 16:18:14.000000','report-seed-07.csv','generated-reports/report-seed-07.csv',1220,'text/csv','REPORTS','report-seed-07.csv',NULL,'report_request_log','ACTIVE'),(53,'2026-05-02 16:18:14.000000','report-seed-08.csv','generated-reports/report-seed-08.csv',1240,'text/csv','REPORTS','report-seed-08.csv',NULL,'report_request_log','ACTIVE'),(54,'2026-05-02 16:18:14.000000','report-seed-09.html','generated-reports/report-seed-09.html',2060,'text/html','REPORTS','report-seed-09.html',NULL,'report_request_log','ACTIVE'),(55,'2026-05-02 16:18:14.000000','report-seed-10.csv','generated-reports/report-seed-10.csv',1280,'text/csv','REPORTS','report-seed-10.csv',NULL,'report_request_log','ACTIVE'),(56,'2026-05-02 16:18:14.000000','report-seed-11.html','generated-reports/report-seed-11.html',2050,'text/html','REPORTS','report-seed-11.html',NULL,'report_request_log','ACTIVE'),(57,'2026-05-02 16:18:14.000000','report-seed-12.csv','generated-reports/report-seed-12.csv',1300,'text/csv','REPORTS','report-seed-12.csv',NULL,'report_request_log','ACTIVE'),(58,'2026-05-02 16:18:14.000000','report-seed-13.html','generated-reports/report-seed-13.html',2180,'text/html','REPORTS','report-seed-13.html',NULL,'report_request_log','ACTIVE'),(59,'2026-05-02 16:18:14.000000','report-seed-14.csv','generated-reports/report-seed-14.csv',1320,'text/csv','REPORTS','report-seed-14.csv',NULL,'report_request_log','ACTIVE'),(60,'2026-05-02 16:18:14.000000','report-seed-15.html','generated-reports/report-seed-15.html',2220,'text/html','REPORTS','report-seed-15.html',NULL,'report_request_log','ACTIVE'),(61,'2026-05-02 16:37:10.682802','operational-31.html','generated-reports\\operational-31.html',1039,'text/html','REPORTS','operational-31.html',31,'report_request_log','ACTIVE'),(62,'2026-05-02 16:37:23.667133','operational-32.html','generated-reports\\operational-32.html',1423,'text/html','REPORTS','operational-32.html',32,'report_request_log','ACTIVE'),(63,'2026-05-04 15:16:58.815266','branch-33.html','generated-reports\\branch-33.html',1341,'text/html','REPORTS','branch-33.html',33,'report_request_log','ACTIVE'),(64,'2026-05-04 15:17:12.852269','branch-34.html','generated-reports\\branch-34.html',1341,'text/html','REPORTS','branch-34.html',34,'report_request_log','ACTIVE'),(65,'2026-05-04 15:17:16.820095','branch-35.html','generated-reports\\branch-35.html',1341,'text/html','REPORTS','branch-35.html',35,'report_request_log','ACTIVE'),(66,'2026-05-04 15:17:19.420272','branch-36.html','generated-reports\\branch-36.html',1341,'text/html','REPORTS','branch-36.html',36,'report_request_log','ACTIVE'),(67,'2026-05-05 08:59:10.736654','BSR-00016.html','I:\\BACKUP PROJECTS\\SBMS-BACKUP\\New folder\\stable-sbms-backend\\generated-statements\\BSR-00016.html',988,'text/html','BRANCH_STATEMENT','Branch-Statement-BSR-00016.html',16,'branch_statement_request','ACTIVE'),(68,'2026-05-05 11:45:19.610401','profit_distribution-37.html','generated-reports\\profit_distribution-37.html',1189,'text/html','REPORTS','profit_distribution-37.html',37,'report_request_log','ACTIVE'),(69,'2026-05-08 17:54:03.919777','operational-38.html','generated-reports\\operational-38.html',1423,'text/html','REPORTS','operational-38.html',38,'report_request_log','ACTIVE'),(70,'2026-05-08 17:54:21.483898','operational-39.html','generated-reports\\operational-39.html',1423,'text/html','REPORTS','operational-39.html',39,'report_request_log','ACTIVE'),(71,'2026-05-08 17:54:38.161712','profit_distribution-40.html','generated-reports\\profit_distribution-40.html',1188,'text/html','REPORTS','profit_distribution-40.html',40,'report_request_log','ACTIVE'),(72,'2026-05-08 17:54:46.846076','financing_portfolio-41.html','generated-reports\\financing_portfolio-41.html',1036,'text/html','REPORTS','financing_portfolio-41.html',41,'report_request_log','ACTIVE'),(73,'2026-05-08 17:54:57.042761','par-42.html','generated-reports\\par-42.html',1571,'text/html','REPORTS','par-42.html',42,'report_request_log','ACTIVE'),(74,'2026-05-15 09:20:33.081553','branch-43.html','generated-reports\\branch-43.html',4406096,'text/html','REPORTS','branch-43.html',43,'report_request_log','ACTIVE'),(75,'2026-05-15 09:22:11.627874','branch-44.html','generated-reports\\branch-44.html',4406096,'text/html','REPORTS','branch-44.html',44,'report_request_log','ACTIVE'),(76,'2026-05-15 12:58:05.795924','operational-45.html','generated-reports\\operational-45.html',4407149,'text/html','REPORTS','operational-45.html',45,'report_request_log','ACTIVE'),(77,'2026-05-15 19:46:39.324357','profit_distribution-46.html','generated-reports\\profit_distribution-46.html',4408936,'text/html','REPORTS','profit_distribution-46.html',46,'report_request_log','ACTIVE'),(78,'2026-05-15 19:47:10.966652','par-47.html','generated-reports\\par-47.html',4411386,'text/html','REPORTS','par-47.html',47,'report_request_log','ACTIVE'),(79,'2026-05-15 19:48:26.968079','shariah_audit-48.html','generated-reports\\shariah_audit-48.html',4408018,'text/html','REPORTS','shariah_audit-48.html',48,'report_request_log','ACTIVE'),(80,'2026-05-15 19:48:47.208488','branch-49.html','generated-reports\\branch-49.html',4409618,'text/html','REPORTS','branch-49.html',49,'report_request_log','ACTIVE'),(81,'2026-05-16 01:28:04.790681','kpi-52.pdf','generated-reports\\kpi-52.pdf',3295406,'application/pdf','REPORTS','kpi-52.pdf',52,'report_request_log','ACTIVE'),(82,'2026-05-16 01:29:05.428787','kpi-53.pdf','generated-reports\\kpi-53.pdf',3295405,'application/pdf','REPORTS','kpi-53.pdf',53,'report_request_log','ACTIVE'),(83,'2026-05-16 01:29:39.405758','kpi-54.pdf','generated-reports\\kpi-54.pdf',3295406,'application/pdf','REPORTS','kpi-54.pdf',54,'report_request_log','ACTIVE'),(84,'2026-05-16 01:30:15.099273','kpi-55.pdf','generated-reports\\kpi-55.pdf',3295404,'application/pdf','REPORTS','kpi-55.pdf',55,'report_request_log','ACTIVE'),(85,'2026-05-16 01:30:51.657697','kpi-56.pdf','generated-reports\\kpi-56.pdf',3295406,'application/pdf','REPORTS','kpi-56.pdf',56,'report_request_log','ACTIVE'),(86,'2026-05-16 01:31:25.962340','kpi-57.pdf','generated-reports\\kpi-57.pdf',3295407,'application/pdf','REPORTS','kpi-57.pdf',57,'report_request_log','ACTIVE'),(87,'2026-05-16 01:32:54.245746','CSR-00016.pdf','I:\\SBMS Copy\\stable-sbms-backend\\generated-statements\\CSR-00016.pdf',3294264,'application/pdf','CUSTOMER_STATEMENT','Customer-Statement-CSR-00016.pdf',16,'customer_statement_request','ACTIVE'),(88,'2026-05-16 01:33:00.874744','kpi-58.pdf','generated-reports\\kpi-58.pdf',3295409,'application/pdf','REPORTS','kpi-58.pdf',58,'report_request_log','ACTIVE'),(89,'2026-05-16 01:36:44.510055','CSR-00017.pdf','I:\\SBMS Copy\\stable-sbms-backend\\generated-statements\\CSR-00017.pdf',3294416,'application/pdf','CUSTOMER_STATEMENT','Customer-Statement-CSR-00017.pdf',17,'customer_statement_request','ACTIVE'),(90,'2026-05-16 01:36:51.201059','kpi-59.pdf','generated-reports\\kpi-59.pdf',3295407,'application/pdf','REPORTS','kpi-59.pdf',59,'report_request_log','ACTIVE'),(91,'2026-05-16 08:07:31.080106','CSR-00018.pdf','I:\\SBMS Copy\\stable-sbms-backend\\generated-statements\\CSR-00018.pdf',3294416,'application/pdf','CUSTOMER_STATEMENT','Customer-Statement-CSR-00018.pdf',18,'customer_statement_request','ACTIVE'),(92,'2026-05-16 08:07:39.237434','kpi-60.pdf','generated-reports\\kpi-60.pdf',3295408,'application/pdf','REPORTS','kpi-60.pdf',60,'report_request_log','ACTIVE'),(93,'2026-05-16 08:10:09.352413','CSR-00019.pdf','I:\\SBMS Copy\\stable-sbms-backend\\generated-statements\\CSR-00019.pdf',3294417,'application/pdf','CUSTOMER_STATEMENT','Customer-Statement-CSR-00019.pdf',19,'customer_statement_request','ACTIVE'),(94,'2026-05-16 08:10:16.783416','kpi-61.pdf','generated-reports\\kpi-61.pdf',3295411,'application/pdf','REPORTS','kpi-61.pdf',61,'report_request_log','ACTIVE'),(95,'2026-05-17 01:23:59.288737','operational-62.html','generated-reports\\operational-62.html',4410686,'text/html','REPORTS','operational-62.html',62,'report_request_log','ACTIVE'),(96,'2026-05-17 01:24:11.557765','profit_distribution-63.html','generated-reports\\profit_distribution-63.html',4408406,'text/html','REPORTS','profit_distribution-63.html',63,'report_request_log','ACTIVE'),(97,'2026-05-17 01:24:13.834076','financing_portfolio-64.html','generated-reports\\financing_portfolio-64.html',4408025,'text/html','REPORTS','financing_portfolio-64.html',64,'report_request_log','ACTIVE'),(98,'2026-05-17 01:24:20.789732','par-65.html','generated-reports\\par-65.html',4411390,'text/html','REPORTS','par-65.html',65,'report_request_log','ACTIVE'),(99,'2026-05-17 01:24:23.111930','shariah_audit-66.html','generated-reports\\shariah_audit-66.html',4408025,'text/html','REPORTS','shariah_audit-66.html',66,'report_request_log','ACTIVE'),(100,'2026-05-17 01:24:24.503131','branch-67.html','generated-reports\\branch-67.html',4409623,'text/html','REPORTS','branch-67.html',67,'report_request_log','ACTIVE'),(101,'2026-05-17 01:24:31.842776','operational-68.html','generated-reports\\operational-68.html',4410686,'text/html','REPORTS','operational-68.html',68,'report_request_log','ACTIVE'),(102,'2026-05-17 01:24:43.712857','profit_distribution-69.html','generated-reports\\profit_distribution-69.html',4408406,'text/html','REPORTS','profit_distribution-69.html',69,'report_request_log','ACTIVE'),(103,'2026-05-17 01:24:45.533768','financing_portfolio-70.html','generated-reports\\financing_portfolio-70.html',4408025,'text/html','REPORTS','financing_portfolio-70.html',70,'report_request_log','ACTIVE'),(104,'2026-05-17 01:24:55.769384','shariah_audit-71.html','generated-reports\\shariah_audit-71.html',4408022,'text/html','REPORTS','shariah_audit-71.html',71,'report_request_log','ACTIVE'),(105,'2026-05-17 08:28:33.492689','operational-72.html','generated-reports\\operational-72.html',4410686,'text/html','REPORTS','operational-72.html',72,'report_request_log','ACTIVE'),(106,'2026-05-17 08:29:27.161164','profit_distribution-73.html','generated-reports\\profit_distribution-73.html',4408406,'text/html','REPORTS','profit_distribution-73.html',73,'report_request_log','ACTIVE'),(107,'2026-05-17 08:29:46.663168','financing_portfolio-74.html','generated-reports\\financing_portfolio-74.html',4408025,'text/html','REPORTS','financing_portfolio-74.html',74,'report_request_log','ACTIVE'),(108,'2026-05-17 08:30:25.931400','par-75.html','generated-reports\\par-75.html',4411390,'text/html','REPORTS','par-75.html',75,'report_request_log','ACTIVE'),(109,'2026-05-17 08:30:49.874930','shariah_audit-76.html','generated-reports\\shariah_audit-76.html',4408025,'text/html','REPORTS','shariah_audit-76.html',76,'report_request_log','ACTIVE'),(110,'2026-05-17 08:31:08.380002','branch-77.html','generated-reports\\branch-77.html',4409623,'text/html','REPORTS','branch-77.html',77,'report_request_log','ACTIVE'),(111,'2026-05-17 08:31:38.025001','branch-78.html','generated-reports\\branch-78.html',4409623,'text/html','REPORTS','branch-78.html',78,'report_request_log','ACTIVE'),(112,'2026-05-17 08:49:30.988141','operational-79.html','generated-reports\\operational-79.html',4410686,'text/html','REPORTS','operational-79.html',79,'report_request_log','ACTIVE'),(113,'2026-05-17 08:49:39.302142','profit_distribution-80.html','generated-reports\\profit_distribution-80.html',4408406,'text/html','REPORTS','profit_distribution-80.html',80,'report_request_log','ACTIVE'),(114,'2026-05-17 08:49:42.893956','financing_portfolio-81.html','generated-reports\\financing_portfolio-81.html',4408025,'text/html','REPORTS','financing_portfolio-81.html',81,'report_request_log','ACTIVE'),(115,'2026-05-17 08:49:44.361450','par-82.html','generated-reports\\par-82.html',4411387,'text/html','REPORTS','par-82.html',82,'report_request_log','ACTIVE'),(116,'2026-05-17 08:49:47.166163','shariah_audit-83.html','generated-reports\\shariah_audit-83.html',4408025,'text/html','REPORTS','shariah_audit-83.html',83,'report_request_log','ACTIVE'),(117,'2026-05-17 08:49:49.096730','branch-84.html','generated-reports\\branch-84.html',4409623,'text/html','REPORTS','branch-84.html',84,'report_request_log','ACTIVE'),(118,'2026-05-17 09:00:00.901929','operational-85.html','generated-reports\\operational-85.html',4410686,'text/html','REPORTS','operational-85.html',85,'report_request_log','ACTIVE'),(119,'2026-05-17 09:03:21.335797','operational-86.html','generated-reports\\operational-86.html',4410686,'text/html','REPORTS','operational-86.html',86,'report_request_log','ACTIVE'),(120,'2026-05-17 09:08:41.305616','operational-87.html','generated-reports\\operational-87.html',4410686,'text/html','REPORTS','operational-87.html',87,'report_request_log','ACTIVE'),(121,'2026-05-17 09:09:44.949195','operational-88.html','generated-reports\\operational-88.html',4410686,'text/html','REPORTS','operational-88.html',88,'report_request_log','ACTIVE'),(122,'2026-05-17 09:14:10.690505','operational-89.html','generated-reports\\operational-89.html',4410686,'text/html','REPORTS','operational-89.html',89,'report_request_log','ACTIVE'),(123,'2026-05-17 09:18:08.415764','operational-90.html','generated-reports\\operational-90.html',4410686,'text/html','REPORTS','operational-90.html',90,'report_request_log','ACTIVE'),(124,'2026-05-17 09:18:56.593388','operational-91.html','generated-reports\\operational-91.html',4410686,'text/html','REPORTS','operational-91.html',91,'report_request_log','ACTIVE'),(125,'2026-05-17 09:19:18.869629','operational-92.html','generated-reports\\operational-92.html',4410686,'text/html','REPORTS','operational-92.html',92,'report_request_log','ACTIVE'),(126,'2026-05-17 09:19:20.514632','operational-93.html','generated-reports\\operational-93.html',4410686,'text/html','REPORTS','operational-93.html',93,'report_request_log','ACTIVE'),(127,'2026-05-17 09:21:21.141713','operational-94.html','generated-reports\\operational-94.html',4410686,'text/html','REPORTS','operational-94.html',94,'report_request_log','ACTIVE'),(128,'2026-05-17 09:28:41.719420','operational-95.html','generated-reports\\operational-95.html',4410686,'text/html','REPORTS','operational-95.html',95,'report_request_log','ACTIVE'),(129,'2026-05-17 09:29:29.368964','operational-96.html','generated-reports\\operational-96.html',4410683,'text/html','REPORTS','operational-96.html',96,'report_request_log','ACTIVE'),(130,'2026-05-17 09:30:06.248194','operational-97.html','generated-reports\\operational-97.html',4410686,'text/html','REPORTS','operational-97.html',97,'report_request_log','ACTIVE'),(131,'2026-05-18 08:35:02.879584','financing_portfolio-98.html','generated-reports\\financing_portfolio-98.html',4408022,'text/html','REPORTS','financing_portfolio-98.html',98,'report_request_log','ACTIVE'),(132,'2026-05-18 08:43:36.705618','management_pl-99.html','generated-reports\\management_pl-99.html',4411761,'text/html','REPORTS','management_pl-99.html',99,'report_request_log','ACTIVE'),(133,'2026-05-18 08:46:24.195365','financing_portfolio-100.html','generated-reports\\financing_portfolio-100.html',4408025,'text/html','REPORTS','financing_portfolio-100.html',100,'report_request_log','ACTIVE'),(134,'2026-05-18 08:46:26.469368','par-101.html','generated-reports\\par-101.html',4411390,'text/html','REPORTS','par-101.html',101,'report_request_log','ACTIVE'),(135,'2026-05-18 08:46:28.150371','shariah_audit-102.html','generated-reports\\shariah_audit-102.html',4408025,'text/html','REPORTS','shariah_audit-102.html',102,'report_request_log','ACTIVE'),(136,'2026-05-18 08:46:30.154370','management_pl-103.html','generated-reports\\management_pl-103.html',4411764,'text/html','REPORTS','management_pl-103.html',103,'report_request_log','ACTIVE'),(137,'2026-05-18 08:46:33.460368','profit_distribution-104.html','generated-reports\\profit_distribution-104.html',4408406,'text/html','REPORTS','profit_distribution-104.html',104,'report_request_log','ACTIVE'),(138,'2026-05-18 08:46:55.093659','management_pl-105.html','generated-reports\\management_pl-105.html',4411764,'text/html','REPORTS','management_pl-105.html',105,'report_request_log','ACTIVE'),(139,'2026-05-18 08:47:04.863946','financing_portfolio-106.html','generated-reports\\financing_portfolio-106.html',4408025,'text/html','REPORTS','financing_portfolio-106.html',106,'report_request_log','ACTIVE'),(140,'2026-05-18 08:47:10.490586','management_pl-107.html','generated-reports\\management_pl-107.html',4411764,'text/html','REPORTS','management_pl-107.html',107,'report_request_log','ACTIVE'),(141,'2026-05-18 08:58:02.534114','management_pl-108.html','generated-reports\\management_pl-108.html',4411764,'text/html','REPORTS','management_pl-108.html',108,'report_request_log','ACTIVE'),(142,'2026-05-18 09:37:54.425471','management_pl-109.html','generated-reports\\management_pl-109.html',4411798,'text/html','REPORTS','management_pl-109.html',109,'report_request_log','ACTIVE'),(143,'2026-05-18 09:38:49.757540','management_pl-110.html','generated-reports\\management_pl-110.html',4411798,'text/html','REPORTS','management_pl-110.html',110,'report_request_log','ACTIVE'),(144,'2026-05-18 09:42:45.473088','management_pl-111.html','generated-reports\\management_pl-111.html',4411798,'text/html','REPORTS','management_pl-111.html',111,'report_request_log','ACTIVE'),(145,'2026-05-18 09:47:28.343935','management_pl-112.html','generated-reports\\management_pl-112.html',4411798,'text/html','REPORTS','management_pl-112.html',112,'report_request_log','ACTIVE'),(146,'2026-05-18 09:48:26.310095','financing_portfolio-113.html','generated-reports\\financing_portfolio-113.html',4408025,'text/html','REPORTS','financing_portfolio-113.html',113,'report_request_log','ACTIVE'),(147,'2026-05-18 09:48:29.670229','management_pl-114.html','generated-reports\\management_pl-114.html',4411772,'text/html','REPORTS','management_pl-114.html',114,'report_request_log','ACTIVE'),(148,'2026-05-18 09:59:51.516570','management_pl-115.html','generated-reports\\management_pl-115.html',4411769,'text/html','REPORTS','management_pl-115.html',115,'report_request_log','ACTIVE'),(149,'2026-05-18 10:25:18.080902','management_pl-116.html','generated-reports\\management_pl-116.html',4411798,'text/html','REPORTS','management_pl-116.html',116,'report_request_log','ACTIVE'),(150,'2026-05-18 10:26:31.161171','profit_distribution-117.html','generated-reports\\profit_distribution-117.html',4408406,'text/html','REPORTS','profit_distribution-117.html',117,'report_request_log','ACTIVE'),(151,'2026-05-18 10:26:35.165763','operational-118.html','generated-reports\\operational-118.html',4410686,'text/html','REPORTS','operational-118.html',118,'report_request_log','ACTIVE');
/*!40000 ALTER TABLE `file_reference` ENABLE KEYS */;
UNLOCK TABLES;

--
-- Table structure for table `financing_application`
--

DROP TABLE IF EXISTS `financing_application`;
/*!40101 SET @saved_cs_client     = @@character_set_client */;
/*!50503 SET character_set_client = utf8mb4 */;
CREATE TABLE `financing_application` (
  `id` bigint NOT NULL AUTO_INCREMENT,
  `application_no` varchar(40) NOT NULL,
  `application_status` enum('ACTIVE','APPROVED','ASSET_VERIFIED','CLOSED','DISBURSED','DOC_CHECK','DRAFT','REJECTED','RETURNED','SHARIAH_REVIEW','SUBMITTED') NOT NULL,
  `approved_at` datetime(6) DEFAULT NULL,
  `approved_by` varchar(120) DEFAULT NULL,
  `asset_description` varchar(500) NOT NULL,
  `branch_id` bigint NOT NULL,
  `created_at` datetime(6) NOT NULL,
  `purpose` varchar(500) NOT NULL,
  `remarks` varchar(1000) DEFAULT NULL,
  `requested_amount` decimal(18,2) NOT NULL,
  `status` enum('ACTIVE','ARCHIVED','PENDING') NOT NULL,
  `submitted_at` datetime(6) DEFAULT NULL,
  `updated_at` datetime(6) NOT NULL,
  `customer_id` bigint NOT NULL,
  `product_id` bigint NOT NULL,
  `supporting_document_name` varchar(255) DEFAULT NULL,
  PRIMARY KEY (`id`),
  UNIQUE KEY `uk_financing_application_no` (`application_no`),
  KEY `FK1nxmyyn1w55eiw72eyy1f91md` (`customer_id`),
  KEY `FKlfqm0m7ilrtme4aqgywwlcnma` (`product_id`),
  CONSTRAINT `FK1nxmyyn1w55eiw72eyy1f91md` FOREIGN KEY (`customer_id`) REFERENCES `customer` (`id`),
  CONSTRAINT `FKlfqm0m7ilrtme4aqgywwlcnma` FOREIGN KEY (`product_id`) REFERENCES `financing_product` (`id`)
) ENGINE=InnoDB AUTO_INCREMENT=16 DEFAULT CHARSET=utf8mb4 COLLATE=utf8mb4_0900_ai_ci;
/*!40101 SET character_set_client = @saved_cs_client */;

--
-- Dumping data for table `financing_application`
--

LOCK TABLES `financing_application` WRITE;
/*!40000 ALTER TABLE `financing_application` DISABLE KEYS */;
INSERT INTO `financing_application` VALUES (1,'FNA-00001','SUBMITTED',NULL,NULL,'Motorbike purchase for courier service delivery support',1,'2026-01-08 10:00:00.000000','Transport support for small delivery business','Documents received and waiting for verification',250000.00,'ACTIVE','2026-01-10 09:20:00.000000','2026-01-10 09:20:00.000000',1,1,NULL),(2,'FNA-00002','ASSET_VERIFIED',NULL,NULL,'Pickup van for district logistics support',2,'2026-01-09 10:15:00.000000','Expand local transport capacity for trading activity','Asset visit completed and quotation matched',420000.00,'ACTIVE','2026-01-11 09:40:00.000000','2026-01-14 12:10:00.000000',2,2,NULL),(3,'FNA-00003','SHARIAH_REVIEW',NULL,NULL,'Display freezer and retail shelving for grocery outlet',1,'2026-01-10 11:00:00.000000','Retail outlet asset enhancement before Ramadan peak season','Moved to shariah review after asset confirmation',180000.00,'ACTIVE','2026-01-12 10:00:00.000000','2026-01-15 11:30:00.000000',3,3,NULL),(4,'FNA-00004','APPROVED','2026-01-18 15:20:00.000000','SYSTEM_REVIEWER','Rice milling machine on lease support',1,'2026-01-11 09:30:00.000000','Production capacity improvement for seasonal demand','Approved for disbursement queue',520000.00,'ACTIVE','2026-01-13 09:10:00.000000','2026-01-18 15:20:00.000000',4,4,NULL),(5,'FNA-00005','APPROVED','2026-01-19 16:00:00.000000','SYSTEM_REVIEWER','Mini truck lease for supply chain movement',2,'2026-01-12 09:45:00.000000','Fleet support for corporate distribution route','Approved after review board confirmation',780000.00,'ACTIVE','2026-01-14 10:10:00.000000','2026-01-19 16:00:00.000000',5,5,NULL),(6,'FNA-00006','DISBURSED','2026-01-20 13:15:00.000000','SYSTEM_REVIEWER','Seed, fertilizer and irrigation pump package',1,'2026-01-13 10:05:00.000000','Advance crop support before planting season','Disbursed and schedule generated',210000.00,'ACTIVE','2026-01-15 09:30:00.000000','2026-01-21 10:20:00.000000',6,6,NULL),(7,'FNA-00007','ACTIVE','2026-01-21 14:30:00.000000','SYSTEM_REVIEWER','Brick and steel procurement for site work',2,'2026-01-14 10:25:00.000000','Construction support for client warehouse expansion','Repayment started and one overdue installment exists',680000.00,'ACTIVE','2026-01-16 10:10:00.000000','2026-03-20 17:45:00.000000',7,7,NULL),(8,'FNA-00008','ACTIVE','2026-01-22 15:05:00.000000','SYSTEM_REVIEWER','Wholesale goods inventory for shared venture',1,'2026-01-15 10:45:00.000000','Trade inventory support for Musharaka cycle','Partial repayment collected and monitoring continues',460000.00,'ACTIVE','2026-01-17 11:00:00.000000','2026-03-28 13:15:00.000000',8,8,NULL),(9,'FNA-00009','CLOSED','2026-01-23 11:40:00.000000','SYSTEM_REVIEWER','Working capital float for distribution partnership',3,'2026-01-16 11:10:00.000000','Short-cycle trade support with scheduled recovery','All installments settled and financing closed',340000.00,'ACTIVE','2026-01-18 09:15:00.000000','2026-04-18 16:45:00.000000',9,9,NULL),(10,'FNA-00010','CLOSED','2026-01-24 12:10:00.000000','SYSTEM_REVIEWER','Dental unit and suction machine purchase',2,'2026-01-17 11:35:00.000000','Medical setup support for neighborhood clinic','Closed after full schedule settlement',290000.00,'ACTIVE','2026-01-19 09:40:00.000000','2026-04-15 14:10:00.000000',10,10,NULL),(11,'FNA-00011','APPROVED','2026-01-25 15:30:00.000000','SYSTEM_REVIEWER','Laptop and projector package for training center',1,'2026-01-18 12:00:00.000000','Education support asset financing for skills center','Approved and awaiting customer account selection',145000.00,'ACTIVE','2026-01-20 10:30:00.000000','2026-01-25 15:30:00.000000',11,11,NULL),(12,'FNA-00012','SUBMITTED',NULL,NULL,'Standby generator for backup power continuity',3,'2026-01-19 12:20:00.000000','Energy backup financing for small production unit','Submitted and document review pending',380000.00,'ACTIVE','2026-01-21 09:10:00.000000','2026-01-21 09:10:00.000000',12,12,NULL),(13,'FNA-00013','ASSET_VERIFIED',NULL,NULL,'Counter redesign and shelving for retail shop',2,'2026-01-20 12:40:00.000000','Store improvement to increase customer capacity','Verified and waiting for review board slot',160000.00,'ACTIVE','2026-01-22 09:50:00.000000','2026-01-24 15:00:00.000000',13,13,NULL),(14,'FNA-00014','DISBURSED','2026-01-28 14:20:00.000000','SYSTEM_REVIEWER','Bulk food commodity purchase ahead of seasonal demand',1,'2026-01-21 13:05:00.000000','Commodity financing support for wholesale sale cycle','Recently disbursed and first installment not yet due',510000.00,'ACTIVE','2026-01-23 10:20:00.000000','2026-01-29 11:45:00.000000',14,14,NULL),(15,'FNA-00015','ACTIVE','2026-01-30 15:00:00.000000','SYSTEM_REVIEWER','Workshop structure and finishing materials',3,'2026-01-22 13:25:00.000000','Workshop completion financing under Istisna structure','Collection active with mixed repayment performance',730000.00,'ACTIVE','2026-01-24 10:45:00.000000','2026-04-10 12:15:00.000000',15,15,NULL);
/*!40000 ALTER TABLE `financing_application` ENABLE KEYS */;
UNLOCK TABLES;

--
-- Table structure for table `financing_asset_verification`
--

DROP TABLE IF EXISTS `financing_asset_verification`;
/*!40101 SET @saved_cs_client     = @@character_set_client */;
/*!50503 SET character_set_client = utf8mb4 */;
CREATE TABLE `financing_asset_verification` (
  `id` bigint NOT NULL AUTO_INCREMENT,
  `asset_value` decimal(18,2) NOT NULL,
  `created_at` datetime(6) NOT NULL,
  `status` enum('ACTIVE','ARCHIVED','PENDING') NOT NULL,
  `verification_note` varchar(1000) NOT NULL,
  `verified_at` datetime(6) NOT NULL,
  `verified_by` varchar(120) NOT NULL,
  `application_id` bigint NOT NULL,
  PRIMARY KEY (`id`),
  UNIQUE KEY `UKrn3nu76xg5g9r4hp8kbld61d5` (`application_id`),
  CONSTRAINT `FKohwmh4rbpxl2bb5v6eh06j1vm` FOREIGN KEY (`application_id`) REFERENCES `financing_application` (`id`)
) ENGINE=InnoDB AUTO_INCREMENT=16 DEFAULT CHARSET=utf8mb4 COLLATE=utf8mb4_0900_ai_ci;
/*!40101 SET character_set_client = @saved_cs_client */;

--
-- Dumping data for table `financing_asset_verification`
--

LOCK TABLES `financing_asset_verification` WRITE;
/*!40000 ALTER TABLE `financing_asset_verification` DISABLE KEYS */;
INSERT INTO `financing_asset_verification` VALUES (1,248000.00,'2026-01-14 10:10:00.000000','ACTIVE','Quotation and market price verified with supplier visit','2026-01-14 10:10:00.000000','Verifier A',1),(2,418000.00,'2026-01-14 12:10:00.000000','ACTIVE','Vehicle quotation, chassis details and dealer statement confirmed','2026-01-14 12:10:00.000000','Verifier B',2),(3,178000.00,'2026-01-15 11:20:00.000000','ACTIVE','Retail asset list and supplier invoice reviewed','2026-01-15 11:20:00.000000','Verifier C',3),(4,515000.00,'2026-01-17 10:15:00.000000','ACTIVE','Lease asset inspected at factory floor','2026-01-17 10:15:00.000000','Verifier D',4),(5,772000.00,'2026-01-18 13:05:00.000000','ACTIVE','Fleet lease proposal and insurance quote checked','2026-01-18 13:05:00.000000','Verifier E',5),(6,208000.00,'2026-01-19 09:45:00.000000','ACTIVE','Agro support pack verified with field officer note','2026-01-19 09:45:00.000000','Verifier F',6),(7,674000.00,'2026-01-20 10:05:00.000000','ACTIVE','Construction materials valuation completed on-site','2026-01-20 10:05:00.000000','Verifier G',7),(8,455000.00,'2026-01-21 10:50:00.000000','ACTIVE','Inventory valuation cross-checked against vendor bills','2026-01-21 10:50:00.000000','Verifier H',8),(9,338000.00,'2026-01-22 11:30:00.000000','ACTIVE','Working capital need aligned with trade cycle estimation','2026-01-22 11:30:00.000000','Verifier I',9),(10,287000.00,'2026-01-23 12:00:00.000000','ACTIVE','Medical equipment invoice and installation letter confirmed','2026-01-23 12:00:00.000000','Verifier J',10),(11,142000.00,'2026-01-24 10:25:00.000000','ACTIVE','Training center equipment list verified','2026-01-24 10:25:00.000000','Verifier K',11),(12,375000.00,'2026-01-24 16:40:00.000000','ACTIVE','Generator quotation and service warranty reviewed','2026-01-24 16:40:00.000000','Verifier L',12),(13,157000.00,'2026-01-25 11:45:00.000000','ACTIVE','Renovation BOQ and contractor note validated','2026-01-25 11:45:00.000000','Verifier M',13),(14,505000.00,'2026-01-27 10:00:00.000000','ACTIVE','Commodity purchase estimate verified with supplier ledger','2026-01-27 10:00:00.000000','Verifier N',14),(15,724000.00,'2026-01-28 09:20:00.000000','ACTIVE','Workshop development budget and material list checked','2026-01-28 09:20:00.000000','Verifier O',15);
/*!40000 ALTER TABLE `financing_asset_verification` ENABLE KEYS */;
UNLOCK TABLES;

--
-- Table structure for table `financing_disbursement`
--

DROP TABLE IF EXISTS `financing_disbursement`;
/*!40101 SET @saved_cs_client     = @@character_set_client */;
/*!50503 SET character_set_client = utf8mb4 */;
CREATE TABLE `financing_disbursement` (
  `id` bigint NOT NULL AUTO_INCREMENT,
  `created_at` datetime(6) NOT NULL,
  `credited_account_id` bigint NOT NULL,
  `disbursed_amount` decimal(18,2) NOT NULL,
  `disbursed_by` varchar(120) NOT NULL,
  `disbursement_date` date NOT NULL,
  `disbursement_no` varchar(40) NOT NULL,
  `status` enum('ACTIVE','ARCHIVED','PENDING') NOT NULL,
  `application_id` bigint NOT NULL,
  PRIMARY KEY (`id`),
  UNIQUE KEY `uk_financing_disbursement_no` (`disbursement_no`),
  UNIQUE KEY `UKh9sqn6lrsecpdhgy69mtamo5b` (`application_id`),
  CONSTRAINT `FKqbr21jfdsmt67x4so3k9xlvit` FOREIGN KEY (`application_id`) REFERENCES `financing_application` (`id`)
) ENGINE=InnoDB AUTO_INCREMENT=8 DEFAULT CHARSET=utf8mb4 COLLATE=utf8mb4_0900_ai_ci;
/*!40101 SET character_set_client = @saved_cs_client */;

--
-- Dumping data for table `financing_disbursement`
--

LOCK TABLES `financing_disbursement` WRITE;
/*!40000 ALTER TABLE `financing_disbursement` DISABLE KEYS */;
INSERT INTO `financing_disbursement` VALUES (1,'2026-01-21 10:20:00.000000',6,210000.00,'Disburser A','2026-01-21','FND-00001','ACTIVE',6),(2,'2026-01-22 11:10:00.000000',7,680000.00,'Disburser B','2026-01-22','FND-00002','ACTIVE',7),(3,'2026-01-23 11:40:00.000000',8,460000.00,'Disburser C','2026-01-23','FND-00003','ACTIVE',8),(4,'2026-01-24 12:15:00.000000',9,340000.00,'Disburser D','2026-01-24','FND-00004','ACTIVE',9),(5,'2026-01-25 13:00:00.000000',10,290000.00,'Disburser E','2026-01-25','FND-00005','ACTIVE',10),(6,'2026-01-29 11:45:00.000000',14,510000.00,'Disburser F','2026-01-29','FND-00006','ACTIVE',14),(7,'2026-01-31 12:15:00.000000',15,730000.00,'Disburser G','2026-01-31','FND-00007','ACTIVE',15);
/*!40000 ALTER TABLE `financing_disbursement` ENABLE KEYS */;
UNLOCK TABLES;

--
-- Table structure for table `financing_product`
--

DROP TABLE IF EXISTS `financing_product`;
/*!40101 SET @saved_cs_client     = @@character_set_client */;
/*!50503 SET character_set_client = utf8mb4 */;
CREATE TABLE `financing_product` (
  `id` bigint NOT NULL AUTO_INCREMENT,
  `created_at` datetime(6) NOT NULL,
  `financing_type` enum('IJARAH','ISTISNA','MUDARABA','MURABAHA','MUSHARAKA','SALAM') NOT NULL,
  `maximum_amount` decimal(18,2) NOT NULL,
  `minimum_amount` decimal(18,2) NOT NULL,
  `product_code` varchar(40) NOT NULL,
  `product_name` varchar(150) NOT NULL,
  `profit_rule` varchar(500) NOT NULL,
  `status` enum('ACTIVE','ARCHIVED','PENDING') NOT NULL,
  `tenure_months` int NOT NULL,
  `updated_at` datetime(6) NOT NULL,
  PRIMARY KEY (`id`),
  UNIQUE KEY `uk_financing_product_code` (`product_code`)
) ENGINE=InnoDB AUTO_INCREMENT=16 DEFAULT CHARSET=utf8mb4 COLLATE=utf8mb4_0900_ai_ci;
/*!40101 SET character_set_client = @saved_cs_client */;

--
-- Dumping data for table `financing_product`
--

LOCK TABLES `financing_product` WRITE;
/*!40000 ALTER TABLE `financing_product` DISABLE KEYS */;
INSERT INTO `financing_product` VALUES (1,'2026-01-02 09:00:00.000000','MURABAHA',500000.00,50000.00,'FNP-00001','Murabaha SME Asset','Flat 11.50% Murabaha markup with equal monthly installments','ACTIVE',12,'2026-01-02 09:00:00.000000'),(2,'2026-01-02 09:05:00.000000','MURABAHA',700000.00,80000.00,'FNP-00002','Murabaha Transport Support','Flat 12.00% Murabaha markup with monthly recovery','ACTIVE',18,'2026-01-02 09:05:00.000000'),(3,'2026-01-02 09:10:00.000000','MURABAHA',350000.00,40000.00,'FNP-00003','Murabaha Retail Asset','Flat 10.75% markup with equal schedule recovery','ACTIVE',10,'2026-01-02 09:10:00.000000'),(4,'2026-01-02 09:15:00.000000','IJARAH',900000.00,150000.00,'FNP-00004','Ijarah Equipment Lease','Lease rental equivalent to 13.25% yearly profit rate','ACTIVE',24,'2026-01-02 09:15:00.000000'),(5,'2026-01-02 09:20:00.000000','IJARAH',1200000.00,250000.00,'FNP-00005','Ijarah Fleet Lease','Lease rental equivalent to 12.80% yearly profit rate','ACTIVE',30,'2026-01-02 09:20:00.000000'),(6,'2026-01-02 09:25:00.000000','SALAM',450000.00,60000.00,'FNP-00006','Salam Agro Input','Advance commodity purchase support at 9.80% expected margin','ACTIVE',9,'2026-01-02 09:25:00.000000'),(7,'2026-01-02 09:30:00.000000','ISTISNA',1000000.00,200000.00,'FNP-00007','Istisna Construction Support','Istisna production margin 14.10% over delivery period','ACTIVE',20,'2026-01-02 09:30:00.000000'),(8,'2026-01-02 09:35:00.000000','MUSHARAKA',800000.00,100000.00,'FNP-00008','Musharaka Trade Expansion','Shared profit allocation benchmark 15.25% for monthly settlement','ACTIVE',16,'2026-01-02 09:35:00.000000'),(9,'2026-01-02 09:40:00.000000','MUDARABA',650000.00,90000.00,'FNP-00009','Mudaraba Working Capital','Mudaraba partner share benchmark 14.40% with scheduled recovery','ACTIVE',14,'2026-01-02 09:40:00.000000'),(10,'2026-01-02 09:45:00.000000','MURABAHA',550000.00,75000.00,'FNP-00010','Murabaha Medical Equipment','Flat 11.90% Murabaha markup with equal installments','ACTIVE',12,'2026-01-02 09:45:00.000000'),(11,'2026-01-02 09:50:00.000000','MURABAHA',300000.00,30000.00,'FNP-00011','Murabaha Education Asset','Student asset support at 9.50% annualized markup','ACTIVE',8,'2026-01-02 09:50:00.000000'),(12,'2026-01-02 09:55:00.000000','IJARAH',650000.00,120000.00,'FNP-00012','Ijarah Generator Lease','Lease rental equivalent to 12.35% yearly profit rate','ACTIVE',18,'2026-01-02 09:55:00.000000'),(13,'2026-01-02 10:00:00.000000','MURABAHA',480000.00,55000.00,'FNP-00013','Murabaha Shop Renovation','Flat 10.60% markup for renovation asset financing','ACTIVE',11,'2026-01-02 10:00:00.000000'),(14,'2026-01-02 10:05:00.000000','SALAM',720000.00,95000.00,'FNP-00014','Salam Commodity Purchase','Advance commodity purchase margin 10.90% with staged recovery','ACTIVE',13,'2026-01-02 10:05:00.000000'),(15,'2026-01-02 10:10:00.000000','ISTISNA',950000.00,180000.00,'FNP-00015','Istisna Workshop Build','Production support margin 13.80% with milestone recovery','ACTIVE',22,'2026-01-02 10:10:00.000000');
/*!40000 ALTER TABLE `financing_product` ENABLE KEYS */;
UNLOCK TABLES;

--
-- Table structure for table `financing_schedule`
--

DROP TABLE IF EXISTS `financing_schedule`;
/*!40101 SET @saved_cs_client     = @@character_set_client */;
/*!50503 SET character_set_client = utf8mb4 */;
CREATE TABLE `financing_schedule` (
  `id` bigint NOT NULL AUTO_INCREMENT,
  `charity_amount` decimal(18,2) NOT NULL,
  `created_at` datetime(6) NOT NULL,
  `due_date` date NOT NULL,
  `installment_no` int NOT NULL,
  `paid_amount` decimal(18,2) NOT NULL,
  `paid_date` date DEFAULT NULL,
  `principal_amount` decimal(18,2) NOT NULL,
  `profit_amount` decimal(18,2) NOT NULL,
  `schedule_status` enum('OVERDUE','PAID','PARTIAL','PENDING') NOT NULL,
  `application_id` bigint NOT NULL,
  PRIMARY KEY (`id`),
  KEY `FKem6dtskxj5ue9no7crk706lqe` (`application_id`),
  CONSTRAINT `FKem6dtskxj5ue9no7crk706lqe` FOREIGN KEY (`application_id`) REFERENCES `financing_application` (`id`)
) ENGINE=InnoDB AUTO_INCREMENT=29 DEFAULT CHARSET=utf8mb4 COLLATE=utf8mb4_0900_ai_ci;
/*!40101 SET character_set_client = @saved_cs_client */;

--
-- Dumping data for table `financing_schedule`
--

LOCK TABLES `financing_schedule` WRITE;
/*!40000 ALTER TABLE `financing_schedule` DISABLE KEYS */;
INSERT INTO `financing_schedule` VALUES (1,0.00,'2026-01-21 10:25:00.000000','2026-02-21',1,0.00,NULL,70000.00,7000.00,'PENDING',6),(2,0.00,'2026-01-21 10:25:00.000000','2026-03-21',2,0.00,NULL,70000.00,7000.00,'PENDING',6),(3,0.00,'2026-01-21 10:25:00.000000','2026-04-21',3,0.00,NULL,70000.00,7000.00,'PENDING',6),(4,0.00,'2026-01-21 10:25:00.000000','2026-05-21',4,0.00,NULL,70000.00,7000.00,'PENDING',6),(5,0.00,'2026-01-22 11:15:00.000000','2026-02-22',1,180000.00,'2026-02-22',170000.00,10000.00,'PAID',7),(6,0.00,'2026-01-22 11:15:00.000000','2026-03-22',2,100000.00,'2026-03-25',170000.00,10000.00,'PARTIAL',7),(7,1700.00,'2026-01-22 11:15:00.000000','2026-04-22',3,0.00,NULL,170000.00,10000.00,'OVERDUE',7),(8,0.00,'2026-01-22 11:15:00.000000','2026-05-22',4,0.00,NULL,170000.00,10000.00,'PENDING',7),(9,0.00,'2026-01-23 11:45:00.000000','2026-02-23',1,120000.00,'2026-02-23',115000.00,5000.00,'PAID',8),(10,0.00,'2026-01-23 11:45:00.000000','2026-03-23',2,60000.00,'2026-03-24',115000.00,5000.00,'PARTIAL',8),(11,1150.00,'2026-01-23 11:45:00.000000','2026-04-23',3,0.00,NULL,115000.00,5000.00,'OVERDUE',8),(12,0.00,'2026-01-23 11:45:00.000000','2026-05-23',4,0.00,NULL,115000.00,5000.00,'PENDING',8),(13,0.00,'2026-01-24 12:20:00.000000','2026-02-24',1,90000.00,'2026-02-24',85000.00,5000.00,'PAID',9),(14,0.00,'2026-01-24 12:20:00.000000','2026-03-24',2,90000.00,'2026-03-24',85000.00,5000.00,'PAID',9),(15,0.00,'2026-01-24 12:20:00.000000','2026-04-24',3,90000.00,'2026-04-20',85000.00,5000.00,'PAID',9),(16,0.00,'2026-01-24 12:20:00.000000','2026-05-24',4,90000.00,'2026-05-10',85000.00,5000.00,'PAID',9),(17,0.00,'2026-01-25 13:05:00.000000','2026-02-25',1,76000.00,'2026-02-25',72000.00,4000.00,'PAID',10),(18,0.00,'2026-01-25 13:05:00.000000','2026-03-25',2,76000.00,'2026-03-25',72000.00,4000.00,'PAID',10),(19,0.00,'2026-01-25 13:05:00.000000','2026-04-25',3,76000.00,'2026-04-21',72000.00,4000.00,'PAID',10),(20,0.00,'2026-01-25 13:05:00.000000','2026-05-25',4,76000.00,'2026-05-12',72000.00,4000.00,'PAID',10),(21,0.00,'2026-01-29 11:50:00.000000','2026-02-28',1,0.00,NULL,127500.00,9500.00,'PENDING',14),(22,0.00,'2026-01-29 11:50:00.000000','2026-03-28',2,0.00,NULL,127500.00,9500.00,'PENDING',14),(23,0.00,'2026-01-29 11:50:00.000000','2026-04-28',3,0.00,NULL,127500.00,9500.00,'PENDING',14),(24,0.00,'2026-01-29 11:50:00.000000','2026-05-28',4,0.00,NULL,127500.00,9500.00,'PENDING',14),(25,0.00,'2026-01-31 12:20:00.000000','2026-02-28',1,190000.00,'2026-02-28',182500.00,7500.00,'PAID',15),(26,0.00,'2026-01-31 12:20:00.000000','2026-03-31',2,90000.00,'2026-03-31',182500.00,7500.00,'PARTIAL',15),(27,1825.00,'2026-01-31 12:20:00.000000','2026-04-30',3,0.00,NULL,182500.00,7500.00,'OVERDUE',15),(28,0.00,'2026-01-31 12:20:00.000000','2026-05-31',4,0.00,NULL,182500.00,7500.00,'PENDING',15);
/*!40000 ALTER TABLE `financing_schedule` ENABLE KEYS */;
UNLOCK TABLES;

--
-- Table structure for table `fund_transfer`
--

DROP TABLE IF EXISTS `fund_transfer`;
/*!40101 SET @saved_cs_client     = @@character_set_client */;
/*!50503 SET character_set_client = utf8mb4 */;
CREATE TABLE `fund_transfer` (
  `id` bigint NOT NULL AUTO_INCREMENT,
  `created_at` datetime(6) NOT NULL,
  `from_account_id` bigint NOT NULL,
  `remarks` varchar(500) DEFAULT NULL,
  `to_account_id` bigint NOT NULL,
  `transfer_mode` enum('BEFTN','INTERNAL','RTGS') NOT NULL,
  `transaction_id` bigint NOT NULL,
  PRIMARY KEY (`id`),
  KEY `FKjfgsd5rdtmwo4iqc4nps7qgg3` (`transaction_id`),
  CONSTRAINT `FKjfgsd5rdtmwo4iqc4nps7qgg3` FOREIGN KEY (`transaction_id`) REFERENCES `transaction_journal` (`id`)
) ENGINE=InnoDB AUTO_INCREMENT=16 DEFAULT CHARSET=utf8mb4 COLLATE=utf8mb4_0900_ai_ci;
/*!40101 SET character_set_client = @saved_cs_client */;

--
-- Dumping data for table `fund_transfer`
--

LOCK TABLES `fund_transfer` WRITE;
/*!40000 ALTER TABLE `fund_transfer` DISABLE KEYS */;
INSERT INTO `fund_transfer` VALUES (1,'2026-05-01 09:00:00.000000',1,'Deposit-linked internal memo',2,'INTERNAL',1),(2,'2026-05-01 09:15:00.000000',2,'Withdrawal linked transfer reference',1,'INTERNAL',2),(3,'2026-05-01 09:30:00.000000',3,'Core transfer sample',4,'INTERNAL',3),(4,'2026-05-01 09:45:00.000000',5,'Cheque settlement trace',4,'BEFTN',4),(5,'2026-05-01 10:00:00.000000',6,'Deposit cross note',5,'INTERNAL',5),(6,'2026-05-01 10:15:00.000000',7,'Withdrawal trace',6,'INTERNAL',6),(7,'2026-05-01 10:30:00.000000',8,'Transfer sample two',9,'RTGS',7),(8,'2026-05-01 10:45:00.000000',10,'Cheque settlement business current',5,'BEFTN',8),(9,'2026-05-01 11:00:00.000000',11,'Deposit note three',10,'INTERNAL',9),(10,'2026-05-01 11:15:00.000000',12,'Withdrawal note three',11,'INTERNAL',10),(11,'2026-05-01 11:30:00.000000',13,'NRB FC transfer',14,'INTERNAL',11),(12,'2026-05-01 11:45:00.000000',15,'Cheque review linkage',13,'BEFTN',12),(13,'2026-05-01 12:00:00.000000',2,'Reversal mirror entry',1,'INTERNAL',13),(14,'2026-05-01 12:10:00.000000',4,'Transfer reversal mirror entry',3,'INTERNAL',14),(15,'2026-05-01 12:25:00.000000',5,'High value deposit cross-check',2,'RTGS',15);
/*!40000 ALTER TABLE `fund_transfer` ENABLE KEYS */;
UNLOCK TABLES;

--
-- Table structure for table `gl_account`
--

DROP TABLE IF EXISTS `gl_account`;
/*!40101 SET @saved_cs_client     = @@character_set_client */;
/*!50503 SET character_set_client = utf8mb4 */;
CREATE TABLE `gl_account` (
  `id` bigint NOT NULL AUTO_INCREMENT,
  `account_code` varchar(30) NOT NULL,
  `account_name` varchar(150) NOT NULL,
  `account_type` varchar(20) NOT NULL,
  `allow_posting` bit(1) NOT NULL,
  `branch_scoped` bit(1) NOT NULL,
  `created_at` datetime(6) DEFAULT NULL,
  `parent_account_code` varchar(30) DEFAULT NULL,
  `status` enum('ACTIVE','ARCHIVED','PENDING') NOT NULL,
  `updated_at` datetime(6) DEFAULT NULL,
  PRIMARY KEY (`id`),
  UNIQUE KEY `uk_gl_account_code` (`account_code`)
) ENGINE=InnoDB AUTO_INCREMENT=11 DEFAULT CHARSET=utf8mb4 COLLATE=utf8mb4_0900_ai_ci;
/*!40101 SET character_set_client = @saved_cs_client */;

--
-- Dumping data for table `gl_account`
--

LOCK TABLES `gl_account` WRITE;
/*!40000 ALTER TABLE `gl_account` DISABLE KEYS */;
INSERT INTO `gl_account` VALUES (1,'1010','Cash In Hand','ASSET',_binary '',_binary '','2026-05-18 01:00:48.124074',NULL,'ACTIVE',NULL),(2,'1020','Bank Balance','ASSET',_binary '',_binary '\0','2026-05-18 01:00:48.177071',NULL,'ACTIVE',NULL),(3,'1200','Financing Receivable','ASSET',_binary '',_binary '','2026-05-18 01:00:48.201069',NULL,'ACTIVE',NULL),(4,'2010','Customer Deposit Liability','LIABILITY',_binary '',_binary '','2026-05-18 01:00:48.219070',NULL,'ACTIVE',NULL),(5,'2020','Profit Payable to Depositors','LIABILITY',_binary '',_binary '\0','2026-05-18 01:00:48.241067',NULL,'ACTIVE',NULL),(6,'3010','Retained Earnings','EQUITY',_binary '',_binary '\0','2026-05-18 01:00:48.259068',NULL,'ACTIVE',NULL),(7,'4010','Financing Income','INCOME',_binary '',_binary '','2026-05-18 01:00:48.277068',NULL,'ACTIVE',NULL),(8,'4020','Fee And Commission Income','INCOME',_binary '',_binary '','2026-05-18 01:00:48.295068',NULL,'ACTIVE',NULL),(9,'5010','Profit Distribution Expense','EXPENSE',_binary '',_binary '\0','2026-05-18 01:00:48.313069',NULL,'ACTIVE',NULL),(10,'5020','Operating Expense','EXPENSE',_binary '',_binary '','2026-05-18 01:00:48.336069',NULL,'ACTIVE',NULL);
/*!40000 ALTER TABLE `gl_account` ENABLE KEYS */;
UNLOCK TABLES;

--
-- Table structure for table `gl_journal`
--

DROP TABLE IF EXISTS `gl_journal`;
/*!40101 SET @saved_cs_client     = @@character_set_client */;
/*!50503 SET character_set_client = utf8mb4 */;
CREATE TABLE `gl_journal` (
  `id` bigint NOT NULL AUTO_INCREMENT,
  `branch_id` bigint DEFAULT NULL,
  `created_at` datetime(6) DEFAULT NULL,
  `created_by` varchar(80) DEFAULT NULL,
  `description` varchar(500) DEFAULT NULL,
  `journal_date` date NOT NULL,
  `journal_type` varchar(50) NOT NULL,
  `source_reference_id` bigint NOT NULL,
  `source_reference_no` varchar(100) DEFAULT NULL,
  `source_type` varchar(50) NOT NULL,
  `status` enum('ACTIVE','ARCHIVED','PENDING') NOT NULL,
  PRIMARY KEY (`id`)
) ENGINE=InnoDB AUTO_INCREMENT=135 DEFAULT CHARSET=utf8mb4 COLLATE=utf8mb4_0900_ai_ci;
/*!40101 SET character_set_client = @saved_cs_client */;

--
-- Dumping data for table `gl_journal`
--

LOCK TABLES `gl_journal` WRITE;
/*!40000 ALTER TABLE `gl_journal` DISABLE KEYS */;
INSERT INTO `gl_journal` VALUES (103,3,'2026-05-18 08:42:58.193619','SYSTEM_BOOTSTRAP','Profit distribution posting for PRF-00015','2026-04-07','PROFIT_POSTING',15,'PRF-00015','PROFIT_POSTING','ACTIVE'),(104,2,'2026-05-18 08:42:58.276624','SYSTEM_BOOTSTRAP','Profit distribution posting for PRF-00013','2026-04-04','PROFIT_POSTING',13,'PRF-00013','PROFIT_POSTING','ACTIVE'),(105,1,'2026-05-18 08:42:58.341623','SYSTEM_BOOTSTRAP','Profit distribution posting for PRF-00011','2026-04-06','PROFIT_POSTING',11,'PRF-00011','PROFIT_POSTING','ACTIVE'),(106,3,'2026-05-18 08:42:58.409624','SYSTEM_BOOTSTRAP','Profit distribution posting for PRF-00009','2025-12-31','PROFIT_POSTING',9,'PRF-00009','PROFIT_POSTING','ACTIVE'),(107,1,'2026-05-18 08:42:58.474624','SYSTEM_BOOTSTRAP','Profit distribution posting for PRF-00008','2026-04-15','PROFIT_POSTING',8,'PRF-00008','PROFIT_POSTING','ACTIVE'),(108,2,'2026-05-18 08:42:58.542622','SYSTEM_BOOTSTRAP','Profit distribution posting for PRF-00007','2026-04-03','PROFIT_POSTING',7,'PRF-00007','PROFIT_POSTING','ACTIVE'),(109,2,'2026-05-18 08:42:58.603620','SYSTEM_BOOTSTRAP','Profit distribution posting for PRF-00005','2026-04-08','PROFIT_POSTING',5,'PRF-00005','PROFIT_POSTING','ACTIVE'),(110,1,'2026-05-18 08:42:58.676622','SYSTEM_BOOTSTRAP','Profit distribution posting for PRF-00003','2026-04-05','PROFIT_POSTING',3,'PRF-00003','PROFIT_POSTING','ACTIVE'),(111,2,'2026-05-18 08:42:58.743620','SYSTEM_BOOTSTRAP','Profit distribution posting for PRF-00001','2026-04-10','PROFIT_POSTING',1,'PRF-00001','PROFIT_POSTING','ACTIVE'),(112,2,'2026-05-18 08:42:58.853624','SYSTEM_BOOTSTRAP','Realized financing income for schedule 1','2026-02-22','FINANCING_INCOME',5,'FNA-00007-INS-1','FINANCING_INCOME','ACTIVE'),(113,1,'2026-05-18 08:42:58.917620','SYSTEM_BOOTSTRAP','Realized financing income for schedule 1','2026-02-23','FINANCING_INCOME',9,'FNA-00008-INS-1','FINANCING_INCOME','ACTIVE'),(114,3,'2026-05-18 08:42:58.975620','SYSTEM_BOOTSTRAP','Realized financing income for schedule 1','2026-02-24','FINANCING_INCOME',13,'FNA-00009-INS-1','FINANCING_INCOME','ACTIVE'),(115,3,'2026-05-18 08:42:59.046618','SYSTEM_BOOTSTRAP','Realized financing income for schedule 2','2026-03-24','FINANCING_INCOME',14,'FNA-00009-INS-2','FINANCING_INCOME','ACTIVE'),(116,3,'2026-05-18 08:42:59.103623','SYSTEM_BOOTSTRAP','Realized financing income for schedule 3','2026-04-20','FINANCING_INCOME',15,'FNA-00009-INS-3','FINANCING_INCOME','ACTIVE'),(117,3,'2026-05-18 08:42:59.154618','SYSTEM_BOOTSTRAP','Realized financing income for schedule 4','2026-05-10','FINANCING_INCOME',16,'FNA-00009-INS-4','FINANCING_INCOME','ACTIVE'),(118,2,'2026-05-18 08:42:59.272621','SYSTEM_BOOTSTRAP','Realized financing income for schedule 1','2026-02-25','FINANCING_INCOME',17,'FNA-00010-INS-1','FINANCING_INCOME','ACTIVE'),(119,2,'2026-05-18 08:42:59.339624','SYSTEM_BOOTSTRAP','Realized financing income for schedule 2','2026-03-25','FINANCING_INCOME',18,'FNA-00010-INS-2','FINANCING_INCOME','ACTIVE'),(120,2,'2026-05-18 08:42:59.397618','SYSTEM_BOOTSTRAP','Realized financing income for schedule 3','2026-04-21','FINANCING_INCOME',19,'FNA-00010-INS-3','FINANCING_INCOME','ACTIVE'),(121,2,'2026-05-18 08:42:59.446616','SYSTEM_BOOTSTRAP','Realized financing income for schedule 4','2026-05-12','FINANCING_INCOME',20,'FNA-00010-INS-4','FINANCING_INCOME','ACTIVE'),(122,3,'2026-05-18 08:42:59.497617','SYSTEM_BOOTSTRAP','Realized financing income for schedule 1','2026-02-28','FINANCING_INCOME',25,'FNA-00015-INS-1','FINANCING_INCOME','ACTIVE'),(123,2,'2026-05-18 09:12:54.902280','SYSTEM_BOOTSTRAP','Management expense posting for COMPLIANCE_AUDIT','2026-05-05','MANAGEMENT_EXPENSE',14,'BR002-CMP-0526','MANAGEMENT_EXPENSE','ACTIVE'),(124,3,'2026-05-18 09:12:54.902280','SYSTEM_BOOTSTRAP','Management expense posting for OFFICE_ADMIN','2026-05-07','MANAGEMENT_EXPENSE',15,'BR003-ADM-0526','MANAGEMENT_EXPENSE','ACTIVE'),(125,4,'2026-05-18 09:12:54.902280','SYSTEM_BOOTSTRAP','Management expense posting for IT_SYSTEMS','2026-05-09','MANAGEMENT_EXPENSE',16,'BR004-ITS-0526','MANAGEMENT_EXPENSE','ACTIVE'),(126,6,'2026-05-18 09:12:54.902280','SYSTEM_BOOTSTRAP','Management expense posting for RENT_UTILITY','2026-05-10','MANAGEMENT_EXPENSE',17,'BR006-UTL-0526','MANAGEMENT_EXPENSE','ACTIVE'),(127,NULL,'2026-05-18 09:12:54.902280','SYSTEM_BOOTSTRAP','Management expense posting for SALARY_ALLOWANCE','2026-05-12','MANAGEMENT_EXPENSE',18,'HO-SAL-0526','MANAGEMENT_EXPENSE','ACTIVE'),(128,8,'2026-05-18 09:12:54.902280','SYSTEM_BOOTSTRAP','Management expense posting for OTHER_OPERATING','2026-05-14','MANAGEMENT_EXPENSE',19,'BR008-OPS-0526','MANAGEMENT_EXPENSE','ACTIVE');
/*!40000 ALTER TABLE `gl_journal` ENABLE KEYS */;
UNLOCK TABLES;

--
-- Table structure for table `gl_journal_line`
--

DROP TABLE IF EXISTS `gl_journal_line`;
/*!40101 SET @saved_cs_client     = @@character_set_client */;
/*!50503 SET character_set_client = utf8mb4 */;
CREATE TABLE `gl_journal_line` (
  `id` bigint NOT NULL AUTO_INCREMENT,
  `account_code` varchar(30) NOT NULL,
  `amount` decimal(18,2) NOT NULL,
  `entry_side` varchar(10) NOT NULL,
  `journal_id` bigint NOT NULL,
  `line_no` int NOT NULL,
  `remarks` varchar(500) DEFAULT NULL,
  PRIMARY KEY (`id`)
) ENGINE=InnoDB AUTO_INCREMENT=269 DEFAULT CHARSET=utf8mb4 COLLATE=utf8mb4_0900_ai_ci;
/*!40101 SET character_set_client = @saved_cs_client */;

--
-- Dumping data for table `gl_journal_line`
--

LOCK TABLES `gl_journal_line` WRITE;
/*!40000 ALTER TABLE `gl_journal_line` DISABLE KEYS */;
INSERT INTO `gl_journal_line` VALUES (205,'5010',58.46,'DEBIT',103,1,'Profit distribution expense recognition'),(206,'2010',58.46,'CREDIT',103,2,'Customer deposit liability increase'),(207,'5010',27.23,'DEBIT',104,1,'Profit distribution expense recognition'),(208,'2010',27.23,'CREDIT',104,2,'Customer deposit liability increase'),(209,'5010',62.33,'DEBIT',105,1,'Profit distribution expense recognition'),(210,'2010',62.33,'CREDIT',105,2,'Customer deposit liability increase'),(211,'5010',700.00,'DEBIT',106,1,'Profit distribution expense recognition'),(212,'2010',700.00,'CREDIT',106,2,'Customer deposit liability increase'),(213,'5010',29.10,'DEBIT',107,1,'Profit distribution expense recognition'),(214,'2010',29.10,'CREDIT',107,2,'Customer deposit liability increase'),(215,'5010',84.00,'DEBIT',108,1,'Profit distribution expense recognition'),(216,'2010',84.00,'CREDIT',108,2,'Customer deposit liability increase'),(217,'5010',278.13,'DEBIT',109,1,'Profit distribution expense recognition'),(218,'2010',278.13,'CREDIT',109,2,'Customer deposit liability increase'),(219,'5010',453.13,'DEBIT',110,1,'Profit distribution expense recognition'),(220,'2010',453.13,'CREDIT',110,2,'Customer deposit liability increase'),(221,'5010',105.00,'DEBIT',111,1,'Profit distribution expense recognition'),(222,'2010',105.00,'CREDIT',111,2,'Customer deposit liability increase'),(223,'1020',10000.00,'DEBIT',112,1,'Financing income realization asset side'),(224,'4010',10000.00,'CREDIT',112,2,'Financing income recognition'),(225,'1020',5000.00,'DEBIT',113,1,'Financing income realization asset side'),(226,'4010',5000.00,'CREDIT',113,2,'Financing income recognition'),(227,'1020',5000.00,'DEBIT',114,1,'Financing income realization asset side'),(228,'4010',5000.00,'CREDIT',114,2,'Financing income recognition'),(229,'1020',5000.00,'DEBIT',115,1,'Financing income realization asset side'),(230,'4010',5000.00,'CREDIT',115,2,'Financing income recognition'),(231,'1020',5000.00,'DEBIT',116,1,'Financing income realization asset side'),(232,'4010',5000.00,'CREDIT',116,2,'Financing income recognition'),(233,'1020',5000.00,'DEBIT',117,1,'Financing income realization asset side'),(234,'4010',5000.00,'CREDIT',117,2,'Financing income recognition'),(235,'1020',4000.00,'DEBIT',118,1,'Financing income realization asset side'),(236,'4010',4000.00,'CREDIT',118,2,'Financing income recognition'),(237,'1020',4000.00,'DEBIT',119,1,'Financing income realization asset side'),(238,'4010',4000.00,'CREDIT',119,2,'Financing income recognition'),(239,'1020',4000.00,'DEBIT',120,1,'Financing income realization asset side'),(240,'4010',4000.00,'CREDIT',120,2,'Financing income recognition'),(241,'1020',4000.00,'DEBIT',121,1,'Financing income realization asset side'),(242,'4010',4000.00,'CREDIT',121,2,'Financing income recognition'),(243,'1020',7500.00,'DEBIT',122,1,'Financing income realization asset side'),(244,'4010',7500.00,'CREDIT',122,2,'Financing income recognition'),(245,'5020',980.00,'DEBIT',123,1,'Expense recognition'),(246,'5020',640.00,'DEBIT',124,1,'Expense recognition'),(247,'5020',1350.00,'DEBIT',125,1,'Expense recognition'),(248,'5020',2200.00,'DEBIT',126,1,'Expense recognition'),(249,'5020',3600.00,'DEBIT',127,1,'Expense recognition'),(250,'5020',875.00,'DEBIT',128,1,'Expense recognition'),(252,'1020',980.00,'CREDIT',123,2,'Settlement placeholder'),(253,'1020',640.00,'CREDIT',124,2,'Settlement placeholder'),(254,'1020',1350.00,'CREDIT',125,2,'Settlement placeholder'),(255,'1020',2200.00,'CREDIT',126,2,'Settlement placeholder'),(256,'1020',3600.00,'CREDIT',127,2,'Settlement placeholder'),(257,'1020',875.00,'CREDIT',128,2,'Settlement placeholder');
/*!40000 ALTER TABLE `gl_journal_line` ENABLE KEYS */;
UNLOCK TABLES;

--
-- Table structure for table `integration_execution_log`
--

DROP TABLE IF EXISTS `integration_execution_log`;
/*!40101 SET @saved_cs_client     = @@character_set_client */;
/*!50503 SET character_set_client = utf8mb4 */;
CREATE TABLE `integration_execution_log` (
  `id` bigint NOT NULL AUTO_INCREMENT,
  `provider_id` bigint NOT NULL,
  `reference_module` varchar(80) DEFAULT NULL,
  `reference_id` bigint DEFAULT NULL,
  `request_payload` longtext,
  `response_payload` longtext,
  `http_status` int DEFAULT NULL,
  `execution_status` enum('FAILED','RETRY_PENDING','SUCCESS') NOT NULL,
  `executed_at` datetime(6) NOT NULL,
  `retry_count` int NOT NULL,
  `status` enum('ACTIVE','ARCHIVED','PENDING') NOT NULL,
  `created_at` datetime(6) NOT NULL,
  `updated_at` datetime(6) NOT NULL,
  PRIMARY KEY (`id`),
  KEY `fk_integration_execution_log_provider` (`provider_id`),
  CONSTRAINT `fk_integration_execution_log_provider` FOREIGN KEY (`provider_id`) REFERENCES `integration_provider` (`id`)
) ENGINE=InnoDB AUTO_INCREMENT=16 DEFAULT CHARSET=utf8mb4 COLLATE=utf8mb4_0900_ai_ci;
/*!40101 SET character_set_client = @saved_cs_client */;

--
-- Dumping data for table `integration_execution_log`
--

LOCK TABLES `integration_execution_log` WRITE;
/*!40000 ALTER TABLE `integration_execution_log` DISABLE KEYS */;
INSERT INTO `integration_execution_log` VALUES (1,1,'NOTIFICATION',101,'{\"channel\":\"EMAIL\",\"template\":\"CUSTOMER_WELCOME\"}','SMTP sandbox accepted notification request successfully.',200,'SUCCESS','2026-05-02 10:00:00.000000',0,'ACTIVE','2026-05-02 10:00:00.000000','2026-05-02 10:00:00.000000'),(2,2,'VERIFICATION',202,'{\"channel\":\"SMS\",\"purpose\":\"VERIFY_MOBILE\"}','SMS gateway delivered OTP notification.',200,'SUCCESS','2026-05-02 10:05:00.000000',0,'ACTIVE','2026-05-02 10:05:00.000000','2026-05-02 10:05:00.000000'),(3,3,'CARD',303,'{\"channel\":\"PUSH\",\"event\":\"CARD_ISSUED\"}','Push relay delivered device notification.',200,'SUCCESS','2026-05-02 10:10:00.000000',0,'ACTIVE','2026-05-02 10:10:00.000000','2026-05-02 10:10:00.000000'),(4,4,'PAYMENT',404,'{\"transaction\":\"DISBURSEMENT\",\"amount\":75000}','Payment switch acknowledged outbound settlement.',200,'SUCCESS','2026-05-02 10:15:00.000000',0,'ACTIVE','2026-05-02 10:15:00.000000','2026-05-02 10:15:00.000000'),(5,5,'ACCOUNT',505,'{\"accountNo\":\"ACC-2026-0005\",\"event\":\"MB_LINK\"}','Mobile banking link completed successfully.',200,'SUCCESS','2026-05-02 10:20:00.000000',0,'ACTIVE','2026-05-02 10:20:00.000000','2026-05-02 10:20:00.000000'),(6,6,'NOTIFICATION',606,'{\"channel\":\"EMAIL\",\"template\":\"KYC_SUBMITTED\"}','SMTP sandbox beta timed out while posting payload.',504,'FAILED','2026-05-02 10:25:00.000000',1,'ACTIVE','2026-05-02 10:25:00.000000','2026-05-02 10:25:00.000000'),(7,7,'NOTIFICATION',707,'{\"channel\":\"SMS\",\"template\":\"ACCOUNT_BLOCK_ALERT\"}','Backup SMS gateway delivered alert after failover.',200,'SUCCESS','2026-05-02 10:30:00.000000',1,'ACTIVE','2026-05-02 10:30:00.000000','2026-05-02 10:30:00.000000'),(8,8,'WORKFLOW',808,'{\"action\":\"ROUTE_NOTIFICATION\",\"module\":\"CONTRACT\"}','Router normalized and forwarded event successfully.',202,'SUCCESS','2026-05-02 10:35:00.000000',0,'ACTIVE','2026-05-02 10:35:00.000000','2026-05-02 10:35:00.000000'),(9,9,'PAYMENT',909,'{\"transaction\":\"PAYOUT\",\"amount\":120000}','Backup payment endpoint rejected settlement window.',503,'FAILED','2026-05-02 10:40:00.000000',2,'ACTIVE','2026-05-02 10:40:00.000000','2026-05-02 10:40:00.000000'),(10,10,'ACCOUNT',1001,'{\"accountNo\":\"ACC-2026-0010\",\"event\":\"BALANCE_SYNC\"}','Mobile banking balance sync queued for retry.',202,'RETRY_PENDING','2026-05-02 10:45:00.000000',2,'ACTIVE','2026-05-02 10:45:00.000000','2026-05-02 10:45:00.000000'),(11,11,'REPORT',1101,'{\"report\":\"SHARIAH_ANNUAL\",\"format\":\"PDF\"}','Report gateway rendered and delivered pack successfully.',200,'SUCCESS','2026-05-02 10:50:00.000000',0,'ACTIVE','2026-05-02 10:50:00.000000','2026-05-02 10:50:00.000000'),(12,13,'SECURITY',1201,'{\"screening\":\"AML\",\"customerId\":15}','AML screening connector returned temporary backlog notice.',429,'RETRY_PENDING','2026-05-02 10:55:00.000000',1,'ACTIVE','2026-05-02 10:55:00.000000','2026-05-02 10:55:00.000000'),(13,14,'CARD',1301,'{\"event\":\"PIN_CHANGED\",\"channel\":\"PUSH\"}','Card push mirror delivered alert successfully.',200,'SUCCESS','2026-05-02 11:00:00.000000',0,'ACTIVE','2026-05-02 11:00:00.000000','2026-05-02 11:00:00.000000'),(14,4,'FINANCING',1401,'{\"applicationNo\":\"FIN-1401\",\"event\":\"DISBURSEMENT\"}','Payment switch core timeout from downstream partner.',504,'FAILED','2026-05-02 11:05:00.000000',1,'ACTIVE','2026-05-02 11:05:00.000000','2026-05-02 11:05:00.000000'),(15,1,'NOTIFICATION',1501,'{\"channel\":\"EMAIL\",\"template\":\"STATEMENT_READY\"}','SMTP sandbox accepted statement-ready email.',200,'SUCCESS','2026-05-02 11:10:00.000000',0,'ACTIVE','2026-05-02 11:10:00.000000','2026-05-02 11:10:00.000000');
/*!40000 ALTER TABLE `integration_execution_log` ENABLE KEYS */;
UNLOCK TABLES;

--
-- Table structure for table `integration_provider`
--

DROP TABLE IF EXISTS `integration_provider`;
/*!40101 SET @saved_cs_client     = @@character_set_client */;
/*!50503 SET character_set_client = utf8mb4 */;
CREATE TABLE `integration_provider` (
  `id` bigint NOT NULL AUTO_INCREMENT,
  `provider_code` varchar(40) NOT NULL,
  `provider_name` varchar(160) NOT NULL,
  `provider_type` enum('EMAIL','GENERAL','MOBILE_BANKING','PAYMENT','PUSH','SMS') NOT NULL,
  `base_url` varchar(255) NOT NULL,
  `auth_type` enum('API_KEY','BASIC','BEARER','NONE','USERNAME_PASSWORD') NOT NULL,
  `api_key` varchar(255) DEFAULT NULL,
  `username` varchar(120) DEFAULT NULL,
  `password_enc` varchar(255) DEFAULT NULL,
  `timeout_sec` int NOT NULL,
  `status` enum('ACTIVE','ARCHIVED','PENDING') NOT NULL,
  `created_at` datetime(6) NOT NULL,
  `updated_at` datetime(6) NOT NULL,
  PRIMARY KEY (`id`),
  UNIQUE KEY `uk_integration_provider_code` (`provider_code`)
) ENGINE=InnoDB AUTO_INCREMENT=16 DEFAULT CHARSET=utf8mb4 COLLATE=utf8mb4_0900_ai_ci;
/*!40101 SET character_set_client = @saved_cs_client */;

--
-- Dumping data for table `integration_provider`
--

LOCK TABLES `integration_provider` WRITE;
/*!40000 ALTER TABLE `integration_provider` DISABLE KEYS */;
INSERT INTO `integration_provider` VALUES (1,'INT-00001','SMTP Sandbox Alpha','EMAIL','https://smtp-alpha.sandbox.local/api','API_KEY','alpha-mail-key-2026',NULL,'YWxwaGEtbWFpbC1wYXNz',25,'ACTIVE','2026-05-02 08:00:00.000000','2026-05-02 08:00:00.000000'),(2,'INT-00002','SMS Gateway Prime','SMS','https://sms-prime.sandbox.local/send','API_KEY','prime-sms-key-2026',NULL,'cHJpbWUtc21zLXBhc3M=',20,'ACTIVE','2026-05-02 08:05:00.000000','2026-05-02 08:05:00.000000'),(3,'INT-00003','Push Relay One','PUSH','https://push-relay-one.sandbox.local/send','BEARER','push-relay-token',NULL,'cHVzaC1zZWNyZXQtMQ==',15,'ACTIVE','2026-05-02 08:10:00.000000','2026-05-02 08:10:00.000000'),(4,'INT-00004','Payment Switch Core','PAYMENT','https://payment-core.sandbox.local/api','USERNAME_PASSWORD',NULL,'paycore','cGF5Y29yZS1wYXNz',40,'ACTIVE','2026-05-02 08:15:00.000000','2026-05-02 08:15:00.000000'),(5,'INT-00005','Mobile Banking Link A','MOBILE_BANKING','https://mb-link-a.sandbox.local/api','BASIC',NULL,'mbanka','bWJhbmstcGFzcy1h',35,'ACTIVE','2026-05-02 08:20:00.000000','2026-05-02 08:20:00.000000'),(6,'INT-00006','SMTP Sandbox Beta','EMAIL','https://smtp-beta-timeout.sandbox.local/api','API_KEY','beta-mail-key-2026',NULL,'YmV0YS1tYWlsLXBhc3M=',10,'ACTIVE','2026-05-02 08:25:00.000000','2026-05-02 08:25:00.000000'),(7,'INT-00007','SMS Gateway Backup','SMS','https://sms-backup.sandbox.local/send','API_KEY','backup-sms-key-2026',NULL,'YmFja3VwLXNtcy1wYXNz',22,'ACTIVE','2026-05-02 08:30:00.000000','2026-05-02 08:30:00.000000'),(8,'INT-00008','Notification Router','GENERAL','https://notify-router.sandbox.local/api','NONE',NULL,NULL,NULL,18,'ACTIVE','2026-05-02 08:35:00.000000','2026-05-02 08:35:00.000000'),(9,'INT-00009','Payment Switch Backup','PAYMENT','https://payment-backup-fail.sandbox.local/api','USERNAME_PASSWORD',NULL,'paybackup','cGF5YmFja3VwLXBhc3M=',45,'ACTIVE','2026-05-02 08:40:00.000000','2026-05-02 08:40:00.000000'),(10,'INT-00010','Mobile Banking Link B','MOBILE_BANKING','https://mb-link-b.sandbox.local/api','BASIC',NULL,'mbankb','bWJhbmstcGFzcy1i',30,'ACTIVE','2026-05-02 08:45:00.000000','2026-05-02 08:45:00.000000'),(11,'INT-00011','Shariah Report Gateway','GENERAL','https://report-gateway.sandbox.local/api','BEARER','report-bearer-token',NULL,'cmVwb3J0LXNlY3JldA==',28,'ACTIVE','2026-05-02 08:50:00.000000','2026-05-02 08:50:00.000000'),(12,'INT-00012','Legacy Email Provider','EMAIL','https://legacy-email.sandbox.local/api','API_KEY','legacy-email-key',NULL,'bGVnYWN5LWVtYWlsLXBhc3M=',25,'ARCHIVED','2026-05-01 08:55:00.000000','2026-05-02 08:55:00.000000'),(13,'INT-00013','AML Screening Connector','GENERAL','https://aml-screen.sandbox.local/api','BEARER','aml-screen-token',NULL,'YW1sLXNlY3JldA==',50,'ACTIVE','2026-05-02 09:00:00.000000','2026-05-02 09:00:00.000000'),(14,'INT-00014','Card Push Mirror','PUSH','https://card-push-mirror.sandbox.local/api','BEARER','card-push-token',NULL,'Y2FyZC1wdXNoLXNlY3JldA==',16,'ACTIVE','2026-05-02 09:05:00.000000','2026-05-02 09:05:00.000000'),(15,'INT-00015','Inactive Test Node','GENERAL','https://inactive-test-node.sandbox.local/api','NONE',NULL,NULL,NULL,12,'ARCHIVED','2026-05-01 09:10:00.000000','2026-05-02 09:10:00.000000');
/*!40000 ALTER TABLE `integration_provider` ENABLE KEYS */;
UNLOCK TABLES;

--
-- Table structure for table `investigation_case`
--

DROP TABLE IF EXISTS `investigation_case`;
/*!40101 SET @saved_cs_client     = @@character_set_client */;
/*!50503 SET character_set_client = utf8mb4 */;
CREATE TABLE `investigation_case` (
  `id` bigint NOT NULL AUTO_INCREMENT,
  `case_no` varchar(40) NOT NULL,
  `case_type` varchar(30) NOT NULL,
  `reference_module` varchar(80) NOT NULL,
  `reference_id` bigint NOT NULL,
  `opened_by` varchar(120) NOT NULL,
  `opened_at` datetime NOT NULL,
  `assigned_to` bigint DEFAULT NULL,
  `case_status` varchar(30) NOT NULL,
  `remarks` varchar(1000) DEFAULT NULL,
  `status` varchar(20) NOT NULL,
  `created_at` datetime NOT NULL,
  `evidence_file_name` varchar(255) DEFAULT NULL,
  PRIMARY KEY (`id`),
  UNIQUE KEY `uk_investigation_case_no` (`case_no`)
) ENGINE=InnoDB AUTO_INCREMENT=16 DEFAULT CHARSET=utf8mb4 COLLATE=utf8mb4_0900_ai_ci;
/*!40101 SET character_set_client = @saved_cs_client */;

--
-- Dumping data for table `investigation_case`
--

LOCK TABLES `investigation_case` WRITE;
/*!40000 ALTER TABLE `investigation_case` DISABLE KEYS */;
INSERT INTO `investigation_case` VALUES (1,'INV-S21-001','FAILED_LOGIN','AUTH',1001,'SECURITY_SEED','2026-05-04 08:30:00',1,'ASSIGNED','Investigate repeated failed login for branch staff','ACTIVE','2026-05-04 08:30:00',NULL),(2,'INV-S21-002','FAILED_LOGIN','AUTH',1002,'SECURITY_SEED','2026-05-04 08:35:00',1,'UNDER_REVIEW','User lock needs credential compromise review','ACTIVE','2026-05-04 08:35:00',NULL),(3,'INV-S21-003','SUSPICIOUS_TRANSACTION','TRANSACTION',2001,'SECURITY_SEED','2026-05-04 09:20:00',1,'ASSIGNED','Assigning seeded case to compliance reviewer','ACTIVE','2026-05-04 09:20:00',NULL),(4,'INV-S21-004','AML_FLAG','TRANSACTION',2002,'SECURITY_SEED','2026-05-04 09:25:00',1,'ASSIGNED','AML watchlist event assigned to compliance reviewer','ACTIVE','2026-05-04 09:25:00',NULL),(5,'INV-S21-005','SANCTION_HIT','CUSTOMER',3001,'SECURITY_SEED','2026-05-04 09:35:00',1,'UNDER_REVIEW','Sanction hit under manual escalation','ACTIVE','2026-05-04 09:35:00',NULL),(6,'INV-S21-006','SUSPICIOUS_TRANSACTION','TRANSACTION',2003,'SECURITY_SEED','2026-05-04 09:55:00',NULL,'OPEN','Multiple reversals need branch explanation','ACTIVE','2026-05-04 09:55:00',NULL),(7,'INV-S21-007','AUDIT_ANOMALY','USER',4001,'SECURITY_SEED','2026-05-03 15:30:00',1,'CLOSED','Password reset validated and closed','ACTIVE','2026-05-03 15:30:00',NULL),(8,'INV-S21-008','AUDIT_ANOMALY','ROLE',5001,'SECURITY_SEED','2026-05-03 16:20:00',1,'ASSIGNED','Permission change requires role approval review','ACTIVE','2026-05-03 16:20:00',NULL),(9,'INV-S21-009','FAILED_LOGIN','AUTH',1003,'SECURITY_SEED','2026-05-03 16:25:00',NULL,'OPEN','Device mismatch linked with failed login','ACTIVE','2026-05-03 16:25:00',NULL),(10,'INV-S21-010','FAILED_LOGIN','AUTH',1004,'SECURITY_SEED','2026-05-02 10:15:00',1,'ASSIGNED','Mobile failed login pattern under review','ACTIVE','2026-05-02 10:15:00',NULL),(11,'INV-S21-011','SUSPICIOUS_TRANSACTION','TRANSACTION',2004,'SECURITY_SEED','2026-05-02 11:25:00',NULL,'OPEN','Unusual cash withdrawals need source validation','ACTIVE','2026-05-02 11:25:00',NULL),(12,'INV-S21-012','AML_FLAG','TRANSACTION',2005,'SECURITY_SEED','2026-05-01 12:20:00',1,'UNDER_REVIEW','Layering scenario escalated to compliance','ACTIVE','2026-05-01 12:20:00',NULL),(13,'INV-S21-013','SANCTION_HIT','CUSTOMER',3002,'SECURITY_SEED','2026-05-01 13:45:00',1,'CLOSED','False positive resolved after document review','ACTIVE','2026-05-01 13:45:00',NULL),(14,'INV-S21-014','OTHER','AUTH',1005,'SECURITY_SEED','2026-05-01 14:15:00',NULL,'OPEN','Concurrent session alert pending review','ACTIVE','2026-05-01 14:15:00',NULL),(15,'INV-S21-015','AUDIT_ANOMALY','SECURITY',9001,'SECURITY_SEED','2026-05-01 15:00:00',1,'ASSIGNED','Security configuration audit mismatch detected','ACTIVE','2026-05-01 15:00:00',NULL);
/*!40000 ALTER TABLE `investigation_case` ENABLE KEYS */;
UNLOCK TABLES;

--
-- Table structure for table `kyc_decision_history`
--

DROP TABLE IF EXISTS `kyc_decision_history`;
/*!40101 SET @saved_cs_client     = @@character_set_client */;
/*!50503 SET character_set_client = utf8mb4 */;
CREATE TABLE `kyc_decision_history` (
  `id` bigint NOT NULL AUTO_INCREMENT,
  `decision` enum('APPROVE','REJECT','RETURN','SUBMIT','VERIFY') NOT NULL,
  `decision_at` datetime(6) NOT NULL,
  `decision_by` varchar(120) NOT NULL,
  `remarks` varchar(1000) DEFAULT NULL,
  `status` enum('ACTIVE','ARCHIVED','PENDING') NOT NULL,
  `kyc_profile_id` bigint NOT NULL,
  PRIMARY KEY (`id`),
  KEY `FKlq1o3hpnftgsrywb3rj2npq1h` (`kyc_profile_id`),
  CONSTRAINT `FKlq1o3hpnftgsrywb3rj2npq1h` FOREIGN KEY (`kyc_profile_id`) REFERENCES `kyc_profile` (`id`)
) ENGINE=InnoDB AUTO_INCREMENT=25 DEFAULT CHARSET=utf8mb4 COLLATE=utf8mb4_0900_ai_ci;
/*!40101 SET character_set_client = @saved_cs_client */;

--
-- Dumping data for table `kyc_decision_history`
--

LOCK TABLES `kyc_decision_history` WRITE;
/*!40000 ALTER TABLE `kyc_decision_history` DISABLE KEYS */;
INSERT INTO `kyc_decision_history` VALUES (1,'APPROVE','2026-05-01 13:16:50.000000','SYSTEM_REVIEWER','Legacy corporate KYC approved','ACTIVE',16),(2,'VERIFY','2026-05-01 13:16:50.000000','SYSTEM_REVIEWER','Verified and waiting for approval','ACTIVE',17),(3,'SUBMIT','2026-05-01 13:16:50.000000','SYSTEM_REVIEWER','Submitted for reviewer assignment','ACTIVE',18),(4,'VERIFY','2026-05-01 13:16:50.000000','SYSTEM_REVIEWER','Review currently in progress','ACTIVE',19),(5,'REJECT','2026-05-01 13:16:50.000000','SYSTEM_REVIEWER','Compliance concern unresolved','ACTIVE',20),(6,'RETURN','2026-05-01 13:16:50.000000','SYSTEM_REVIEWER','Corrected address proof required','ACTIVE',21),(7,'APPROVE','2026-05-01 13:16:50.000000','SYSTEM_REVIEWER','Approved after successful review','ACTIVE',22),(8,'VERIFY','2026-05-01 13:16:50.000000','SYSTEM_REVIEWER','High-risk but verified for next step','ACTIVE',23),(9,'SUBMIT','2026-05-01 13:16:50.000000','SYSTEM_REVIEWER','Pending reviewer assignment','ACTIVE',24),(10,'SUBMIT','2026-05-01 13:16:50.000000','SYSTEM_REVIEWER','Draft saved with initial document linkage','ACTIVE',25),(11,'VERIFY','2026-05-01 13:16:50.000000','SYSTEM_REVIEWER','Enhanced due diligence underway','ACTIVE',26),(12,'APPROVE','2026-05-01 13:16:50.000000','SYSTEM_REVIEWER','Approved after final review','ACTIVE',27),(13,'REJECT','2026-05-01 13:16:50.000000','SYSTEM_REVIEWER','Supporting evidence insufficient','ACTIVE',28),(14,'RETURN','2026-05-01 13:16:50.000000','SYSTEM_REVIEWER','Updated source document requested','ACTIVE',29),(15,'SUBMIT','2026-05-01 13:16:50.000000','SYSTEM_REVIEWER','Submitted and awaiting KYC review','ACTIVE',30),(16,'SUBMIT','2026-05-16 01:36:31.098062','branch.staff.013629','Smoke test KYC profile','ACTIVE',32),(17,'VERIFY','2026-05-16 01:36:31.182060','ops.officer01','Smoke test KYC profile','ACTIVE',32),(18,'APPROVE','2026-05-16 01:36:31.267064','ops.officer01','Smoke test KYC profile','ACTIVE',32),(19,'SUBMIT','2026-05-16 08:07:12.586823','branch.staff.080710','Smoke test KYC profile','ACTIVE',33),(20,'VERIFY','2026-05-16 08:07:12.727823','ops.officer01','Smoke test KYC profile','ACTIVE',33),(21,'APPROVE','2026-05-16 08:07:12.925820','ops.officer01','Smoke test KYC profile','ACTIVE',33),(22,'SUBMIT','2026-05-16 08:09:53.101421','branch.staff.080951','Smoke test KYC profile','ACTIVE',34),(23,'VERIFY','2026-05-16 08:09:53.184417','ops.officer01','Smoke test KYC profile','ACTIVE',34),(24,'APPROVE','2026-05-16 08:09:53.284415','ops.officer01','Smoke test KYC profile','ACTIVE',34);
/*!40000 ALTER TABLE `kyc_decision_history` ENABLE KEYS */;
UNLOCK TABLES;

--
-- Table structure for table `kyc_profile`
--

DROP TABLE IF EXISTS `kyc_profile`;
/*!40101 SET @saved_cs_client     = @@character_set_client */;
/*!50503 SET character_set_client = utf8mb4 */;
CREATE TABLE `kyc_profile` (
  `id` bigint NOT NULL AUTO_INCREMENT,
  `aml_flag` bit(1) NOT NULL,
  `created_at` datetime(6) NOT NULL,
  `pep_flag` bit(1) NOT NULL,
  `remarks` varchar(1000) DEFAULT NULL,
  `review_status` enum('APPROVED','DRAFT','REJECTED','SENT_BACK','SUBMITTED','UNDER_REVIEW','VERIFIED') NOT NULL,
  `reviewed_at` datetime(6) DEFAULT NULL,
  `reviewed_by` varchar(120) DEFAULT NULL,
  `risk_level` enum('HIGH','LOW','MEDIUM') DEFAULT NULL,
  `sanction_flag` bit(1) NOT NULL,
  `source_of_funds_note` varchar(500) DEFAULT NULL,
  `status` enum('ACTIVE','ARCHIVED','PENDING') NOT NULL,
  `updated_at` datetime(6) NOT NULL,
  `customer_id` bigint NOT NULL,
  PRIMARY KEY (`id`),
  UNIQUE KEY `uk_kyc_profile_customer` (`customer_id`),
  CONSTRAINT `FKtnwlw252nrnqo7iwq75sf2b4p` FOREIGN KEY (`customer_id`) REFERENCES `customer` (`id`)
) ENGINE=InnoDB AUTO_INCREMENT=35 DEFAULT CHARSET=utf8mb4 COLLATE=utf8mb4_0900_ai_ci;
/*!40101 SET character_set_client = @saved_cs_client */;

--
-- Dumping data for table `kyc_profile`
--

LOCK TABLES `kyc_profile` WRITE;
/*!40000 ALTER TABLE `kyc_profile` DISABLE KEYS */;
INSERT INTO `kyc_profile` VALUES (16,_binary '\0','2026-05-01 13:16:50.000000',_binary '\0','Legacy corporate KYC approved','APPROVED','2026-05-01 13:16:50.000000','SYSTEM_REVIEWER','HIGH',_binary '\0','Legacy corporate fund declaration reviewed from onboarding documents','ACTIVE','2026-05-01 13:16:50.000000',1),(17,_binary '\0','2026-05-01 13:16:50.000000',_binary '\0','Verified and waiting for final approval','VERIFIED','2026-05-01 13:16:50.000000','SYSTEM_REVIEWER','MEDIUM',_binary '\0','Corporate operating income reviewed from source declarations','ACTIVE','2026-05-01 13:16:50.000000',2),(18,_binary '\0','2026-05-01 13:16:50.000000',_binary '\0','Submitted for KYC review','SUBMITTED',NULL,NULL,'LOW',_binary '\0','Trading business income declared by customer','ACTIVE','2026-05-01 13:16:50.000000',3),(19,_binary '\0','2026-05-01 13:16:50.000000',_binary '\0','Reviewer is checking source documents','UNDER_REVIEW','2026-05-01 13:16:50.000000','SYSTEM_REVIEWER','MEDIUM',_binary '\0','Freelancing and personal income notes captured','ACTIVE','2026-05-01 13:16:50.000000',4),(20,_binary '','2026-05-01 13:16:50.000000',_binary '','Rejected due to unresolved compliance concern','REJECTED','2026-05-01 13:16:50.000000','SYSTEM_REVIEWER','HIGH',_binary '\0','Wholesale business cash flow raised additional concern','ACTIVE','2026-05-01 13:16:50.000000',5),(21,_binary '\0','2026-05-01 13:16:50.000000',_binary '\0','Need corrected address proof before resubmission','SENT_BACK','2026-05-01 13:16:50.000000','SYSTEM_REVIEWER','MEDIUM',_binary '\0','Salary and household income note captured','ACTIVE','2026-05-01 13:16:50.000000',6),(22,_binary '\0','2026-05-01 13:16:50.000000',_binary '\0','Approved after document verification','APPROVED','2026-05-01 13:16:50.000000','SYSTEM_REVIEWER','LOW',_binary '\0','Teacher salary verified from declaration and records','ACTIVE','2026-05-01 13:16:50.000000',7),(23,_binary '','2026-05-01 13:16:50.000000',_binary '\0','Verified and escalated for approval attention','VERIFIED','2026-05-01 13:16:50.000000','SYSTEM_REVIEWER','HIGH',_binary '\0','Business turnover requires additional monitoring but basic KYC verified','ACTIVE','2026-05-01 13:16:50.000000',8),(24,_binary '\0','2026-05-01 13:16:50.000000',_binary '\0','Pending reviewer assignment','SUBMITTED',NULL,NULL,'MEDIUM',_binary '\0','Bank salary source declared and uploaded for validation','ACTIVE','2026-05-01 13:16:50.000000',9),(25,_binary '\0','2026-05-01 13:16:50.000000',_binary '\0','Draft profile waiting for submission','DRAFT',NULL,NULL,'LOW',_binary '\0','Driving income note captured but submission not done yet','ACTIVE','2026-05-01 13:16:50.000000',10),(26,_binary '','2026-05-01 13:16:50.000000',_binary '\0','Enhanced due diligence in progress','UNDER_REVIEW','2026-05-01 13:16:50.000000','SYSTEM_REVIEWER','HIGH',_binary '\0','Online work income and enhanced due diligence note captured','ACTIVE','2026-05-01 13:16:50.000000',11),(27,_binary '\0','2026-05-01 13:16:50.000000',_binary '\0','Approved after successful KYC review','APPROVED','2026-05-01 13:16:50.000000','SYSTEM_REVIEWER','MEDIUM',_binary '\0','Government salary note validated and approved','ACTIVE','2026-05-01 13:16:50.000000',12),(28,_binary '\0','2026-05-01 13:16:50.000000',_binary '\0','Rejected because supporting document is insufficient','REJECTED','2026-05-01 13:16:50.000000','SYSTEM_REVIEWER','LOW',_binary '\0','Student tuition income note could not be fully supported','ACTIVE','2026-05-01 13:16:50.000000',13),(29,_binary '','2026-05-01 13:16:50.000000',_binary '\0','Return with request for updated source document','SENT_BACK','2026-05-01 13:16:50.000000','SYSTEM_REVIEWER','HIGH',_binary '\0','Shop owner cash source requires corrected evidence','ACTIVE','2026-05-01 13:16:50.000000',14),(30,_binary '\0','2026-05-01 13:16:50.000000',_binary '\0','Submitted and awaiting review','SUBMITTED',NULL,NULL,'LOW',_binary '\0','Tailoring income submitted with initial customer declaration','ACTIVE','2026-05-01 13:16:50.000000',15),(31,_binary '\0','2026-05-16 01:32:45.804638',_binary '\0','Smoke test KYC profile','DRAFT',NULL,NULL,'LOW',_binary '\0','Smoke test customer declared business income','ACTIVE','2026-05-16 01:32:45.804638',19),(32,_binary '\0','2026-05-16 01:36:30.840064',_binary '\0','Smoke test KYC profile','APPROVED','2026-05-16 01:36:31.266061','ops.officer01','LOW',_binary '\0','Smoke test customer declared business income','ACTIVE','2026-05-16 01:36:31.283067',20),(33,_binary '\0','2026-05-16 08:07:12.292826',_binary '\0','Smoke test KYC profile','APPROVED','2026-05-16 08:07:12.925820','ops.officer01','LOW',_binary '\0','Smoke test customer declared business income','ACTIVE','2026-05-16 08:07:12.953823',21),(34,_binary '\0','2026-05-16 08:09:52.832416',_binary '\0','Smoke test KYC profile','APPROVED','2026-05-16 08:09:53.284415','ops.officer01','LOW',_binary '\0','Smoke test customer declared business income','ACTIVE','2026-05-16 08:09:53.302416',22);
/*!40000 ALTER TABLE `kyc_profile` ENABLE KEYS */;
UNLOCK TABLES;

--
-- Table structure for table `lookup_type`
--

DROP TABLE IF EXISTS `lookup_type`;
/*!40101 SET @saved_cs_client     = @@character_set_client */;
/*!50503 SET character_set_client = utf8mb4 */;
CREATE TABLE `lookup_type` (
  `id` bigint NOT NULL AUTO_INCREMENT,
  `created_at` datetime(6) NOT NULL,
  `description` varchar(1000) DEFAULT NULL,
  `status` enum('ACTIVE','ARCHIVED','PENDING') NOT NULL,
  `type_code` varchar(80) NOT NULL,
  `type_name` varchar(160) NOT NULL,
  `updated_at` datetime(6) NOT NULL,
  PRIMARY KEY (`id`),
  UNIQUE KEY `uk_lookup_type_code` (`type_code`)
) ENGINE=InnoDB AUTO_INCREMENT=16 DEFAULT CHARSET=utf8mb4 COLLATE=utf8mb4_0900_ai_ci;
/*!40101 SET character_set_client = @saved_cs_client */;

--
-- Dumping data for table `lookup_type`
--

LOCK TABLES `lookup_type` WRITE;
/*!40000 ALTER TABLE `lookup_type` DISABLE KEYS */;
INSERT INTO `lookup_type` VALUES (1,'2026-05-04 08:00:00.000000','Branch type classification for branch setup | LOOKUP_SEED','ACTIVE','BRANCH_TYPE','Branch Type','2026-05-04 08:00:00.000000'),(2,'2026-05-04 08:01:00.000000','Customer segment used in onboarding and marketing | LOOKUP_SEED','ACTIVE','CUSTOMER_SEGMENT','Customer Segment','2026-05-04 08:01:00.000000'),(3,'2026-05-04 08:02:00.000000','Risk grading for customer due diligence | LOOKUP_SEED','ACTIVE','KYC_RISK_RATING','KYC Risk Rating','2026-05-04 08:02:00.000000'),(4,'2026-05-04 08:03:00.000000','Reason code for account block or archive actions | LOOKUP_SEED','ACTIVE','ACCOUNT_STATUS_REASON','Account Status Reason','2026-05-04 08:03:00.000000'),(5,'2026-05-04 08:04:00.000000','Permitted purposes for Islamic financing applications | LOOKUP_SEED','ACTIVE','FINANCING_PURPOSE','Financing Purpose','2026-05-04 08:04:00.000000'),(6,'2026-05-04 08:05:00.000000','Delivery channel list for alerts and notices | LOOKUP_SEED','ACTIVE','NOTIFICATION_CHANNEL','Notification Channel','2026-05-04 08:05:00.000000'),(7,'2026-05-04 08:06:00.000000','Grouping for MIS and regulatory reports | LOOKUP_SEED','ACTIVE','REPORT_CATEGORY','Report Category','2026-05-04 08:06:00.000000'),(8,'2026-05-04 08:07:00.000000','Decision outcomes used in Shariah review module | LOOKUP_SEED','ACTIVE','SHARIAH_DECISION','Shariah Decision','2026-05-04 08:07:00.000000'),(9,'2026-05-04 08:08:00.000000','Zakat allocation categories and disbursement types | LOOKUP_SEED','ACTIVE','ZAKAT_CATEGORY','Zakat Category','2026-05-04 08:08:00.000000'),(10,'2026-05-04 08:09:00.000000','Card lifecycle and PIN event classification | LOOKUP_SEED','ACTIVE','CARD_EVENT_TYPE','Card Event Type','2026-05-04 08:09:00.000000'),(11,'2026-05-04 08:10:00.000000','ATM terminal and recycler device categorization | LOOKUP_SEED','ACTIVE','ATM_DEVICE_TYPE','ATM Device Type','2026-05-04 08:10:00.000000'),(12,'2026-05-04 08:11:00.000000','Security event alert mapping reference | LOOKUP_SEED','ACTIVE','SECURITY_ALERT_TYPE','Security Alert Type','2026-05-04 08:11:00.000000'),(13,'2026-05-04 08:12:00.000000','Generic workflow stage reference values | LOOKUP_SEED','ACTIVE','WORKFLOW_STAGE','Workflow Stage','2026-05-04 08:12:00.000000'),(14,'2026-05-04 08:13:00.000000','Statement export format reference values | LOOKUP_SEED','ACTIVE','STATEMENT_FORMAT','Statement Format','2026-05-04 08:13:00.000000'),(15,'2026-05-04 08:14:00.000000','Mode of deposit scheme collection or maturity settlement | LOOKUP_SEED','ACTIVE','DEPOSIT_SCHEME_MODE','Deposit Scheme Mode','2026-05-04 08:14:00.000000');
/*!40000 ALTER TABLE `lookup_type` ENABLE KEYS */;
UNLOCK TABLES;

--
-- Table structure for table `lookup_value`
--

DROP TABLE IF EXISTS `lookup_value`;
/*!40101 SET @saved_cs_client     = @@character_set_client */;
/*!50503 SET character_set_client = utf8mb4 */;
CREATE TABLE `lookup_value` (
  `id` bigint NOT NULL AUTO_INCREMENT,
  `created_at` datetime(6) NOT NULL,
  `extra_data` varchar(2000) DEFAULT NULL,
  `sort_order` int DEFAULT NULL,
  `status` enum('ACTIVE','ARCHIVED','PENDING') NOT NULL,
  `updated_at` datetime(6) NOT NULL,
  `value_bn_label` varchar(160) DEFAULT NULL,
  `value_code` varchar(80) NOT NULL,
  `value_label` varchar(160) NOT NULL,
  `lookup_type_id` bigint NOT NULL,
  PRIMARY KEY (`id`),
  UNIQUE KEY `uk_lookup_type_value_code` (`lookup_type_id`,`value_code`),
  CONSTRAINT `FK5psu2dt3n105a5m17dth1an2g` FOREIGN KEY (`lookup_type_id`) REFERENCES `lookup_type` (`id`)
) ENGINE=InnoDB AUTO_INCREMENT=33 DEFAULT CHARSET=utf8mb4 COLLATE=utf8mb4_0900_ai_ci;
/*!40101 SET character_set_client = @saved_cs_client */;

--
-- Dumping data for table `lookup_value`
--

LOCK TABLES `lookup_value` WRITE;
/*!40000 ALTER TABLE `lookup_value` DISABLE KEYS */;
INSERT INTO `lookup_value` VALUES (1,'2026-05-04 09:00:00.000000','{\"seed\":\"LOOKUP_SEED\"}',1,'ACTIVE','2026-05-04 09:00:00.000000','????????? ????????????','URBAN','Urban Branch',1),(2,'2026-05-04 09:01:00.000000','{\"seed\":\"LOOKUP_SEED\"}',2,'ACTIVE','2026-05-04 09:01:00.000000','??????????????? ????????????','RURAL','Rural Branch',1),(3,'2026-05-04 09:02:00.000000','{\"seed\":\"LOOKUP_SEED\"}',1,'ACTIVE','2026-05-04 09:02:00.000000','?????????????????? ??????????????????','RETAIL','Retail Customer',2),(4,'2026-05-04 09:03:00.000000','{\"seed\":\"LOOKUP_SEED\"}',2,'ACTIVE','2026-05-04 09:03:00.000000','??????????????? ??????????????????','SME','SME Customer',2),(5,'2026-05-04 09:04:00.000000','{\"seed\":\"LOOKUP_SEED\"}',1,'ACTIVE','2026-05-04 09:04:00.000000','??????????????? ???????????????','LOW','Low Risk',3),(6,'2026-05-04 09:05:00.000000','{\"seed\":\"LOOKUP_SEED\"}',2,'ACTIVE','2026-05-04 09:05:00.000000','?????????????????? ???????????????','MEDIUM','Medium Risk',3),(7,'2026-05-04 09:06:00.000000','{\"seed\":\"LOOKUP_SEED\"}',3,'ACTIVE','2026-05-04 09:06:00.000000','???????????? ???????????????','HIGH','High Risk',3),(8,'2026-05-04 09:07:00.000000','{\"seed\":\"LOOKUP_SEED\"}',1,'ACTIVE','2026-05-04 09:07:00.000000','??????????????????????????? ????????????????????? ?????????????????????','DORMANT','Dormant Period Exceeded',4),(9,'2026-05-04 09:08:00.000000','{\"seed\":\"LOOKUP_SEED\"}',2,'ACTIVE','2026-05-04 09:08:00.000000','??????????????? ???????????????','AML_HOLD','AML Hold Applied',4),(10,'2026-05-04 09:09:00.000000','{\"seed\":\"LOOKUP_SEED\"}',1,'ACTIVE','2026-05-04 09:09:00.000000','???????????????????????? ???????????????','WORKING_CAPITAL','Working Capital',5),(11,'2026-05-04 09:10:00.000000','{\"seed\":\"LOOKUP_SEED\"}',2,'ACTIVE','2026-05-04 09:10:00.000000','??????????????? ????????????','ASSET_PURCHASE','Asset Purchase',5),(12,'2026-05-04 09:11:00.000000','{\"seed\":\"LOOKUP_SEED\"}',1,'ACTIVE','2026-05-04 09:11:00.000000','???????????????','EMAIL','Email',6),(13,'2026-05-04 09:12:00.000000','{\"seed\":\"LOOKUP_SEED\"}',2,'ACTIVE','2026-05-04 09:12:00.000000','??????????????????','SMS','SMS',6),(14,'2026-05-04 09:13:00.000000','{\"seed\":\"LOOKUP_SEED\"}',3,'ACTIVE','2026-05-04 09:13:00.000000','????????? ??????????????????????????????','PUSH','Push Notification',6),(15,'2026-05-04 09:14:00.000000','{\"seed\":\"LOOKUP_SEED\"}',1,'ACTIVE','2026-05-04 09:14:00.000000','????????????????????????','OPERATIONS','Operations',7),(16,'2026-05-04 09:15:00.000000','{\"seed\":\"LOOKUP_SEED\"}',2,'ACTIVE','2026-05-04 09:15:00.000000','???????????????????????????','REGULATORY','Regulatory',7),(17,'2026-05-04 09:16:00.000000','{\"seed\":\"LOOKUP_SEED\"}',1,'ACTIVE','2026-05-04 09:16:00.000000','????????????????????????','APPROVED','Approved',8),(18,'2026-05-04 09:17:00.000000','{\"seed\":\"LOOKUP_SEED\"}',2,'ACTIVE','2026-05-04 09:17:00.000000','???????????????????????? ???????????? ????????????','RETURNED','Returned for Correction',8),(19,'2026-05-04 09:18:00.000000','{\"seed\":\"LOOKUP_SEED\"}',1,'ACTIVE','2026-05-04 09:18:00.000000','???????????? ??? ???????????????','POOR','Poor & Needy',9),(20,'2026-05-04 09:19:00.000000','{\"seed\":\"LOOKUP_SEED\"}',2,'ACTIVE','2026-05-04 09:19:00.000000','????????????????????? ??????????????????','MEDICAL','Medical Support',9),(21,'2026-05-04 09:20:00.000000','{\"seed\":\"LOOKUP_SEED\"}',1,'ACTIVE','2026-05-04 09:20:00.000000','????????? ???????????????','PIN_RESET','PIN Reset',10),(22,'2026-05-04 09:21:00.000000','{\"seed\":\"LOOKUP_SEED\"}',2,'ACTIVE','2026-05-04 09:21:00.000000','??????????????? ????????????','BLOCK','Card Block',10),(23,'2026-05-04 09:22:00.000000','{\"seed\":\"LOOKUP_SEED\"}',1,'ACTIVE','2026-05-04 09:22:00.000000','??????????????? ???????????????????????????','ATM','ATM Terminal',11),(24,'2026-05-04 09:23:00.000000','{\"seed\":\"LOOKUP_SEED\"}',2,'ACTIVE','2026-05-04 09:23:00.000000','?????????????????? ???????????????????????????','CDM','CDM Terminal',11),(25,'2026-05-04 09:24:00.000000','{\"seed\":\"LOOKUP_SEED\"}',1,'ACTIVE','2026-05-04 09:24:00.000000','?????????????????? ???????????? ?????????????????????','FAILED_LOGIN','Failed Login Alert',12),(26,'2026-05-04 09:25:00.000000','{\"seed\":\"LOOKUP_SEED\"}',2,'ACTIVE','2026-05-04 09:25:00.000000','??????????????? ????????????????????? ?????????????????????','AML_FLAG','AML Flag Alert',12),(27,'2026-05-04 09:26:00.000000','{\"seed\":\"LOOKUP_SEED\"}',1,'ACTIVE','2026-05-04 09:26:00.000000','????????????????????????','SUBMITTED','Submitted',13),(28,'2026-05-04 09:27:00.000000','{\"seed\":\"LOOKUP_SEED\"}',2,'ACTIVE','2026-05-04 09:27:00.000000','?????????????????????????????????','UNDER_REVIEW','Under Review',13),(29,'2026-05-04 09:28:00.000000','{\"seed\":\"LOOKUP_SEED\"}',1,'ACTIVE','2026-05-04 09:28:00.000000','??????????????????','PDF','PDF',14),(30,'2026-05-04 09:29:00.000000','{\"seed\":\"LOOKUP_SEED\"}',2,'ACTIVE','2026-05-04 09:29:00.000000','??????????????????','XLSX','Excel',14),(31,'2026-05-04 09:30:00.000000','{\"seed\":\"LOOKUP_SEED\"}',1,'ACTIVE','2026-05-04 09:30:00.000000','??????????????? ??????????????????','MONTHLY','Monthly Collection',15),(32,'2026-05-04 09:31:00.000000','{\"seed\":\"LOOKUP_SEED\"}',2,'ACTIVE','2026-05-04 09:31:00.000000','??????????????? ???????????? ??????????????????????????????','MATURITY_TRANSFER','Transfer on Maturity',15);
/*!40000 ALTER TABLE `lookup_value` ENABLE KEYS */;
UNLOCK TABLES;

--
-- Table structure for table `management_expense_entry`
--

DROP TABLE IF EXISTS `management_expense_entry`;
/*!40101 SET @saved_cs_client     = @@character_set_client */;
/*!50503 SET character_set_client = utf8mb4 */;
CREATE TABLE `management_expense_entry` (
  `id` bigint NOT NULL AUTO_INCREMENT,
  `amount` decimal(18,2) NOT NULL,
  `branch_id` bigint DEFAULT NULL,
  `created_at` datetime(6) DEFAULT NULL,
  `created_by` varchar(80) DEFAULT NULL,
  `expense_category` varchar(80) NOT NULL,
  `expense_code` varchar(50) DEFAULT NULL,
  `expense_date` date NOT NULL,
  `reference_no` varchar(100) DEFAULT NULL,
  `remarks` varchar(500) DEFAULT NULL,
  `source_type` varchar(30) NOT NULL,
  PRIMARY KEY (`id`)
) ENGINE=InnoDB AUTO_INCREMENT=25 DEFAULT CHARSET=utf8mb4 COLLATE=utf8mb4_0900_ai_ci;
/*!40101 SET character_set_client = @saved_cs_client */;

--
-- Dumping data for table `management_expense_entry`
--

LOCK TABLES `management_expense_entry` WRITE;
/*!40000 ALTER TABLE `management_expense_entry` DISABLE KEYS */;
INSERT INTO `management_expense_entry` VALUES (14,980.00,2,'2026-05-18 09:12:54.821994','admin01','COMPLIANCE_AUDIT','AUD-0526-02','2026-05-05','BR002-CMP-0526','Regulatory reporting review, documentation printing and branch audit support allocation.','MANUAL'),(15,640.00,3,'2026-05-18 09:12:54.836217','admin01','OFFICE_ADMIN','ADM-0526-03','2026-05-07','BR003-ADM-0526','Customer file handling, stationery and report dispatch support.','MANUAL'),(16,1350.00,4,'2026-05-18 09:12:54.847777','admin01','IT_SYSTEMS','IT-0526-04','2026-05-09','BR004-ITS-0526','Core banking dashboard support, connectivity monitoring and device maintenance allocation.','MANUAL'),(17,2200.00,6,'2026-05-18 09:12:54.863498','admin01','RENT_UTILITY','UTL-0526-06','2026-05-10','BR006-UTL-0526','Generator fuel, internet and electricity allocation for operating window.','MANUAL'),(18,3600.00,NULL,'2026-05-18 09:12:54.875942','admin01','SALARY_ALLOWANCE','SAL-0526-HO','2026-05-12','HO-SAL-0526','Temporary operations and reporting support allowance for management reporting cycle.','MANUAL'),(19,875.00,8,'2026-05-18 09:12:54.888286','admin01','OTHER_OPERATING','OPS-0526-08','2026-05-14','BR008-OPS-0526','Courier, customer communication and branch-level follow-up expense.','MANUAL');
/*!40000 ALTER TABLE `management_expense_entry` ENABLE KEYS */;
UNLOCK TABLES;

--
-- Table structure for table `monthly_closing_run`
--

DROP TABLE IF EXISTS `monthly_closing_run`;
/*!40101 SET @saved_cs_client     = @@character_set_client */;
/*!50503 SET character_set_client = utf8mb4 */;
CREATE TABLE `monthly_closing_run` (
  `id` bigint NOT NULL AUTO_INCREMENT,
  `approved_at` datetime(6) DEFAULT NULL,
  `approved_by` varchar(120) DEFAULT NULL,
  `branch_code` varchar(40) NOT NULL,
  `branch_id` bigint NOT NULL,
  `branch_name` varchar(160) NOT NULL,
  `closing_month` date NOT NULL,
  `closing_ref` varchar(40) NOT NULL,
  `created_at` datetime(6) NOT NULL,
  `created_by` varchar(120) NOT NULL,
  `period_from` date NOT NULL,
  `period_to` date NOT NULL,
  `profit_posted` decimal(18,2) NOT NULL,
  `profit_posted_confirmed` bit(1) NOT NULL,
  `rejected_at` datetime(6) DEFAULT NULL,
  `rejected_by` varchar(120) DEFAULT NULL,
  `remarks` varchar(1000) DEFAULT NULL,
  `reopened_at` datetime(6) DEFAULT NULL,
  `reopened_by` varchar(120) DEFAULT NULL,
  `reversals_reviewed` bit(1) NOT NULL,
  `reversed_count` bigint NOT NULL,
  `statements_generated` bit(1) NOT NULL,
  `status` enum('APPROVED','DRAFT','REJECTED','REOPENED','SUBMITTED') NOT NULL,
  `submitted_at` datetime(6) DEFAULT NULL,
  `submitted_by` varchar(120) DEFAULT NULL,
  `transaction_amount` decimal(18,2) NOT NULL,
  `updated_at` datetime(6) NOT NULL,
  `vault_closed_confirmed` bit(1) NOT NULL,
  `vault_closing_balance` decimal(18,2) NOT NULL,
  PRIMARY KEY (`id`),
  UNIQUE KEY `uk_monthly_closing_branch_month` (`branch_id`,`closing_month`),
  UNIQUE KEY `UKhyda0c9803x8627gp7n9q2cv2` (`closing_ref`)
) ENGINE=InnoDB AUTO_INCREMENT=6 DEFAULT CHARSET=utf8mb4 COLLATE=utf8mb4_0900_ai_ci;
/*!40101 SET character_set_client = @saved_cs_client */;

--
-- Dumping data for table `monthly_closing_run`
--

LOCK TABLES `monthly_closing_run` WRITE;
/*!40000 ALTER TABLE `monthly_closing_run` DISABLE KEYS */;
INSERT INTO `monthly_closing_run` VALUES (1,'2026-05-16 01:29:45.937766','Admin01','BR001',1,'Dhaka Main Branch','2026-04-01','MCL-BR001-202604','2026-05-16 01:19:03.916351','branch.manager01','2026-04-01','2026-04-30',544.56,_binary '',NULL,NULL,'Smoke approval',NULL,NULL,_binary '',0,_binary '','APPROVED','2026-05-16 01:29:45.784764','branch.manager01',0.00,'2026-05-16 01:29:45.955773',_binary '',520000.00),(2,'2026-05-16 01:31:32.374343','Admin01','BR001',1,'Dhaka Main Branch','2026-03-01','MCL-BR001-202603','2026-05-16 01:30:58.488705','branch.manager01','2026-03-01','2026-03-31',0.00,_binary '',NULL,NULL,'Smoke approval',NULL,NULL,_binary '',0,_binary '','APPROVED','2026-05-16 01:31:32.225338','branch.manager01',0.00,'2026-05-16 01:31:32.392348',_binary '',0.00),(3,'2026-05-16 01:36:58.103061','Admin01','BR001',1,'Dhaka Main Branch','2026-02-01','MCL-BR001-202602','2026-05-16 01:36:57.601061','branch.manager01','2026-02-01','2026-02-28',0.00,_binary '',NULL,NULL,'Smoke approval',NULL,NULL,_binary '',0,_binary '','APPROVED','2026-05-16 01:36:57.780063','branch.manager01',0.00,'2026-05-16 01:36:58.123062',_binary '',0.00),(4,'2026-05-16 08:07:45.919431','Admin01','BR001',1,'Dhaka Main Branch','2026-01-01','MCL-BR001-202601','2026-05-16 08:07:45.590431','branch.manager01','2026-01-01','2026-01-31',0.00,_binary '',NULL,NULL,'Smoke approval',NULL,NULL,_binary '',0,_binary '','APPROVED','2026-05-16 08:07:45.788437','branch.manager01',0.00,'2026-05-16 08:07:45.940440',_binary '',0.00),(5,'2026-05-16 08:10:23.821416','Admin01','BR001',1,'Dhaka Main Branch','2025-12-01','MCL-BR001-202512','2026-05-16 08:10:23.544417','branch.manager01','2025-12-01','2025-12-31',0.00,_binary '',NULL,NULL,'Smoke approval',NULL,NULL,_binary '',0,_binary '','APPROVED','2026-05-16 08:10:23.704415','branch.manager01',0.00,'2026-05-16 08:10:23.838423',_binary '',0.00);
/*!40000 ALTER TABLE `monthly_closing_run` ENABLE KEYS */;
UNLOCK TABLES;

--
-- Table structure for table `notification_event`
--

DROP TABLE IF EXISTS `notification_event`;
/*!40101 SET @saved_cs_client     = @@character_set_client */;
/*!50503 SET character_set_client = utf8mb4 */;
CREATE TABLE `notification_event` (
  `id` bigint NOT NULL AUTO_INCREMENT,
  `created_at` datetime(6) NOT NULL,
  `event_code` varchar(60) NOT NULL,
  `event_name` varchar(180) NOT NULL,
  `reference_module` varchar(80) DEFAULT NULL,
  `status` enum('ACTIVE','ARCHIVED','PENDING') NOT NULL,
  `updated_at` datetime(6) NOT NULL,
  PRIMARY KEY (`id`),
  UNIQUE KEY `uk_notification_event_code` (`event_code`)
) ENGINE=InnoDB AUTO_INCREMENT=16 DEFAULT CHARSET=utf8mb4 COLLATE=utf8mb4_0900_ai_ci;
/*!40101 SET character_set_client = @saved_cs_client */;

--
-- Dumping data for table `notification_event`
--

LOCK TABLES `notification_event` WRITE;
/*!40000 ALTER TABLE `notification_event` DISABLE KEYS */;
INSERT INTO `notification_event` VALUES (1,'2026-05-02 09:15:00.000000','EVT-00001','Customer Created','CUSTOMER','ACTIVE','2026-05-02 09:15:00.000000'),(2,'2026-05-02 09:16:00.000000','EVT-00002','Customer KYC Submitted','KYC','ACTIVE','2026-05-02 09:16:00.000000'),(3,'2026-05-02 09:17:00.000000','EVT-00003','Customer KYC Approved','KYC','ACTIVE','2026-05-02 09:17:00.000000'),(4,'2026-05-02 09:18:00.000000','EVT-00004','Account Opened','ACCOUNT','ACTIVE','2026-05-02 09:18:00.000000'),(5,'2026-05-02 09:19:00.000000','EVT-00005','Account Blocked','ACCOUNT','ACTIVE','2026-05-02 09:19:00.000000'),(6,'2026-05-02 09:20:00.000000','EVT-00006','ATM Replenishment Completed','ATM','ACTIVE','2026-05-02 09:20:00.000000'),(7,'2026-05-02 09:21:00.000000','EVT-00007','Profit Posting Completed','PROFIT','ACTIVE','2026-05-02 09:21:00.000000'),(8,'2026-05-02 09:22:00.000000','EVT-00008','Financing Approved','FINANCING','ACTIVE','2026-05-02 09:22:00.000000'),(9,'2026-05-02 09:23:00.000000','EVT-00009','Financing Disbursed','FINANCING','ACTIVE','2026-05-02 09:23:00.000000'),(10,'2026-05-02 09:24:00.000000','EVT-00010','Card Issued','CARD','ACTIVE','2026-05-02 09:24:00.000000'),(11,'2026-05-02 09:25:00.000000','EVT-00011','Statement Generated','STATEMENT','ACTIVE','2026-05-02 09:25:00.000000'),(12,'2026-05-02 09:26:00.000000','EVT-00012','Zakat Calculated','ZAKAT','ACTIVE','2026-05-02 09:26:00.000000'),(13,'2026-05-02 09:27:00.000000','EVT-00013','Delivery Retry Queued','NOTIFICATION','ACTIVE','2026-05-02 09:27:00.000000'),(14,'2026-05-02 09:28:00.000000','EVT-00014','Push Notification Sent','CARD','ACTIVE','2026-05-02 09:28:00.000000'),(15,'2026-05-01 09:29:00.000000','EVT-00015','Legacy Event Archived','GENERAL','ARCHIVED','2026-05-02 09:29:00.000000');
/*!40000 ALTER TABLE `notification_event` ENABLE KEYS */;
UNLOCK TABLES;

--
-- Table structure for table `notification_log`
--

DROP TABLE IF EXISTS `notification_log`;
/*!40101 SET @saved_cs_client     = @@character_set_client */;
/*!50503 SET character_set_client = utf8mb4 */;
CREATE TABLE `notification_log` (
  `id` bigint NOT NULL AUTO_INCREMENT,
  `channel_type` enum('EMAIL','PUSH','SMS') NOT NULL,
  `created_at` datetime(6) NOT NULL,
  `delivery_status` enum('FAILED','PENDING','RETRY_QUEUED','SENT') NOT NULL,
  `provider_response` longtext,
  `recipient_to` varchar(180) NOT NULL,
  `retry_count` int NOT NULL,
  `sent_at` datetime(6) DEFAULT NULL,
  `status` enum('ACTIVE','ARCHIVED','PENDING') NOT NULL,
  `updated_at` datetime(6) NOT NULL,
  `event_id` bigint NOT NULL,
  `template_id` bigint NOT NULL,
  PRIMARY KEY (`id`),
  KEY `FKdruswrjn01x287cxov7mk05id` (`event_id`),
  KEY `FK6bb6fh2mc8o0fk2ccrjxapjho` (`template_id`),
  CONSTRAINT `FK6bb6fh2mc8o0fk2ccrjxapjho` FOREIGN KEY (`template_id`) REFERENCES `notification_template` (`id`),
  CONSTRAINT `FKdruswrjn01x287cxov7mk05id` FOREIGN KEY (`event_id`) REFERENCES `notification_event` (`id`)
) ENGINE=InnoDB AUTO_INCREMENT=16 DEFAULT CHARSET=utf8mb4 COLLATE=utf8mb4_0900_ai_ci;
/*!40101 SET character_set_client = @saved_cs_client */;

--
-- Dumping data for table `notification_log`
--

LOCK TABLES `notification_log` WRITE;
/*!40000 ALTER TABLE `notification_log` DISABLE KEYS */;
INSERT INTO `notification_log` VALUES (1,'EMAIL','2026-05-02 10:00:00.000000','SENT','SMTP sandbox accepted customer welcome email.','rahim.customer@test.local',0,'2026-05-02 10:00:00.000000','ACTIVE','2026-05-02 10:00:00.000000',1,1),(2,'SMS','2026-05-02 10:05:00.000000','SENT','SMS gateway delivered onboarding alert.','01710000001',0,'2026-05-02 10:05:00.000000','ACTIVE','2026-05-02 10:05:00.000000',1,2),(3,'EMAIL','2026-05-02 10:10:00.000000','SENT','KYC submission alert delivered to operations inbox.','kyc.ops@test.local',0,'2026-05-02 10:10:00.000000','ACTIVE','2026-05-02 10:10:00.000000',2,3),(4,'SMS','2026-05-02 10:15:00.000000','FAILED','Provider timeout while sending KYC approval SMS.','01710000002',1,'2026-05-02 10:15:00.000000','ACTIVE','2026-05-02 10:15:00.000000',3,4),(5,'EMAIL','2026-05-02 10:20:00.000000','SENT','Account opening email delivered.','nadia.customer@test.local',0,'2026-05-02 10:20:00.000000','ACTIVE','2026-05-02 10:20:00.000000',4,5),(6,'SMS','2026-05-02 10:25:00.000000','FAILED','Subscriber unreachable during account block alert.','01710000003',2,'2026-05-02 10:25:00.000000','ACTIVE','2026-05-02 10:25:00.000000',5,6),(7,'EMAIL','2026-05-02 10:30:00.000000','SENT','ATM replenishment branch alert delivered.','atm.branch@test.local',0,'2026-05-02 10:30:00.000000','ACTIVE','2026-05-02 10:30:00.000000',6,7),(8,'EMAIL','2026-05-02 10:35:00.000000','SENT','Profit posting completion alert delivered.','profit.ops@test.local',0,'2026-05-02 10:35:00.000000','ACTIVE','2026-05-02 10:35:00.000000',7,8),(9,'EMAIL','2026-05-02 10:40:00.000000','RETRY_QUEUED','Mailbox temporary failure; operator retry queued.','fin.customer@test.local',2,'2026-05-02 10:40:00.000000','ACTIVE','2026-05-02 10:40:00.000000',8,9),(10,'SMS','2026-05-02 10:45:00.000000','SENT','Financing disbursement SMS delivered.','01710000004',0,'2026-05-02 10:45:00.000000','ACTIVE','2026-05-02 10:45:00.000000',9,10),(11,'PUSH','2026-05-02 10:50:00.000000','SENT','Push service acknowledged card issue push.','app-device-009',0,'2026-05-02 10:50:00.000000','ACTIVE','2026-05-02 10:50:00.000000',10,11),(12,'EMAIL','2026-05-02 10:55:00.000000','RETRY_QUEUED','Attachment too large for first attempt; retry queued.','statement.customer@test.local',1,'2026-05-02 10:55:00.000000','ACTIVE','2026-05-02 10:55:00.000000',11,12),(13,'SMS','2026-05-02 11:00:00.000000','SENT','Zakat due alert delivered.','01710000005',0,'2026-05-02 11:00:00.000000','ACTIVE','2026-05-02 11:00:00.000000',12,13),(14,'EMAIL','2026-05-02 11:05:00.000000','RETRY_QUEUED','Manual retry queued on 2026-05-02T13:11:06.512560800','support.ops@test.local',4,'2026-05-02 11:05:00.000000','ACTIVE','2026-05-02 13:11:06.512561',13,14),(15,'PUSH','2026-05-02 11:10:00.000000','RETRY_QUEUED','Manual retry queued on 2026-05-02T13:10:59.232802300','app-device-015',1,'2026-05-02 11:10:00.000000','ACTIVE','2026-05-02 13:10:59.239822',14,11);
/*!40000 ALTER TABLE `notification_log` ENABLE KEYS */;
UNLOCK TABLES;

--
-- Table structure for table `notification_template`
--

DROP TABLE IF EXISTS `notification_template`;
/*!40101 SET @saved_cs_client     = @@character_set_client */;
/*!50503 SET character_set_client = utf8mb4 */;
CREATE TABLE `notification_template` (
  `id` bigint NOT NULL AUTO_INCREMENT,
  `body_text` longtext NOT NULL,
  `channel_type` enum('EMAIL','PUSH','SMS') NOT NULL,
  `created_at` datetime(6) NOT NULL,
  `status` enum('ACTIVE','ARCHIVED','PENDING') NOT NULL,
  `subject_text` varchar(255) DEFAULT NULL,
  `template_code` varchar(40) NOT NULL,
  `template_name` varchar(160) NOT NULL,
  `updated_at` datetime(6) NOT NULL,
  PRIMARY KEY (`id`),
  UNIQUE KEY `uk_notification_template_code` (`template_code`)
) ENGINE=InnoDB AUTO_INCREMENT=16 DEFAULT CHARSET=utf8mb4 COLLATE=utf8mb4_0900_ai_ci;
/*!40101 SET character_set_client = @saved_cs_client */;

--
-- Dumping data for table `notification_template`
--

LOCK TABLES `notification_template` WRITE;
/*!40000 ALTER TABLE `notification_template` DISABLE KEYS */;
INSERT INTO `notification_template` VALUES (1,'Dear customer, welcome to SBMS Islamic banking services.','EMAIL','2026-05-02 08:00:00.000000','ACTIVE','Welcome to SBMS','NTF-00001','Customer Welcome Email','2026-05-02 08:00:00.000000'),(2,'Welcome to SBMS. Your onboarding is now active.','SMS','2026-05-02 08:05:00.000000','ACTIVE',NULL,'NTF-00002','Customer Welcome SMS','2026-05-02 08:05:00.000000'),(3,'KYC submission received and pending review.','EMAIL','2026-05-02 08:10:00.000000','ACTIVE','KYC Submitted','NTF-00003','KYC Submitted Alert','2026-05-02 08:10:00.000000'),(4,'Your KYC has been approved successfully.','SMS','2026-05-02 08:15:00.000000','ACTIVE',NULL,'NTF-00004','KYC Approval SMS','2026-05-02 08:15:00.000000'),(5,'Your Islamic account has been opened successfully.','EMAIL','2026-05-02 08:20:00.000000','ACTIVE','Account Opened','NTF-00005','Account Opened Email','2026-05-02 08:20:00.000000'),(6,'Your account has been blocked. Please contact branch.','SMS','2026-05-02 08:25:00.000000','ACTIVE',NULL,'NTF-00006','Account Block Alert','2026-05-02 08:25:00.000000'),(7,'ATM replenishment has been recorded for your branch terminal.','EMAIL','2026-05-02 08:30:00.000000','ACTIVE','ATM Replenishment','NTF-00007','ATM Replenishment Notice','2026-05-02 08:30:00.000000'),(8,'Scheduled profit posting completed for the selected cycle.','EMAIL','2026-05-02 08:35:00.000000','ACTIVE','Profit Posted','NTF-00008','Profit Posting Complete','2026-05-02 08:35:00.000000'),(9,'Your financing application has been approved.','EMAIL','2026-05-02 08:40:00.000000','ACTIVE','Financing Approved','NTF-00009','Financing Approval Email','2026-05-02 08:40:00.000000'),(10,'Financing disbursement completed. Check your linked account.','SMS','2026-05-02 08:45:00.000000','ACTIVE',NULL,'NTF-00010','Financing Disbursement SMS','2026-05-02 08:45:00.000000'),(11,'Your debit card is ready for activation.','PUSH','2026-05-02 08:50:00.000000','ACTIVE','Card Issued','NTF-00011','Card Issued Push','2026-05-02 08:50:00.000000'),(12,'Your requested statement is ready for download.','EMAIL','2026-05-02 08:55:00.000000','ACTIVE','Statement Ready','NTF-00012','Statement Ready Email','2026-05-02 08:55:00.000000'),(13,'Zakat due amount has been calculated for your profile.','SMS','2026-05-02 09:00:00.000000','ACTIVE',NULL,'NTF-00013','Zakat Due Alert','2026-05-02 09:00:00.000000'),(14,'A notification failed and has been moved to retry queue.','EMAIL','2026-05-02 09:05:00.000000','ACTIVE','Delivery Retry Needed','NTF-00014','Retry Queue Support Alert','2026-05-02 09:05:00.000000'),(15,'Legacy notification template kept for archive demonstration.','EMAIL','2026-05-01 09:10:00.000000','ARCHIVED','Legacy Notice','NTF-00015','Legacy Template Archived','2026-05-02 09:10:00.000000');
/*!40000 ALTER TABLE `notification_template` ENABLE KEYS */;
UNLOCK TABLES;

--
-- Table structure for table `otp_verification_request`
--

DROP TABLE IF EXISTS `otp_verification_request`;
/*!40101 SET @saved_cs_client     = @@character_set_client */;
/*!50503 SET character_set_client = utf8mb4 */;
CREATE TABLE `otp_verification_request` (
  `id` bigint NOT NULL AUTO_INCREMENT,
  `attempt_count` int NOT NULL,
  `channel_type` enum('EMAIL','SMS') NOT NULL,
  `contact_value` varchar(160) NOT NULL,
  `created_at` datetime(6) NOT NULL,
  `expires_at` datetime(6) NOT NULL,
  `max_attempt_count` int NOT NULL,
  `provider_response` varchar(2000) DEFAULT NULL,
  `purpose` enum('LOGIN_OTP','PASSWORD_RESET','PROVIDER_TEST','STEP_UP_ACTION','VERIFY_EMAIL','VERIFY_MOBILE') NOT NULL,
  `reference_id` bigint DEFAULT NULL,
  `reference_module` varchar(60) DEFAULT NULL,
  `request_status` enum('EXPIRED','FAILED','PENDING','SENT','VERIFIED') NOT NULL,
  `sent_at` datetime(6) NOT NULL,
  `token_code_hash` varchar(255) NOT NULL,
  `token_type` enum('OTP','PASSWORD_RESET') NOT NULL,
  `updated_at` datetime(6) NOT NULL,
  `used_at` datetime(6) DEFAULT NULL,
  `customer_id` bigint DEFAULT NULL,
  `user_id` bigint DEFAULT NULL,
  PRIMARY KEY (`id`),
  KEY `FK6ip4geiehb2iianqenqt7rivt` (`customer_id`),
  KEY `FKm0qi0dbo3oevynn3xgtklwaqa` (`user_id`),
  CONSTRAINT `FK6ip4geiehb2iianqenqt7rivt` FOREIGN KEY (`customer_id`) REFERENCES `customer` (`id`),
  CONSTRAINT `FKm0qi0dbo3oevynn3xgtklwaqa` FOREIGN KEY (`user_id`) REFERENCES `users` (`id`)
) ENGINE=InnoDB AUTO_INCREMENT=287 DEFAULT CHARSET=utf8mb4 COLLATE=utf8mb4_0900_ai_ci;
/*!40101 SET character_set_client = @saved_cs_client */;

--
-- Dumping data for table `otp_verification_request`
--

LOCK TABLES `otp_verification_request` WRITE;
/*!40000 ALTER TABLE `otp_verification_request` DISABLE KEYS */;
INSERT INTO `otp_verification_request` VALUES (1,1,'EMAIL','masud.jee68@gmail.com','2026-04-10 09:00:00.000000','2026-04-10 09:05:00.000000',5,'provider=LOCAL_SIMULATOR; channel=EMAIL; purpose=VERIFY_EMAIL; template=Customer Email Verification; otpPreview=111111; remarks=Customer onboarding email verified successfully','VERIFY_EMAIL',1,'CUSTOMER','VERIFIED','2026-04-10 09:00:00.000000','bcb15f821479b4d5772bd0ca866c00ad5f926e3580720659cc80d39c9d09802a','OTP','2026-04-10 09:02:00.000000','2026-04-10 09:02:00.000000',1,NULL),(2,1,'SMS','01723294032','2026-04-10 09:10:00.000000','2026-04-10 09:15:00.000000',5,'provider=LOCAL_SIMULATOR; channel=SMS; purpose=VERIFY_MOBILE; template=Customer Mobile Verification; otpPreview=222222; remarks=Customer mobile verified during onboarding','VERIFY_MOBILE',2,'CUSTOMER','VERIFIED','2026-04-10 09:10:00.000000','4cc8f4d609b717356701c57a03e737e5ac8fe885da8c7163d3de47e01849c635','OTP','2026-04-10 09:11:00.000000','2026-04-10 09:11:00.000000',2,NULL),(3,0,'EMAIL','rahim1@gmail.com','2026-04-10 09:20:00.000000','2026-04-10 09:25:00.000000',5,'provider=LOCAL_SIMULATOR; channel=EMAIL; purpose=VERIFY_EMAIL; template=Customer Email Verification; otpPreview=333333; remarks=Pending customer email verification request','VERIFY_EMAIL',3,'CUSTOMER','EXPIRED','2026-04-10 09:20:00.000000','68487dc295052aa79c530e283ce698b8c6bb1b42ff0944252e1910dbecdc5425','OTP','2026-05-16 01:10:24.000000',NULL,3,NULL),(4,5,'SMS','01710000002','2026-04-10 09:30:00.000000','2026-04-10 09:35:00.000000',5,'provider=LOCAL_SIMULATOR; channel=SMS; purpose=VERIFY_MOBILE; template=Customer Mobile Verification; otpPreview=444444; remarks=Failed after repeated invalid OTP attempts','VERIFY_MOBILE',4,'CUSTOMER','FAILED','2026-04-10 09:30:00.000000','69f7f7a7f8bca9970fa6f9c0b8dad06901d3ef23fd599d3213aa5eee5621c3e3','OTP','2026-04-10 09:34:00.000000',NULL,4,NULL),(5,0,'EMAIL','masud.jee68@gmail.com','2026-04-10 09:40:00.000000','2026-04-10 09:45:00.000000',5,'provider=LOCAL_SIMULATOR; channel=EMAIL; purpose=PASSWORD_RESET; template=Password Reset Email; otpPreview=555555; remarks=Password reset requested by identifier Admin01','PASSWORD_RESET',3,'USER','EXPIRED','2026-04-10 09:40:00.000000','af41e68e1309fa29a5044cbdc36b90a3821d8807e68c7675a6c495112bc8a55f','PASSWORD_RESET','2026-05-16 01:10:24.000000',NULL,NULL,3),(6,1,'SMS','01575634380','2026-04-10 09:50:00.000000','2026-04-10 09:55:00.000000',5,'provider=LOCAL_SIMULATOR; channel=SMS; purpose=PASSWORD_RESET; template=Password Reset SMS; otpPreview=666666; remarks=Password reset completed through SMS channel','PASSWORD_RESET',3,'USER','VERIFIED','2026-04-10 09:50:00.000000','94edf28c6d6da38fd35d7ad53e485307f89fbeaf120485c8d17a43f323deee71','PASSWORD_RESET','2026-04-10 09:53:00.000000','2026-04-10 09:53:00.000000',NULL,3),(7,0,'EMAIL','qa.provider@test.local','2026-04-10 10:00:00.000000','2026-04-10 10:05:00.000000',5,'provider=LOCAL_SIMULATOR; channel=EMAIL; purpose=PROVIDER_TEST; template=Provider Test Email; otpPreview=777777; remarks=Provider console email test','PROVIDER_TEST',101,'GENERAL','EXPIRED','2026-04-10 10:00:00.000000','ec4c88ca7f69534f10c0611c1ecd13e7c2cdf73e1b915e9fd0cf27ac10da43fa','OTP','2026-05-16 01:10:24.000000',NULL,NULL,NULL),(8,0,'EMAIL','alamin@gmail.com','2026-04-10 10:10:00.000000','2026-04-10 10:15:00.000000',5,'provider=LOCAL_SIMULATOR; channel=EMAIL; purpose=VERIFY_EMAIL; template=Customer Email Verification; otpPreview=888888; remarks=Expired before customer could verify','VERIFY_EMAIL',5,'CUSTOMER','EXPIRED','2026-04-10 10:10:00.000000','92925488b28ab12584ac8fcaa8a27a0f497b2c62940c8f4fbc8ef19ebc87c43e','OTP','2026-04-10 10:16:00.000000',NULL,5,NULL),(9,0,'SMS','01710000014','2026-04-10 10:20:00.000000','2026-04-10 10:25:00.000000',5,'provider=LOCAL_SIMULATOR; channel=SMS; purpose=VERIFY_MOBILE; template=Customer Mobile Verification; otpPreview=999999; remarks=Pending high-priority mobile verification','VERIFY_MOBILE',6,'CUSTOMER','EXPIRED','2026-04-10 10:20:00.000000','937377f056160fc4b15e0b770c67136a5f03c15205b4d3bf918268fefa2c6d0a','OTP','2026-05-16 01:10:24.000000',NULL,6,NULL),(10,1,'EMAIL','nadia@gmail.com','2026-04-10 10:30:00.000000','2026-04-10 10:35:00.000000',5,'provider=LOCAL_SIMULATOR; channel=EMAIL; purpose=VERIFY_EMAIL; template=Customer Email Verification; otpPreview=121212; remarks=Email verified from customer profile action','VERIFY_EMAIL',7,'CUSTOMER','VERIFIED','2026-04-10 10:30:00.000000','3ea87a56da3844b420ec2925ae922bc731ec16a4fc44dcbeafdad49b0e61d39c','OTP','2026-04-10 10:31:00.000000','2026-04-10 10:31:00.000000',7,NULL),(11,1,'SMS','01710000016','2026-04-10 10:40:00.000000','2026-04-10 10:45:00.000000',5,'provider=LOCAL_SIMULATOR; channel=SMS; purpose=VERIFY_MOBILE; template=Customer Mobile Verification; otpPreview=131313; remarks=Mobile verified from customer profile action','VERIFY_MOBILE',8,'CUSTOMER','VERIFIED','2026-04-10 10:40:00.000000','3fe1f7584833183e2da842b2f18123186919d4aa9828dbebdb3956429d9607bb','OTP','2026-04-10 10:41:00.000000','2026-04-10 10:41:00.000000',8,NULL),(12,5,'SMS','01710009999','2026-04-10 10:50:00.000000','2026-04-10 10:55:00.000000',5,'provider=LOCAL_SIMULATOR; channel=SMS; purpose=PROVIDER_TEST; template=Provider Test SMS; otpPreview=141414; remarks=Provider console test marked failed after audit attempts','PROVIDER_TEST',102,'GENERAL','FAILED','2026-04-10 10:50:00.000000','5e643ab1175fdd73bea8d07c38b7c70f95b4a9f8cf3e9b96eaaa7d74acfffc8c','OTP','2026-04-10 10:54:00.000000',NULL,NULL,NULL),(13,0,'EMAIL','masud.jee68@gmail.com','2026-04-10 11:00:00.000000','2026-04-10 11:05:00.000000',5,'provider=LOCAL_SIMULATOR; channel=EMAIL; purpose=PASSWORD_RESET; template=Password Reset Email; otpPreview=151515; remarks=Expired reset request kept for audit trail','PASSWORD_RESET',3,'USER','EXPIRED','2026-04-10 11:00:00.000000','a8698d96861f332be3627b5461c3d4ac120295ae33c8e26b9c0db82afa657084','PASSWORD_RESET','2026-04-10 11:06:00.000000',NULL,NULL,3),(14,0,'EMAIL','farhana@gmail.com','2026-04-10 11:10:00.000000','2026-04-10 11:15:00.000000',5,'provider=LOCAL_SIMULATOR; channel=EMAIL; purpose=VERIFY_EMAIL; template=Customer Email Verification; otpPreview=161616; remarks=Pending email verification before KYC progression','VERIFY_EMAIL',9,'CUSTOMER','EXPIRED','2026-04-10 11:10:00.000000','57a9a17457c5917516fa107320e5d60754ade681fe47c45e0677d7d8ff87993a','OTP','2026-05-16 01:10:24.000000',NULL,9,NULL),(15,0,'SMS','01710000018','2026-04-10 11:20:00.000000','2026-04-10 11:25:00.000000',5,'provider=LOCAL_SIMULATOR; channel=SMS; purpose=VERIFY_MOBILE; template=Customer Mobile Verification; otpPreview=171717; remarks=Pending mobile verification before account opening','VERIFY_MOBILE',10,'CUSTOMER','FAILED','2026-04-10 11:20:00.000000','17f8072c75acd1a2893bad0549c633a58b18e40db54cf72688908f91e056eafd','OTP','2026-05-02 15:34:50.625025',NULL,10,NULL),(16,1,'EMAIL','masud.jee68@gmail.com','2026-05-08 17:47:54.325219','2026-05-08 17:59:08.321557',5,'provider=LOCAL_SIMULATOR; channel=EMAIL; purpose=LOGIN_OTP; template=LOCAL_TEMPLATE; otpPreview=797193; remarks=Login OTP issued after credential validation','LOGIN_OTP',3,'AUTH','VERIFIED','2026-05-08 17:54:08.321557','e93885ffabf14a3f0ad89358cc66f3571c4983e569c8a676bdc5b4d4cce2a135','OTP','2026-05-08 17:54:14.335971','2026-05-08 17:54:14.313973',NULL,3),(17,0,'EMAIL','masud.jee68@gmail.com','2026-05-08 17:56:47.611876','2026-05-08 18:04:49.662255',5,'provider=LOCAL_SIMULATOR; channel=EMAIL; purpose=LOGIN_OTP; template=LOCAL_TEMPLATE; otpPreview=978167; remarks=Login OTP issued after credential validation','LOGIN_OTP',3,'AUTH','EXPIRED','2026-05-08 17:59:49.662255','2924d47ef1c6bf1f2a9a9a951fdb3869dd36cb425ccef625de8060e538af3973','OTP','2026-05-16 01:10:24.000000',NULL,NULL,3),(18,1,'EMAIL','masud.jee68@gmail.com','2026-05-08 18:10:49.812216','2026-05-08 18:15:49.809217',5,'provider=LOCAL_SIMULATOR; channel=EMAIL; purpose=LOGIN_OTP; template=LOCAL_TEMPLATE; otpPreview=864607; remarks=Login OTP issued after credential validation','LOGIN_OTP',3,'AUTH','VERIFIED','2026-05-08 18:10:49.809217','97608f159b30d619a112fd9fccf5af66ff449b3e186b5e6c9d0f975079aa2ce0','OTP','2026-05-08 18:11:13.572216','2026-05-08 18:11:13.530219',NULL,3),(19,0,'EMAIL','masud.jee68@gmail.com','2026-05-08 23:49:21.169321','2026-05-08 23:54:21.151322',5,'provider=EMAIL_SIMULATOR; channel=EMAIL; purpose=LOGIN_OTP; template=Login OTP Email; otpPreview=413419; remarks=Login OTP issued after credential validation','LOGIN_OTP',3,'AUTH','EXPIRED','2026-05-08 23:49:21.151322','1418954127202e3d7f0cf2ea16349bbf63c79e887fc12785c2371bf90ad04df0','OTP','2026-05-16 01:10:24.000000',NULL,NULL,3),(20,0,'EMAIL','masud.jee68@gmail.com','2026-05-09 00:04:41.338964','2026-05-09 00:09:41.336972',5,'provider=EMAIL_SIMULATOR; channel=EMAIL; purpose=LOGIN_OTP; template=Login OTP Email; otpPreview=806916; remarks=Login OTP issued after credential validation','LOGIN_OTP',3,'AUTH','EXPIRED','2026-05-09 00:04:41.336972','752ed4a7a54b9e8e7e47b665de1f8337bd3a594f8344685751ca3accbac0e585','OTP','2026-05-16 01:10:24.000000',NULL,NULL,3),(21,1,'EMAIL','masud.jee68@gmail.com','2026-05-09 00:16:24.571939','2026-05-09 00:23:56.021931',5,'provider=GMAIL_SMTP; channel=EMAIL; recipient=masud.jee68@gmail.com','LOGIN_OTP',3,'AUTH','VERIFIED','2026-05-09 00:18:56.021931','4aa5408a448ee4eb1142d5c1ade9004de51b89a3a187fd6bf5b5b1bd1cb97c42','OTP','2026-05-09 00:19:36.864623','2026-05-09 00:19:36.767465',NULL,3),(22,0,'EMAIL','masud.jee68@gmail.com','2026-05-09 00:42:34.223252','2026-05-09 00:47:34.221114',5,'provider=GMAIL_SMTP; channel=EMAIL; recipient=masud.jee68@gmail.com','STEP_UP_ACTION',15,'FINANCING_APPLICATION','EXPIRED','2026-05-09 00:42:34.220110','14706cd7061b46cd389f739ca871f37436515370cfa4d7eef527a78d9e73ab4a','OTP','2026-05-16 01:10:24.000000',NULL,NULL,3),(23,0,'EMAIL','masud.jee68@gmail.com','2026-05-09 00:42:38.423515','2026-05-09 00:47:38.423515',5,'provider=GMAIL_SMTP; channel=EMAIL; recipient=masud.jee68@gmail.com','STEP_UP_ACTION',15,'FINANCING_APPLICATION','EXPIRED','2026-05-09 00:42:38.423515','aecb9aa4dca0b8c696b3fadcbcfe7f38ee8e4b8574a7108c52abf0f13c61f457','OTP','2026-05-16 01:10:24.000000',NULL,NULL,3),(24,0,'EMAIL','masud.jee68@gmail.com','2026-05-09 01:41:23.642849','2026-05-09 01:46:23.629850',5,'provider=GMAIL_SMTP; channel=EMAIL; recipient=masud.jee68@gmail.com','LOGIN_OTP',3,'AUTH','EXPIRED','2026-05-09 01:41:23.629850','de241d6e66c26306359c896a2c7320f6ac9980df0b9fa20e1ee0ad1b8b3f3b2a','OTP','2026-05-16 01:10:24.000000',NULL,NULL,3),(25,1,'EMAIL','masud.jee68@gmail.com','2026-05-09 13:27:46.151651','2026-05-09 13:32:46.134657',5,'provider=EMAIL_SIMULATOR; channel=EMAIL; purpose=LOGIN_OTP; template=Login OTP Email; otpPreview=768057; remarks=Login OTP issued after credential validation','LOGIN_OTP',3,'AUTH','VERIFIED','2026-05-09 13:27:46.134657','f571b74b99be5905cc448eeea291f15da96fd6be3836bd368e232608a36b7a5f','OTP','2026-05-09 13:28:34.970191','2026-05-09 13:28:34.841158',NULL,3),(26,1,'EMAIL','masud.jee68@gmail.com','2026-05-09 15:57:02.805667','2026-05-09 16:02:02.796667',5,'provider=EMAIL_SIMULATOR; channel=EMAIL; purpose=LOGIN_OTP; template=Login OTP Email; otpPreview=760031; remarks=Login OTP issued after credential validation','LOGIN_OTP',3,'AUTH','VERIFIED','2026-05-09 15:57:02.796667','30ce5b71a9e23b14014f163c7682ecc5979c565a2b5aea4818559a2914757a08','OTP','2026-05-09 15:57:18.659029','2026-05-09 15:57:18.566029',NULL,3),(27,1,'EMAIL','masud.jee68@gmail.com','2026-05-09 16:00:23.249817','2026-05-09 16:05:23.237843',5,'provider=EMAIL_SIMULATOR; channel=EMAIL; purpose=LOGIN_OTP; template=Login OTP Email; otpPreview=536245; remarks=Login OTP issued after credential validation','LOGIN_OTP',3,'AUTH','VERIFIED','2026-05-09 16:00:23.237843','c4a15da09386ff88e7be787638a28cfb80e6f1c9639fb13e4588dcdcd333f0c0','OTP','2026-05-09 16:00:23.640613','2026-05-09 16:00:23.544617',NULL,3),(28,1,'EMAIL','masud.jee68@gmail.com','2026-05-09 16:00:45.693773','2026-05-09 16:05:45.693773',5,'provider=EMAIL_SIMULATOR; channel=EMAIL; purpose=LOGIN_OTP; template=Login OTP Email; otpPreview=622045; remarks=Login OTP issued after credential validation','LOGIN_OTP',3,'AUTH','VERIFIED','2026-05-09 16:00:45.693773','e20e97df95eecfd5bd87d4312b44482bdcf630c49ac909279e2315ce1064dcc3','OTP','2026-05-09 16:00:45.846018','2026-05-09 16:00:45.821027',NULL,3),(29,1,'EMAIL','masud.jee68@gmail.com','2026-05-13 06:06:44.084881','2026-05-13 06:11:44.062855',5,'provider=EMAIL_SIMULATOR; channel=EMAIL; purpose=LOGIN_OTP; template=Login OTP Email; otpPreview=454213; remarks=Login OTP issued after credential validation','LOGIN_OTP',3,'AUTH','VERIFIED','2026-05-13 06:06:44.062855','b4dbe7086bcd160ad76aa5abc66db0a6f99313a52db9bfb54192a864ea6bff21','OTP','2026-05-13 06:07:14.098091','2026-05-13 06:07:13.948095',NULL,3),(30,1,'EMAIL','masud.jee68@gmail.com','2026-05-14 19:08:52.520011','2026-05-14 19:13:52.485010',5,'provider=EMAIL_SIMULATOR; channel=EMAIL; purpose=LOGIN_OTP; template=Login OTP Email; otpPreview=984415; remarks=Login OTP issued after credential validation','LOGIN_OTP',3,'AUTH','VERIFIED','2026-05-14 19:08:52.485010','af42d63c876628a7606271fc39662ffd2ae4cede3df88ede2ddd387cb4493c35','OTP','2026-05-14 19:09:13.133075','2026-05-14 19:09:12.912086',NULL,3),(31,1,'EMAIL','masud.jee68@gmail.com','2026-05-14 19:13:35.496657','2026-05-14 19:18:35.496657',5,'provider=EMAIL_SIMULATOR; channel=EMAIL; purpose=LOGIN_OTP; template=Login OTP Email; otpPreview=827984; remarks=Login OTP issued after credential validation','LOGIN_OTP',3,'AUTH','VERIFIED','2026-05-14 19:13:35.496657','2b7cadab58cd2196cd05a26735e1937bc20888bf9a5ab0d67766f3f09277d60e','OTP','2026-05-14 19:13:54.500809','2026-05-14 19:13:54.465810',NULL,3),(32,1,'EMAIL','masud.jee68@gmail.com','2026-05-15 09:17:36.936538','2026-05-15 09:22:36.914540',5,'provider=EMAIL_SIMULATOR; channel=EMAIL; purpose=LOGIN_OTP; template=Login OTP Email; otpPreview=407296; remarks=Login OTP issued after credential validation','LOGIN_OTP',3,'AUTH','VERIFIED','2026-05-15 09:17:36.914540','99217cc0e48eda5023aede38b642d04f026636bc35da3bd21acf8b47b57be96b','OTP','2026-05-15 09:17:55.175205','2026-05-15 09:17:54.996202',NULL,3),(33,1,'EMAIL','masud.jee68@gmail.com','2026-05-15 13:57:29.392345','2026-05-15 14:02:29.388342',5,'provider=EMAIL_SIMULATOR; channel=EMAIL; purpose=LOGIN_OTP; template=Login OTP Email; otpPreview=269742; remarks=Login OTP issued after credential validation','LOGIN_OTP',3,'AUTH','VERIFIED','2026-05-15 13:57:29.388342','1aa016cf5a5f2f25840ea9f3a14c3cfa39369b14afcb5512826dc310d90b9338','OTP','2026-05-15 13:57:44.935373','2026-05-15 13:57:44.896371',NULL,3),(34,0,'EMAIL','masud.jee68@gmail.com','2026-05-16 01:07:08.728557','2026-05-16 01:12:08.711554',5,'provider=EMAIL_SIMULATOR; channel=EMAIL; purpose=PASSWORD_RESET; template=Password Reset Email; otpPreview=575760; remarks=Password reset token issued','PASSWORD_RESET',3,'USER','EXPIRED','2026-05-16 01:07:08.711554','6503d6f4332e833d998e728d35e5f95602a06e18a5e06815ce5c1854fc14ed67','PASSWORD_RESET','2026-05-16 01:10:24.000000',NULL,NULL,3),(35,1,'EMAIL','masud.jee68@gmail.com','2026-05-16 01:10:39.729836','2026-05-16 01:15:39.728838',5,'provider=EMAIL_SIMULATOR; channel=EMAIL; purpose=PASSWORD_RESET; template=Password Reset Email; otpPreview=337730; remarks=Password reset token issued','PASSWORD_RESET',3,'USER','VERIFIED','2026-05-16 01:10:39.728838','d68f42e570de48984e9645c3de7c7202578f911fbbeab37cc814dbace248d6f8','PASSWORD_RESET','2026-05-16 01:10:40.186838','2026-05-16 01:10:40.084834',NULL,3),(36,1,'EMAIL','masud.jee68@gmail.com','2026-05-16 01:10:40.504836','2026-05-16 01:15:40.503837',5,'provider=EMAIL_SIMULATOR; channel=EMAIL; purpose=LOGIN_OTP; template=Login OTP Email; otpPreview=410746; remarks=Login OTP issued after credential validation','LOGIN_OTP',3,'AUTH','VERIFIED','2026-05-16 01:10:40.503837','7758924b062b5f4244ad560f349fbf0ce447303a2659ce9dd77aa26ed0909859','OTP','2026-05-16 01:10:40.625834','2026-05-16 01:10:40.566833',NULL,3),(37,1,'EMAIL','branch.manager01@sbms.local','2026-05-16 01:10:40.768837','2026-05-16 01:15:40.767835',5,'provider=EMAIL_SIMULATOR; channel=EMAIL; purpose=PASSWORD_RESET; template=Password Reset Email; otpPreview=416233; remarks=Password reset token issued','PASSWORD_RESET',4,'USER','VERIFIED','2026-05-16 01:10:40.767835','847d00c0bdd823932845f7b09a1e1d480d7938b1457aecdb3e06a10cdb4afc0a','PASSWORD_RESET','2026-05-16 01:10:41.026835','2026-05-16 01:10:40.977834',NULL,4),(38,1,'EMAIL','branch.manager01@sbms.local','2026-05-16 01:10:41.245837','2026-05-16 01:15:41.238836',5,'provider=EMAIL_SIMULATOR; channel=EMAIL; purpose=LOGIN_OTP; template=Login OTP Email; otpPreview=598276; remarks=Login OTP issued after credential validation','LOGIN_OTP',4,'AUTH','VERIFIED','2026-05-16 01:10:41.238836','136804e1acda762a44475d01dec49697722fe5cd307adc7a06cc232cc113825f','OTP','2026-05-16 01:10:41.317832','2026-05-16 01:10:41.286835',NULL,4),(39,1,'EMAIL','ops.officer01@sbms.local','2026-05-16 01:10:41.369835','2026-05-16 01:15:41.369835',5,'provider=EMAIL_SIMULATOR; channel=EMAIL; purpose=PASSWORD_RESET; template=Password Reset Email; otpPreview=476480; remarks=Password reset token issued','PASSWORD_RESET',5,'USER','VERIFIED','2026-05-16 01:10:41.369835','8c560da77099ce163e62aa506e4029cf35cfe1b463ee7a9aa3117ba6082ef281','PASSWORD_RESET','2026-05-16 01:10:41.634830','2026-05-16 01:10:41.599834',NULL,5),(40,1,'EMAIL','ops.officer01@sbms.local','2026-05-16 01:10:41.841833','2026-05-16 01:15:41.841833',5,'provider=EMAIL_SIMULATOR; channel=EMAIL; purpose=LOGIN_OTP; template=Login OTP Email; otpPreview=914455; remarks=Login OTP issued after credential validation','LOGIN_OTP',5,'AUTH','VERIFIED','2026-05-16 01:10:41.841833','7235cde27e97b318776c8bfc3670bf387a9f1ae41d3931a4bfc0d9ac59f588ba','OTP','2026-05-16 01:10:41.897832','2026-05-16 01:10:41.877833',NULL,5),(41,1,'EMAIL','investment.officer01@sbms.local','2026-05-16 01:10:41.951836','2026-05-16 01:15:41.951836',5,'provider=EMAIL_SIMULATOR; channel=EMAIL; purpose=PASSWORD_RESET; template=Password Reset Email; otpPreview=541127; remarks=Password reset token issued','PASSWORD_RESET',7,'USER','VERIFIED','2026-05-16 01:10:41.951836','08096c49d9a0f1daea9e9e0462474b67a3d95966749a6a87dc2c82bd4ee460fe','PASSWORD_RESET','2026-05-16 01:10:42.234833','2026-05-16 01:10:42.196839',NULL,7),(42,1,'EMAIL','investment.officer01@sbms.local','2026-05-16 01:10:42.430835','2026-05-16 01:15:42.430835',5,'provider=EMAIL_SIMULATOR; channel=EMAIL; purpose=LOGIN_OTP; template=Login OTP Email; otpPreview=161667; remarks=Login OTP issued after credential validation','LOGIN_OTP',7,'AUTH','VERIFIED','2026-05-16 01:10:42.430835','8a426e100572b8e2ea7c1b404a1ee694699346632cf4942705c54f05162bc07a','OTP','2026-05-16 01:10:42.512831','2026-05-16 01:10:42.488840',NULL,7),(43,1,'EMAIL','shariah.board01@sbms.local','2026-05-16 01:10:42.654831','2026-05-16 01:15:42.653834',5,'provider=EMAIL_SIMULATOR; channel=EMAIL; purpose=PASSWORD_RESET; template=Password Reset Email; otpPreview=511828; remarks=Password reset token issued','PASSWORD_RESET',8,'USER','VERIFIED','2026-05-16 01:10:42.653834','cd2b5cafe3bac59b3579e9d82f399f07e1e90ce2a23f1864eb1c662acd481cf0','PASSWORD_RESET','2026-05-16 01:10:42.895835','2026-05-16 01:10:42.861830',NULL,8),(44,1,'EMAIL','shariah.board01@sbms.local','2026-05-16 01:10:43.143834','2026-05-16 01:15:43.142838',5,'provider=EMAIL_SIMULATOR; channel=EMAIL; purpose=LOGIN_OTP; template=Login OTP Email; otpPreview=456356; remarks=Login OTP issued after credential validation','LOGIN_OTP',8,'AUTH','VERIFIED','2026-05-16 01:10:43.142838','0a64610d7413e5ecb573500bf2a04f4a53f6901a79fd346cb6e0f532cf6cb402','OTP','2026-05-16 01:10:43.233836','2026-05-16 01:10:43.183837',NULL,8),(45,1,'EMAIL','customer.seed01@sbms.local','2026-05-16 01:10:43.304837','2026-05-16 01:15:43.304837',5,'provider=EMAIL_SIMULATOR; channel=EMAIL; purpose=PASSWORD_RESET; template=Password Reset Email; otpPreview=626151; remarks=Password reset token issued','PASSWORD_RESET',6,'USER','VERIFIED','2026-05-16 01:10:43.304837','2a4964d1575667050f5a039b886dfe0c2fe0a07a37d4de7cd081845981fb2705','PASSWORD_RESET','2026-05-16 01:10:43.611836','2026-05-16 01:10:43.578831',NULL,6),(46,1,'EMAIL','customer.seed01@sbms.local','2026-05-16 01:10:43.827833','2026-05-16 01:15:43.826836',5,'provider=EMAIL_SIMULATOR; channel=EMAIL; purpose=LOGIN_OTP; template=Login OTP Email; otpPreview=611578; remarks=Login OTP issued after credential validation','LOGIN_OTP',6,'AUTH','VERIFIED','2026-05-16 01:10:43.826836','4afdc4634d014541fa6b574092fdb786f37efce150c44baa0181a9471fc83a48','OTP','2026-05-16 01:10:43.881833','2026-05-16 01:10:43.865833',NULL,6),(47,0,'EMAIL','masud.jee68@gmail.com','2026-05-16 01:18:08.698468','2026-05-16 01:23:08.697464',5,'provider=EMAIL_SIMULATOR; channel=EMAIL; purpose=PASSWORD_RESET; template=Password Reset Email; otpPreview=172885; remarks=Password reset token issued','PASSWORD_RESET',3,'USER','EXPIRED','2026-05-16 01:18:08.697464','00acd7dc40561da840204a856b9133081fc1ac43310c6925cd42f7d37b7ed1eb','PASSWORD_RESET','2026-05-16 01:18:25.000000',NULL,NULL,3),(48,0,'EMAIL','branch.manager01@sbms.local','2026-05-16 01:18:08.877468','2026-05-16 01:23:08.877468',5,'provider=EMAIL_SIMULATOR; channel=EMAIL; purpose=PASSWORD_RESET; template=Password Reset Email; otpPreview=714310; remarks=Password reset token issued','PASSWORD_RESET',4,'USER','EXPIRED','2026-05-16 01:18:08.877468','5764dd31d17a950119a12c03f4bb9355c0755efe2b817a2071cad036d28f2bb9','PASSWORD_RESET','2026-05-16 01:18:25.000000',NULL,NULL,4),(49,0,'EMAIL','ops.officer01@sbms.local','2026-05-16 01:18:08.995469','2026-05-16 01:23:08.995469',5,'provider=EMAIL_SIMULATOR; channel=EMAIL; purpose=PASSWORD_RESET; template=Password Reset Email; otpPreview=313967; remarks=Password reset token issued','PASSWORD_RESET',5,'USER','EXPIRED','2026-05-16 01:18:08.995469','8a31359a1e3f036b780f41fd05082f5dcf39bae292410a8f4efc1741e8e3c6d3','PASSWORD_RESET','2026-05-16 01:18:25.000000',NULL,NULL,5),(50,0,'EMAIL','investment.officer01@sbms.local','2026-05-16 01:18:09.124464','2026-05-16 01:23:09.124464',5,'provider=EMAIL_SIMULATOR; channel=EMAIL; purpose=PASSWORD_RESET; template=Password Reset Email; otpPreview=745505; remarks=Password reset token issued','PASSWORD_RESET',7,'USER','EXPIRED','2026-05-16 01:18:09.124464','86af5769404fb4a8995a11d1b20a933d6304e1a5c77d315552c029fd709d895d','PASSWORD_RESET','2026-05-16 01:18:25.000000',NULL,NULL,7),(51,0,'EMAIL','shariah.board01@sbms.local','2026-05-16 01:18:09.220470','2026-05-16 01:23:09.219465',5,'provider=EMAIL_SIMULATOR; channel=EMAIL; purpose=PASSWORD_RESET; template=Password Reset Email; otpPreview=539458; remarks=Password reset token issued','PASSWORD_RESET',8,'USER','EXPIRED','2026-05-16 01:18:09.219465','60952e9e235f934dc8032f6e4119cdcb67d9746792691a695985726e38d03fc0','PASSWORD_RESET','2026-05-16 01:18:25.000000',NULL,NULL,8),(52,0,'EMAIL','customer.seed01@sbms.local','2026-05-16 01:18:09.318464','2026-05-16 01:23:09.318464',5,'provider=EMAIL_SIMULATOR; channel=EMAIL; purpose=PASSWORD_RESET; template=Password Reset Email; otpPreview=879461; remarks=Password reset token issued','PASSWORD_RESET',6,'USER','EXPIRED','2026-05-16 01:18:09.318464','a26b7cd069a9456b3e658dbccfd70eb74724946644e49f40b2153551dc733a8a','PASSWORD_RESET','2026-05-16 01:18:25.000000',NULL,NULL,6),(53,0,'EMAIL','masud.jee68@gmail.com','2026-05-16 01:18:26.121465','2026-05-16 01:23:26.121465',5,'provider=EMAIL_SIMULATOR; channel=EMAIL; purpose=PASSWORD_RESET; template=Password Reset Email; otpPreview=724887; remarks=Password reset token issued','PASSWORD_RESET',3,'USER','EXPIRED','2026-05-16 01:18:26.121465','5de3e9a56da2505ab3b9489d2ada5b56b6fff02480fe09150d2a6d27f41f4e60','PASSWORD_RESET','2026-05-16 01:18:55.000000',NULL,NULL,3),(54,1,'EMAIL','masud.jee68@gmail.com','2026-05-16 01:18:55.803976','2026-05-16 01:23:55.803976',5,'provider=EMAIL_SIMULATOR; channel=EMAIL; purpose=PASSWORD_RESET; template=Password Reset Email; otpPreview=579934; remarks=Password reset token issued','PASSWORD_RESET',3,'USER','VERIFIED','2026-05-16 01:18:55.803976','1d80ee0fd6a048413dafc680c088b691878a9af3e35afe48f7bcdddd34149426','PASSWORD_RESET','2026-05-16 01:18:56.148883','2026-05-16 01:18:56.095877',NULL,3),(55,1,'EMAIL','masud.jee68@gmail.com','2026-05-16 01:18:56.455879','2026-05-16 01:23:56.455879',5,'provider=EMAIL_SIMULATOR; channel=EMAIL; purpose=LOGIN_OTP; template=Login OTP Email; otpPreview=231879; remarks=Login OTP issued after credential validation','LOGIN_OTP',3,'AUTH','VERIFIED','2026-05-16 01:18:56.455879','2329b89ead8e76ea774ccae5d9fe11eeb4a6affc64bc4857414f28a1e5b1c28e','OTP','2026-05-16 01:18:56.523880','2026-05-16 01:18:56.499881',NULL,3),(56,1,'EMAIL','branch.manager01@sbms.local','2026-05-16 01:18:56.673884','2026-05-16 01:23:56.673884',5,'provider=EMAIL_SIMULATOR; channel=EMAIL; purpose=PASSWORD_RESET; template=Password Reset Email; otpPreview=313723; remarks=Password reset token issued','PASSWORD_RESET',4,'USER','VERIFIED','2026-05-16 01:18:56.673884','d9f832c3e90c8d84145c4b2b615c477a5fdc62f2f03ac31222fb16c1d4af9723','PASSWORD_RESET','2026-05-16 01:18:56.938879','2026-05-16 01:18:56.897886',NULL,4),(57,1,'EMAIL','branch.manager01@sbms.local','2026-05-16 01:18:57.181884','2026-05-16 01:23:57.173878',5,'provider=EMAIL_SIMULATOR; channel=EMAIL; purpose=LOGIN_OTP; template=Login OTP Email; otpPreview=480993; remarks=Login OTP issued after credential validation','LOGIN_OTP',4,'AUTH','VERIFIED','2026-05-16 01:18:57.173878','fdf0992877f79e4b19b575dcb5295ae55c5b8afbe9b648d2dc5f56a3f901f5d6','OTP','2026-05-16 01:18:57.254879','2026-05-16 01:18:57.237883',NULL,4),(58,1,'EMAIL','ops.officer01@sbms.local','2026-05-16 01:18:57.348889','2026-05-16 01:23:57.347887',5,'provider=EMAIL_SIMULATOR; channel=EMAIL; purpose=PASSWORD_RESET; template=Password Reset Email; otpPreview=903026; remarks=Password reset token issued','PASSWORD_RESET',5,'USER','VERIFIED','2026-05-16 01:18:57.347887','d55f4972fe79400eca621662ede7ebd7c34731f4c50d9a708982967b715eedb0','PASSWORD_RESET','2026-05-16 01:18:57.632878','2026-05-16 01:18:57.596881',NULL,5),(59,1,'EMAIL','ops.officer01@sbms.local','2026-05-16 01:18:57.848885','2026-05-16 01:23:57.848885',5,'provider=EMAIL_SIMULATOR; channel=EMAIL; purpose=LOGIN_OTP; template=Login OTP Email; otpPreview=686825; remarks=Login OTP issued after credential validation','LOGIN_OTP',5,'AUTH','VERIFIED','2026-05-16 01:18:57.848885','1ba9145b3f615c3df67e228999ed5798d3abec66a79ba0295d9a00579811dfc9','OTP','2026-05-16 01:18:57.922877','2026-05-16 01:18:57.903879',NULL,5),(60,1,'EMAIL','investment.officer01@sbms.local','2026-05-16 01:18:57.995878','2026-05-16 01:23:57.995878',5,'provider=EMAIL_SIMULATOR; channel=EMAIL; purpose=PASSWORD_RESET; template=Password Reset Email; otpPreview=198503; remarks=Password reset token issued','PASSWORD_RESET',7,'USER','VERIFIED','2026-05-16 01:18:57.995878','c3768bdc8dd0d1abf4e647044e3debaf44cb676e469be10dcb26a07c4bd81e74','PASSWORD_RESET','2026-05-16 01:18:58.213881','2026-05-16 01:18:58.182876',NULL,7),(61,1,'EMAIL','investment.officer01@sbms.local','2026-05-16 01:18:58.417883','2026-05-16 01:23:58.417883',5,'provider=EMAIL_SIMULATOR; channel=EMAIL; purpose=LOGIN_OTP; template=Login OTP Email; otpPreview=304630; remarks=Login OTP issued after credential validation','LOGIN_OTP',7,'AUTH','VERIFIED','2026-05-16 01:18:58.417883','5716244a8e2b00ab3d06b51aafc6f0a4e16a88ee5d46e6b35c73d551bfc991a1','OTP','2026-05-16 01:18:58.472878','2026-05-16 01:18:58.452878',NULL,7),(62,1,'EMAIL','shariah.board01@sbms.local','2026-05-16 01:18:58.572878','2026-05-16 01:23:58.572878',5,'provider=EMAIL_SIMULATOR; channel=EMAIL; purpose=PASSWORD_RESET; template=Password Reset Email; otpPreview=998743; remarks=Password reset token issued','PASSWORD_RESET',8,'USER','VERIFIED','2026-05-16 01:18:58.572878','37c8c2160bae7af11692d6978260bc0e6a2098aab37b421901e346bc3444e45e','PASSWORD_RESET','2026-05-16 01:18:58.853883','2026-05-16 01:18:58.814880',NULL,8),(63,1,'EMAIL','shariah.board01@sbms.local','2026-05-16 01:18:59.066886','2026-05-16 01:23:59.065884',5,'provider=EMAIL_SIMULATOR; channel=EMAIL; purpose=LOGIN_OTP; template=Login OTP Email; otpPreview=718412; remarks=Login OTP issued after credential validation','LOGIN_OTP',8,'AUTH','VERIFIED','2026-05-16 01:18:59.065884','2e1fbccb6fb5593ec58ef157763fd41406dd36b641095e86714f45b4418f6155','OTP','2026-05-16 01:18:59.117877','2026-05-16 01:18:59.103880',NULL,8),(64,1,'EMAIL','customer.seed01@sbms.local','2026-05-16 01:18:59.171876','2026-05-16 01:23:59.171876',5,'provider=EMAIL_SIMULATOR; channel=EMAIL; purpose=PASSWORD_RESET; template=Password Reset Email; otpPreview=772876; remarks=Password reset token issued','PASSWORD_RESET',6,'USER','VERIFIED','2026-05-16 01:18:59.171876','50f8c3f48acd5f98e1074d9f54dc92b5ff914f0573e4c923cbf1cff6a4d3f970','PASSWORD_RESET','2026-05-16 01:18:59.406883','2026-05-16 01:18:59.369877',NULL,6),(65,1,'EMAIL','customer.seed01@sbms.local','2026-05-16 01:18:59.604879','2026-05-16 01:23:59.604879',5,'provider=EMAIL_SIMULATOR; channel=EMAIL; purpose=LOGIN_OTP; template=Login OTP Email; otpPreview=873495; remarks=Login OTP issued after credential validation','LOGIN_OTP',6,'AUTH','VERIFIED','2026-05-16 01:18:59.604879','218f42124ebad709bc4fe5292ade09fce631e77a1cad247ca0b387df9f235647','OTP','2026-05-16 01:18:59.653882','2026-05-16 01:18:59.638884',NULL,6),(66,1,'EMAIL','ops.officer01@sbms.local','2026-05-16 01:24:00.756658','2026-05-16 01:29:00.753651',5,'provider=EMAIL_SIMULATOR; channel=EMAIL; purpose=PASSWORD_RESET; template=Password Reset Email; otpPreview=171952; remarks=Password reset token issued','PASSWORD_RESET',5,'USER','VERIFIED','2026-05-16 01:24:00.753651','ff3515ed2458532784de29c699fcd25abb58788d4624f3e0f80d83785de42c61','PASSWORD_RESET','2026-05-16 01:24:01.230652','2026-05-16 01:24:01.181654',NULL,5),(67,1,'EMAIL','ops.officer01@sbms.local','2026-05-16 01:24:01.559669','2026-05-16 01:29:01.559669',5,'provider=EMAIL_SIMULATOR; channel=EMAIL; purpose=LOGIN_OTP; template=Login OTP Email; otpPreview=978279; remarks=Login OTP issued after credential validation','LOGIN_OTP',5,'AUTH','VERIFIED','2026-05-16 01:24:01.559669','ea13bf3f8d8a906239314ce01a0218d08f2a963a58f2557faf4a414d0911a0fd','OTP','2026-05-16 01:24:01.680653','2026-05-16 01:24:01.637658',NULL,5),(68,1,'EMAIL','investment.officer01@sbms.local','2026-05-16 01:24:01.835678','2026-05-16 01:29:01.835678',5,'provider=EMAIL_SIMULATOR; channel=EMAIL; purpose=PASSWORD_RESET; template=Password Reset Email; otpPreview=977691; remarks=Password reset token issued','PASSWORD_RESET',7,'USER','VERIFIED','2026-05-16 01:24:01.835678','0f8a47c44fb2943897b56d745dc43141e452621e97b88f92b9ee123f19b6cc25','PASSWORD_RESET','2026-05-16 01:24:02.319649','2026-05-16 01:24:02.230657',NULL,7),(69,1,'EMAIL','investment.officer01@sbms.local','2026-05-16 01:24:02.638652','2026-05-16 01:29:02.638652',5,'provider=EMAIL_SIMULATOR; channel=EMAIL; purpose=LOGIN_OTP; template=Login OTP Email; otpPreview=167101; remarks=Login OTP issued after credential validation','LOGIN_OTP',7,'AUTH','VERIFIED','2026-05-16 01:24:02.638652','36842b135b5ed3dad6778324a28a5461d0ead3156584b81dd9cd948810e6753c','OTP','2026-05-16 01:24:02.700655','2026-05-16 01:24:02.683653',NULL,7),(70,1,'EMAIL','shariah.board01@sbms.local','2026-05-16 01:24:02.791655','2026-05-16 01:29:02.791655',5,'provider=EMAIL_SIMULATOR; channel=EMAIL; purpose=PASSWORD_RESET; template=Password Reset Email; otpPreview=135212; remarks=Password reset token issued','PASSWORD_RESET',8,'USER','VERIFIED','2026-05-16 01:24:02.791655','d640d338254617d25d424e50c6fa1d2d7382c3d90c16a0bfe8e8355cde1c1b9a','PASSWORD_RESET','2026-05-16 01:24:03.210655','2026-05-16 01:24:03.178655',NULL,8),(71,1,'EMAIL','shariah.board01@sbms.local','2026-05-16 01:24:03.419653','2026-05-16 01:29:03.419653',5,'provider=EMAIL_SIMULATOR; channel=EMAIL; purpose=LOGIN_OTP; template=Login OTP Email; otpPreview=829900; remarks=Login OTP issued after credential validation','LOGIN_OTP',8,'AUTH','VERIFIED','2026-05-16 01:24:03.419653','b7bb6cd173a979d9933d87b78e2a7edf9f15050bb781ebfd044b3c17da4f459a','OTP','2026-05-16 01:24:03.476676','2026-05-16 01:24:03.458678',NULL,8),(72,1,'EMAIL','customer.seed01@sbms.local','2026-05-16 01:24:03.525683','2026-05-16 01:29:03.525683',5,'provider=EMAIL_SIMULATOR; channel=EMAIL; purpose=PASSWORD_RESET; template=Password Reset Email; otpPreview=598841; remarks=Password reset token issued','PASSWORD_RESET',6,'USER','VERIFIED','2026-05-16 01:24:03.525683','7d243d3be48918354680d44ae75db47605a983fa053f6115dc83139d7f590070','PASSWORD_RESET','2026-05-16 01:24:03.785677','2026-05-16 01:24:03.750681',NULL,6),(73,1,'EMAIL','customer.seed01@sbms.local','2026-05-16 01:24:03.967676','2026-05-16 01:29:03.967676',5,'provider=EMAIL_SIMULATOR; channel=EMAIL; purpose=LOGIN_OTP; template=Login OTP Email; otpPreview=786521; remarks=Login OTP issued after credential validation','LOGIN_OTP',6,'AUTH','VERIFIED','2026-05-16 01:24:03.967676','be5c06dc7fb18a0e2c374c519db761d03f1f9af84fa84373f58f22ac17f52f4e','OTP','2026-05-16 01:24:04.014680','2026-05-16 01:24:04.001675',NULL,6),(74,1,'EMAIL','masud.jee68@gmail.com','2026-05-16 01:24:19.058548','2026-05-16 01:29:19.057556',5,'provider=EMAIL_SIMULATOR; channel=EMAIL; purpose=PASSWORD_RESET; template=Password Reset Email; otpPreview=769718; remarks=Password reset token issued','PASSWORD_RESET',3,'USER','VERIFIED','2026-05-16 01:24:19.057556','86f73c98e9fbf48b6d4d6a16e69351694ec32a148304b97c83a94fe9208e06dc','PASSWORD_RESET','2026-05-16 01:24:19.346549','2026-05-16 01:24:19.312555',NULL,3),(75,1,'EMAIL','masud.jee68@gmail.com','2026-05-16 01:24:19.528559','2026-05-16 01:29:19.528559',5,'provider=EMAIL_SIMULATOR; channel=EMAIL; purpose=LOGIN_OTP; template=Login OTP Email; otpPreview=202511; remarks=Login OTP issued after credential validation','LOGIN_OTP',3,'AUTH','VERIFIED','2026-05-16 01:24:19.528559','e94e8d40b30a5d7fa3c989cdd79dffb6623009d307bd1d48d9d6d33d4915783a','OTP','2026-05-16 01:24:19.596551','2026-05-16 01:24:19.580550',NULL,3),(76,1,'EMAIL','branch.manager01@sbms.local','2026-05-16 01:24:19.704548','2026-05-16 01:29:19.702555',5,'provider=EMAIL_SIMULATOR; channel=EMAIL; purpose=PASSWORD_RESET; template=Password Reset Email; otpPreview=877009; remarks=Password reset token issued','PASSWORD_RESET',4,'USER','VERIFIED','2026-05-16 01:24:19.702555','3c75220f6937d3ef2efc867baef4b1236848430b72ea5d257e8f306510856fde','PASSWORD_RESET','2026-05-16 01:24:19.925550','2026-05-16 01:24:19.902549',NULL,4),(77,1,'EMAIL','branch.manager01@sbms.local','2026-05-16 01:24:20.104550','2026-05-16 01:29:20.103548',5,'provider=EMAIL_SIMULATOR; channel=EMAIL; purpose=LOGIN_OTP; template=Login OTP Email; otpPreview=584097; remarks=Login OTP issued after credential validation','LOGIN_OTP',4,'AUTH','VERIFIED','2026-05-16 01:24:20.103548','96bdc906d5c76bc227f7121b86f0352b6f46a0d321c9eb846a53f9580fdbca00','OTP','2026-05-16 01:24:20.150548','2026-05-16 01:24:20.137546',NULL,4),(78,1,'EMAIL','ops.officer01@sbms.local','2026-05-16 01:24:20.190551','2026-05-16 01:29:20.190551',5,'provider=EMAIL_SIMULATOR; channel=EMAIL; purpose=PASSWORD_RESET; template=Password Reset Email; otpPreview=251686; remarks=Password reset token issued','PASSWORD_RESET',5,'USER','VERIFIED','2026-05-16 01:24:20.190551','3c5a7493eb224a179ae1a169983a59e787f8eff80641cff6daef89e691ce0017','PASSWORD_RESET','2026-05-16 01:24:20.393546','2026-05-16 01:24:20.374555',NULL,5),(79,1,'EMAIL','ops.officer01@sbms.local','2026-05-16 01:24:20.564551','2026-05-16 01:29:20.563548',5,'provider=EMAIL_SIMULATOR; channel=EMAIL; purpose=LOGIN_OTP; template=Login OTP Email; otpPreview=227043; remarks=Login OTP issued after credential validation','LOGIN_OTP',5,'AUTH','VERIFIED','2026-05-16 01:24:20.563548','ebc387451d5808434b19c4371090cb60e31dde8fad7b7016df7cf43e028f90e9','OTP','2026-05-16 01:24:20.620311','2026-05-16 01:24:20.596316',NULL,5),(80,1,'EMAIL','investment.officer01@sbms.local','2026-05-16 01:24:20.654310','2026-05-16 01:29:20.654310',5,'provider=EMAIL_SIMULATOR; channel=EMAIL; purpose=PASSWORD_RESET; template=Password Reset Email; otpPreview=497282; remarks=Password reset token issued','PASSWORD_RESET',7,'USER','VERIFIED','2026-05-16 01:24:20.654310','7a394a668b11cdd6da70e018c18db9058a2589a663940444f24fcddbd218d99c','PASSWORD_RESET','2026-05-16 01:24:20.862316','2026-05-16 01:24:20.839312',NULL,7),(81,1,'EMAIL','investment.officer01@sbms.local','2026-05-16 01:24:21.097101','2026-05-16 01:29:21.096103',5,'provider=EMAIL_SIMULATOR; channel=EMAIL; purpose=LOGIN_OTP; template=Login OTP Email; otpPreview=692237; remarks=Login OTP issued after credential validation','LOGIN_OTP',7,'AUTH','VERIFIED','2026-05-16 01:24:21.096103','11a58a5f12d7363d15abd34924eb032e062a38a6fd7544025990227793e0637f','OTP','2026-05-16 01:24:21.176095','2026-05-16 01:24:21.157103',NULL,7),(82,1,'EMAIL','shariah.board01@sbms.local','2026-05-16 01:24:21.228099','2026-05-16 01:29:21.227101',5,'provider=EMAIL_SIMULATOR; channel=EMAIL; purpose=PASSWORD_RESET; template=Password Reset Email; otpPreview=164589; remarks=Password reset token issued','PASSWORD_RESET',8,'USER','VERIFIED','2026-05-16 01:24:21.227101','578704b2c37540b4643f923697f807a7367f0a1e3b756c1e125fbf408be83af3','PASSWORD_RESET','2026-05-16 01:24:21.504102','2026-05-16 01:24:21.468098',NULL,8),(83,1,'EMAIL','shariah.board01@sbms.local','2026-05-16 01:24:21.698099','2026-05-16 01:29:21.698099',5,'provider=EMAIL_SIMULATOR; channel=EMAIL; purpose=LOGIN_OTP; template=Login OTP Email; otpPreview=384563; remarks=Login OTP issued after credential validation','LOGIN_OTP',8,'AUTH','VERIFIED','2026-05-16 01:24:21.698099','36ea3c4daa2defd89c267336f0db6862001d47f7c76c20bacac2bc3f94664826','OTP','2026-05-16 01:24:21.756099','2026-05-16 01:24:21.736096',NULL,8),(84,1,'EMAIL','customer.seed01@sbms.local','2026-05-16 01:24:21.814097','2026-05-16 01:29:21.814097',5,'provider=EMAIL_SIMULATOR; channel=EMAIL; purpose=PASSWORD_RESET; template=Password Reset Email; otpPreview=817185; remarks=Password reset token issued','PASSWORD_RESET',6,'USER','VERIFIED','2026-05-16 01:24:21.814097','41a7d83e36359585469545f42140022899a8b82b520b725f96b4ef42fbac4b08','PASSWORD_RESET','2026-05-16 01:24:22.212099','2026-05-16 01:24:22.182096',NULL,6),(85,1,'EMAIL','customer.seed01@sbms.local','2026-05-16 01:24:22.522119','2026-05-16 01:29:22.522119',5,'provider=EMAIL_SIMULATOR; channel=EMAIL; purpose=LOGIN_OTP; template=Login OTP Email; otpPreview=165221; remarks=Login OTP issued after credential validation','LOGIN_OTP',6,'AUTH','VERIFIED','2026-05-16 01:24:22.522119','25247c8c2b19aa49990c640be0a96923e7ac06f3d61ac8b4ab11900498bb9555','OTP','2026-05-16 01:24:22.580097','2026-05-16 01:24:22.559099',NULL,6),(86,1,'EMAIL','branch.staff.012423@sbms.local','2026-05-16 01:24:24.626100','2026-05-16 01:29:24.625097',5,'provider=EMAIL_SIMULATOR; channel=EMAIL; purpose=LOGIN_OTP; template=Login OTP Email; otpPreview=482599; remarks=Login OTP issued after credential validation','LOGIN_OTP',37,'AUTH','VERIFIED','2026-05-16 01:24:24.625097','e7be5984ac3cc61107a2cfb066b561f3f55f53a05357526b0c44a2f7fe9c4e6f','OTP','2026-05-16 01:24:24.671099','2026-05-16 01:24:24.657097',NULL,37),(87,1,'EMAIL','teller.012423@sbms.local','2026-05-16 01:24:24.830096','2026-05-16 01:29:24.830096',5,'provider=EMAIL_SIMULATOR; channel=EMAIL; purpose=LOGIN_OTP; template=Login OTP Email; otpPreview=374933; remarks=Login OTP issued after credential validation','LOGIN_OTP',38,'AUTH','VERIFIED','2026-05-16 01:24:24.830096','65c850f9debad986e3ce2b0c7892a2ee1ff4960975c291e2b2ff396b6765fc9f','OTP','2026-05-16 01:24:24.874097','2026-05-16 01:24:24.862095',NULL,38),(88,1,'EMAIL','ops.officer01@sbms.local','2026-05-16 01:27:43.262935','2026-05-16 01:32:43.261931',5,'provider=EMAIL_SIMULATOR; channel=EMAIL; purpose=PASSWORD_RESET; template=Password Reset Email; otpPreview=585473; remarks=Password reset token issued','PASSWORD_RESET',5,'USER','VERIFIED','2026-05-16 01:27:43.261931','2afac39bef7962f8025aab103f830f33349b65ba7fe963b6ff8d40a7ad8b3984','PASSWORD_RESET','2026-05-16 01:27:43.637927','2026-05-16 01:27:43.613937',NULL,5),(89,1,'EMAIL','ops.officer01@sbms.local','2026-05-16 01:27:43.961934','2026-05-16 01:32:43.960945',5,'provider=EMAIL_SIMULATOR; channel=EMAIL; purpose=LOGIN_OTP; template=Login OTP Email; otpPreview=698828; remarks=Login OTP issued after credential validation','LOGIN_OTP',5,'AUTH','VERIFIED','2026-05-16 01:27:43.960945','08e153c20c76870b669732c6ac8f1e08b27bd6117f24ca717a3b11f923ff536c','OTP','2026-05-16 01:27:44.039928','2026-05-16 01:27:44.021929',NULL,5),(90,1,'EMAIL','investment.officer01@sbms.local','2026-05-16 01:27:44.134929','2026-05-16 01:32:44.134929',5,'provider=EMAIL_SIMULATOR; channel=EMAIL; purpose=PASSWORD_RESET; template=Password Reset Email; otpPreview=828714; remarks=Password reset token issued','PASSWORD_RESET',7,'USER','VERIFIED','2026-05-16 01:27:44.134929','2e0f50fadd160f6d1e7bc739a9a39f79ae0ffe4f4744d566936b70eca5b80fdd','PASSWORD_RESET','2026-05-16 01:27:44.380926','2026-05-16 01:27:44.357926',NULL,7),(91,1,'EMAIL','investment.officer01@sbms.local','2026-05-16 01:27:44.564931','2026-05-16 01:32:44.564931',5,'provider=EMAIL_SIMULATOR; channel=EMAIL; purpose=LOGIN_OTP; template=Login OTP Email; otpPreview=566163; remarks=Login OTP issued after credential validation','LOGIN_OTP',7,'AUTH','VERIFIED','2026-05-16 01:27:44.564931','f1a00659a98a60e20cb64a21a503b8f63701d8f4260980cef83c06188c5cded5','OTP','2026-05-16 01:27:44.625932','2026-05-16 01:27:44.608929',NULL,7),(92,1,'EMAIL','shariah.board01@sbms.local','2026-05-16 01:27:44.667934','2026-05-16 01:32:44.667934',5,'provider=EMAIL_SIMULATOR; channel=EMAIL; purpose=PASSWORD_RESET; template=Password Reset Email; otpPreview=717246; remarks=Password reset token issued','PASSWORD_RESET',8,'USER','VERIFIED','2026-05-16 01:27:44.667934','0bb94a43fb8fd0e16e60653bbc5001d33f0d8b3bc7057eee82fdd403a50cd8d8','PASSWORD_RESET','2026-05-16 01:27:44.912931','2026-05-16 01:27:44.890926',NULL,8),(93,1,'EMAIL','shariah.board01@sbms.local','2026-05-16 01:27:45.109930','2026-05-16 01:32:45.109930',5,'provider=EMAIL_SIMULATOR; channel=EMAIL; purpose=LOGIN_OTP; template=Login OTP Email; otpPreview=711033; remarks=Login OTP issued after credential validation','LOGIN_OTP',8,'AUTH','VERIFIED','2026-05-16 01:27:45.109930','de8386734405d02e3813098725922fff1a14840479279b21804e824198f9f85b','OTP','2026-05-16 01:27:45.173929','2026-05-16 01:27:45.144927',NULL,8),(94,1,'EMAIL','customer.seed01@sbms.local','2026-05-16 01:27:45.209931','2026-05-16 01:32:45.209931',5,'provider=EMAIL_SIMULATOR; channel=EMAIL; purpose=PASSWORD_RESET; template=Password Reset Email; otpPreview=440326; remarks=Password reset token issued','PASSWORD_RESET',6,'USER','VERIFIED','2026-05-16 01:27:45.209931','4f3220b221125726b777af0a9ca09f9c40da2259bbea7d3a92fcb70fb3614a2c','PASSWORD_RESET','2026-05-16 01:27:45.458931','2026-05-16 01:27:45.424929',NULL,6),(95,1,'EMAIL','customer.seed01@sbms.local','2026-05-16 01:27:45.645926','2026-05-16 01:32:45.645926',5,'provider=EMAIL_SIMULATOR; channel=EMAIL; purpose=LOGIN_OTP; template=Login OTP Email; otpPreview=248796; remarks=Login OTP issued after credential validation','LOGIN_OTP',6,'AUTH','VERIFIED','2026-05-16 01:27:45.645926','89c7090e4a2b1f18c30990cdecabf222371b9081bed5a2558701a8c36389bb08','OTP','2026-05-16 01:27:45.695928','2026-05-16 01:27:45.678933',NULL,6),(96,1,'EMAIL','masud.jee68@gmail.com','2026-05-16 01:27:57.513331','2026-05-16 01:32:57.513331',5,'provider=EMAIL_SIMULATOR; channel=EMAIL; purpose=PASSWORD_RESET; template=Password Reset Email; otpPreview=646549; remarks=Password reset token issued','PASSWORD_RESET',3,'USER','VERIFIED','2026-05-16 01:27:57.513331','e284b923bd910c7b7bd585cd5fc2208182cd4f682f3ccec33b592091ac32947f','PASSWORD_RESET','2026-05-16 01:27:57.829646','2026-05-16 01:27:57.786647',NULL,3),(97,1,'EMAIL','masud.jee68@gmail.com','2026-05-16 01:27:58.026653','2026-05-16 01:32:58.026653',5,'provider=EMAIL_SIMULATOR; channel=EMAIL; purpose=LOGIN_OTP; template=Login OTP Email; otpPreview=604552; remarks=Login OTP issued after credential validation','LOGIN_OTP',3,'AUTH','VERIFIED','2026-05-16 01:27:58.026653','8d86c6f50592ab09e64d8e91ed58043920bf44a2a56ac8dbf52963a175103533','OTP','2026-05-16 01:27:58.086650','2026-05-16 01:27:58.070645',NULL,3),(98,1,'EMAIL','branch.manager01@sbms.local','2026-05-16 01:27:58.172650','2026-05-16 01:32:58.172650',5,'provider=EMAIL_SIMULATOR; channel=EMAIL; purpose=PASSWORD_RESET; template=Password Reset Email; otpPreview=989348; remarks=Password reset token issued','PASSWORD_RESET',4,'USER','VERIFIED','2026-05-16 01:27:58.172650','c72b9baf06bf5b756d420a2368925ed9e6cf30017d7009a28c0e2ab1ea17ff2d','PASSWORD_RESET','2026-05-16 01:27:58.384732','2026-05-16 01:27:58.361733',NULL,4),(99,1,'EMAIL','branch.manager01@sbms.local','2026-05-16 01:27:58.569795','2026-05-16 01:32:58.568788',5,'provider=EMAIL_SIMULATOR; channel=EMAIL; purpose=LOGIN_OTP; template=Login OTP Email; otpPreview=984629; remarks=Login OTP issued after credential validation','LOGIN_OTP',4,'AUTH','VERIFIED','2026-05-16 01:27:58.568788','879d5cc28df926f94b7a38e499c0a23fe00ed228c4fd64d325db0b6a1a962d52','OTP','2026-05-16 01:27:58.611715','2026-05-16 01:27:58.595713',NULL,4),(100,1,'EMAIL','ops.officer01@sbms.local','2026-05-16 01:27:58.656713','2026-05-16 01:32:58.656713',5,'provider=EMAIL_SIMULATOR; channel=EMAIL; purpose=PASSWORD_RESET; template=Password Reset Email; otpPreview=529241; remarks=Password reset token issued','PASSWORD_RESET',5,'USER','VERIFIED','2026-05-16 01:27:58.656713','dde301bea9036f4c512600ad72658722bf35b80696a156c39f638384a4ce29de','PASSWORD_RESET','2026-05-16 01:27:58.890715','2026-05-16 01:27:58.862709',NULL,5),(101,1,'EMAIL','ops.officer01@sbms.local','2026-05-16 01:27:59.078712','2026-05-16 01:32:59.078712',5,'provider=EMAIL_SIMULATOR; channel=EMAIL; purpose=LOGIN_OTP; template=Login OTP Email; otpPreview=765432; remarks=Login OTP issued after credential validation','LOGIN_OTP',5,'AUTH','VERIFIED','2026-05-16 01:27:59.078712','8829920baa578a546740437dc0e56671c749d93d6fbcfec2d9ecf3b30a87577b','OTP','2026-05-16 01:27:59.121710','2026-05-16 01:27:59.107709',NULL,5),(102,1,'EMAIL','investment.officer01@sbms.local','2026-05-16 01:27:59.153711','2026-05-16 01:32:59.153711',5,'provider=EMAIL_SIMULATOR; channel=EMAIL; purpose=PASSWORD_RESET; template=Password Reset Email; otpPreview=564848; remarks=Password reset token issued','PASSWORD_RESET',7,'USER','VERIFIED','2026-05-16 01:27:59.153711','1f6232899c6f2f6db33b48ec3e26ff536f5b950270f6ffa5e1728c1e2e6fd107','PASSWORD_RESET','2026-05-16 01:27:59.364710','2026-05-16 01:27:59.332710',NULL,7),(103,1,'EMAIL','investment.officer01@sbms.local','2026-05-16 01:27:59.623711','2026-05-16 01:32:59.623711',5,'provider=EMAIL_SIMULATOR; channel=EMAIL; purpose=LOGIN_OTP; template=Login OTP Email; otpPreview=248708; remarks=Login OTP issued after credential validation','LOGIN_OTP',7,'AUTH','VERIFIED','2026-05-16 01:27:59.623711','087c0da3e079ece4402ae6885b78b01eed60e1620818654d30200f085027aa0c','OTP','2026-05-16 01:27:59.696711','2026-05-16 01:27:59.679716',NULL,7),(104,1,'EMAIL','shariah.board01@sbms.local','2026-05-16 01:27:59.735712','2026-05-16 01:32:59.735712',5,'provider=EMAIL_SIMULATOR; channel=EMAIL; purpose=PASSWORD_RESET; template=Password Reset Email; otpPreview=142498; remarks=Password reset token issued','PASSWORD_RESET',8,'USER','VERIFIED','2026-05-16 01:27:59.735712','07bdbec12f6cacfaba031ecabc95d6e98bcffa601bb890c506e3ed93ecfe9cdf','PASSWORD_RESET','2026-05-16 01:28:00.024712','2026-05-16 01:27:59.999712',NULL,8),(105,1,'EMAIL','shariah.board01@sbms.local','2026-05-16 01:28:00.261720','2026-05-16 01:33:00.260714',5,'provider=EMAIL_SIMULATOR; channel=EMAIL; purpose=LOGIN_OTP; template=Login OTP Email; otpPreview=785452; remarks=Login OTP issued after credential validation','LOGIN_OTP',8,'AUTH','VERIFIED','2026-05-16 01:28:00.260714','3992fe2278c83944f8e1a6aeaea0f7aabc06f754e4312595fea413536d4d9ee3','OTP','2026-05-16 01:28:00.311713','2026-05-16 01:28:00.295713',NULL,8),(106,1,'EMAIL','customer.seed01@sbms.local','2026-05-16 01:28:00.352713','2026-05-16 01:33:00.352713',5,'provider=EMAIL_SIMULATOR; channel=EMAIL; purpose=PASSWORD_RESET; template=Password Reset Email; otpPreview=873283; remarks=Password reset token issued','PASSWORD_RESET',6,'USER','VERIFIED','2026-05-16 01:28:00.352713','11b52a075ac3f917aa9687d7e80bf7f8bd4fb48624c3fb77f83e02e3a662a984','PASSWORD_RESET','2026-05-16 01:28:00.605716','2026-05-16 01:28:00.580716',NULL,6),(107,1,'EMAIL','customer.seed01@sbms.local','2026-05-16 01:28:00.805724','2026-05-16 01:33:00.804718',5,'provider=EMAIL_SIMULATOR; channel=EMAIL; purpose=LOGIN_OTP; template=Login OTP Email; otpPreview=743212; remarks=Login OTP issued after credential validation','LOGIN_OTP',6,'AUTH','VERIFIED','2026-05-16 01:28:00.804718','a2da3b91332928228dce4094bbf6b7ac479b823e186a19e0246d6d204ff66580','OTP','2026-05-16 01:28:00.847709','2026-05-16 01:28:00.840713',NULL,6),(108,1,'EMAIL','branch.staff.012801@sbms.local','2026-05-16 01:28:02.674816','2026-05-16 01:33:02.674816',5,'provider=EMAIL_SIMULATOR; channel=EMAIL; purpose=LOGIN_OTP; template=Login OTP Email; otpPreview=519462; remarks=Login OTP issued after credential validation','LOGIN_OTP',39,'AUTH','VERIFIED','2026-05-16 01:28:02.674816','5f9fc66e01fe725fdf6cb7b1bc5ed62dfc063b7fc838f88c5504445290b2183f','OTP','2026-05-16 01:28:02.715817','2026-05-16 01:28:02.705817',NULL,39),(109,1,'EMAIL','teller.012801@sbms.local','2026-05-16 01:28:02.891814','2026-05-16 01:33:02.891814',5,'provider=EMAIL_SIMULATOR; channel=EMAIL; purpose=LOGIN_OTP; template=Login OTP Email; otpPreview=789453; remarks=Login OTP issued after credential validation','LOGIN_OTP',40,'AUTH','VERIFIED','2026-05-16 01:28:02.891814','9e3bd00230cde546bf7630f55b0ff9304aa417bfe4baaf448857800df84865c8','OTP','2026-05-16 01:28:02.930816','2026-05-16 01:28:02.917816',NULL,40),(110,1,'EMAIL','masud.jee68@gmail.com','2026-05-16 01:28:59.091856','2026-05-16 01:33:59.090857',5,'provider=EMAIL_SIMULATOR; channel=EMAIL; purpose=PASSWORD_RESET; template=Password Reset Email; otpPreview=490828; remarks=Password reset token issued','PASSWORD_RESET',3,'USER','VERIFIED','2026-05-16 01:28:59.090857','54781d0df0581053ddf0d2d49ac3fbedfd775752a5b5222f6928a416f6b78662','PASSWORD_RESET','2026-05-16 01:28:59.406853','2026-05-16 01:28:59.377860',NULL,3),(111,1,'EMAIL','masud.jee68@gmail.com','2026-05-16 01:28:59.599856','2026-05-16 01:33:59.599856',5,'provider=EMAIL_SIMULATOR; channel=EMAIL; purpose=LOGIN_OTP; template=Login OTP Email; otpPreview=135159; remarks=Login OTP issued after credential validation','LOGIN_OTP',3,'AUTH','VERIFIED','2026-05-16 01:28:59.599856','1485e01cdc112ca00da10f0ebdf8ad4989098c898b730223f823046c63452d43','OTP','2026-05-16 01:28:59.673871','2026-05-16 01:28:59.659850',NULL,3),(112,1,'EMAIL','branch.manager01@sbms.local','2026-05-16 01:28:59.793853','2026-05-16 01:33:59.793853',5,'provider=EMAIL_SIMULATOR; channel=EMAIL; purpose=PASSWORD_RESET; template=Password Reset Email; otpPreview=136957; remarks=Password reset token issued','PASSWORD_RESET',4,'USER','VERIFIED','2026-05-16 01:28:59.793853','7a54199aee79229e9cc84ee472e512915d1e18190db6260ee75c26ba70bd4ddf','PASSWORD_RESET','2026-05-16 01:29:00.015851','2026-05-16 01:28:59.983848',NULL,4),(113,1,'EMAIL','branch.manager01@sbms.local','2026-05-16 01:29:00.239850','2026-05-16 01:34:00.238850',5,'provider=EMAIL_SIMULATOR; channel=EMAIL; purpose=LOGIN_OTP; template=Login OTP Email; otpPreview=506117; remarks=Login OTP issued after credential validation','LOGIN_OTP',4,'AUTH','VERIFIED','2026-05-16 01:29:00.238850','1fb3a02d84a57a4438365ddfa742d0eee78ea1c96d8a01434a0fe2b87638763a','OTP','2026-05-16 01:29:00.290855','2026-05-16 01:29:00.276855',NULL,4),(114,1,'EMAIL','ops.officer01@sbms.local','2026-05-16 01:29:00.342855','2026-05-16 01:34:00.341852',5,'provider=EMAIL_SIMULATOR; channel=EMAIL; purpose=PASSWORD_RESET; template=Password Reset Email; otpPreview=131386; remarks=Password reset token issued','PASSWORD_RESET',5,'USER','VERIFIED','2026-05-16 01:29:00.341852','9667c458752d6cff08ba760ecf9a61d9d27f95db069ed330bad66399d03f9adc','PASSWORD_RESET','2026-05-16 01:29:00.652857','2026-05-16 01:29:00.616853',NULL,5),(115,1,'EMAIL','ops.officer01@sbms.local','2026-05-16 01:29:00.842856','2026-05-16 01:34:00.842856',5,'provider=EMAIL_SIMULATOR; channel=EMAIL; purpose=LOGIN_OTP; template=Login OTP Email; otpPreview=260481; remarks=Login OTP issued after credential validation','LOGIN_OTP',5,'AUTH','VERIFIED','2026-05-16 01:29:00.842856','b23fb0863d6a638b7872cf6b9bdff0addd1726f8f84d492fc086b7a50c35b2d3','OTP','2026-05-16 01:29:00.889851','2026-05-16 01:29:00.875852',NULL,5),(116,1,'EMAIL','investment.officer01@sbms.local','2026-05-16 01:29:00.927857','2026-05-16 01:34:00.927857',5,'provider=EMAIL_SIMULATOR; channel=EMAIL; purpose=PASSWORD_RESET; template=Password Reset Email; otpPreview=844274; remarks=Password reset token issued','PASSWORD_RESET',7,'USER','VERIFIED','2026-05-16 01:29:00.927857','6777d48c6a02a6f9fdd8e3f729274947f18cbe9ece96c2f6d0b88670cb36a181','PASSWORD_RESET','2026-05-16 01:29:01.158852','2026-05-16 01:29:01.132846',NULL,7),(117,1,'EMAIL','investment.officer01@sbms.local','2026-05-16 01:29:01.321859','2026-05-16 01:34:01.321859',5,'provider=EMAIL_SIMULATOR; channel=EMAIL; purpose=LOGIN_OTP; template=Login OTP Email; otpPreview=137951; remarks=Login OTP issued after credential validation','LOGIN_OTP',7,'AUTH','VERIFIED','2026-05-16 01:29:01.321859','5a7721f13b6f63ace5e2b5149f7667df705250d285b0f75029b1b4ef3663ab89','OTP','2026-05-16 01:29:01.361229','2026-05-16 01:29:01.348229',NULL,7),(118,1,'EMAIL','shariah.board01@sbms.local','2026-05-16 01:29:01.394239','2026-05-16 01:34:01.394239',5,'provider=EMAIL_SIMULATOR; channel=EMAIL; purpose=PASSWORD_RESET; template=Password Reset Email; otpPreview=248835; remarks=Password reset token issued','PASSWORD_RESET',8,'USER','VERIFIED','2026-05-16 01:29:01.394239','68aff28919915f5f6f88ecb42b1253637be55edd1741f9a172c51fe50cd15378','PASSWORD_RESET','2026-05-16 01:29:01.585840','2026-05-16 01:29:01.561842',NULL,8),(119,1,'EMAIL','shariah.board01@sbms.local','2026-05-16 01:29:01.760841','2026-05-16 01:34:01.760841',5,'provider=EMAIL_SIMULATOR; channel=EMAIL; purpose=LOGIN_OTP; template=Login OTP Email; otpPreview=747842; remarks=Login OTP issued after credential validation','LOGIN_OTP',8,'AUTH','VERIFIED','2026-05-16 01:29:01.760841','a04c0d8ad13d85f0a1f472892c6d3f1ae97b884daabf7bcc4c59bbf5c668a521','OTP','2026-05-16 01:29:01.802843','2026-05-16 01:29:01.790843',NULL,8),(120,1,'EMAIL','customer.seed01@sbms.local','2026-05-16 01:29:01.836838','2026-05-16 01:34:01.836838',5,'provider=EMAIL_SIMULATOR; channel=EMAIL; purpose=PASSWORD_RESET; template=Password Reset Email; otpPreview=210872; remarks=Password reset token issued','PASSWORD_RESET',6,'USER','VERIFIED','2026-05-16 01:29:01.836838','04e0b17d440eb334127ef29e0d4f976232ec4183afd87b70a3fcbd73f736c437','PASSWORD_RESET','2026-05-16 01:29:02.042840','2026-05-16 01:29:02.021840',NULL,6),(121,1,'EMAIL','customer.seed01@sbms.local','2026-05-16 01:29:02.222516','2026-05-16 01:34:02.222516',5,'provider=EMAIL_SIMULATOR; channel=EMAIL; purpose=LOGIN_OTP; template=Login OTP Email; otpPreview=389124; remarks=Login OTP issued after credential validation','LOGIN_OTP',6,'AUTH','VERIFIED','2026-05-16 01:29:02.222516','09d7d8153a8178a958ecaa130aad71becfb73f2c5d30f5f3f33066ec7624b355','OTP','2026-05-16 01:29:02.261507','2026-05-16 01:29:02.248510',NULL,6),(122,1,'EMAIL','branch.staff.012902@sbms.local','2026-05-16 01:29:04.263793','2026-05-16 01:34:04.263793',5,'provider=EMAIL_SIMULATOR; channel=EMAIL; purpose=LOGIN_OTP; template=Login OTP Email; otpPreview=219231; remarks=Login OTP issued after credential validation','LOGIN_OTP',41,'AUTH','VERIFIED','2026-05-16 01:29:04.263793','761720ad15a6de859d304c80307600c661b47a1f80ab60193631fbe5f92ea7a0','OTP','2026-05-16 01:29:04.300781','2026-05-16 01:29:04.291783',NULL,41),(123,1,'EMAIL','teller.012902@sbms.local','2026-05-16 01:29:04.454788','2026-05-16 01:34:04.454788',5,'provider=EMAIL_SIMULATOR; channel=EMAIL; purpose=LOGIN_OTP; template=Login OTP Email; otpPreview=439654; remarks=Login OTP issued after credential validation','LOGIN_OTP',42,'AUTH','VERIFIED','2026-05-16 01:29:04.454788','861bb0dc6958a71362c1f6e57cf7d649e1ed1435acfb887edd45af7dae0d30d8','OTP','2026-05-16 01:29:04.498790','2026-05-16 01:29:04.488786',NULL,42),(124,1,'EMAIL','masud.jee68@gmail.com','2026-05-16 01:29:32.267643','2026-05-16 01:34:32.266638',5,'provider=EMAIL_SIMULATOR; channel=EMAIL; purpose=PASSWORD_RESET; template=Password Reset Email; otpPreview=974883; remarks=Password reset token issued','PASSWORD_RESET',3,'USER','VERIFIED','2026-05-16 01:29:32.266638','7e1251c155f1a332076e032d8010dee9f5c2d87886a58cb2f47bd287e8370db0','PASSWORD_RESET','2026-05-16 01:29:32.571299','2026-05-16 01:29:32.546300',NULL,3),(125,1,'EMAIL','masud.jee68@gmail.com','2026-05-16 01:29:32.776306','2026-05-16 01:34:32.776306',5,'provider=EMAIL_SIMULATOR; channel=EMAIL; purpose=LOGIN_OTP; template=Login OTP Email; otpPreview=427581; remarks=Login OTP issued after credential validation','LOGIN_OTP',3,'AUTH','VERIFIED','2026-05-16 01:29:32.776306','b272cc700b0179e7995483b5e7d48b18e25276f05b83c02e588c1bd1642034db','OTP','2026-05-16 01:29:32.841295','2026-05-16 01:29:32.822296',NULL,3),(126,1,'EMAIL','branch.manager01@sbms.local','2026-05-16 01:29:33.030303','2026-05-16 01:34:33.030303',5,'provider=EMAIL_SIMULATOR; channel=EMAIL; purpose=PASSWORD_RESET; template=Password Reset Email; otpPreview=353840; remarks=Password reset token issued','PASSWORD_RESET',4,'USER','VERIFIED','2026-05-16 01:29:33.030303','e3bf40f5746126c874e583ad68f70781356f868af14ba7067aab3cc41343fefe','PASSWORD_RESET','2026-05-16 01:29:33.314296','2026-05-16 01:29:33.288294',NULL,4),(127,1,'EMAIL','branch.manager01@sbms.local','2026-05-16 01:29:33.485303','2026-05-16 01:34:33.485303',5,'provider=EMAIL_SIMULATOR; channel=EMAIL; purpose=LOGIN_OTP; template=Login OTP Email; otpPreview=663384; remarks=Login OTP issued after credential validation','LOGIN_OTP',4,'AUTH','VERIFIED','2026-05-16 01:29:33.485303','7844208bf895dd51e22336f0d94c694acd22e6e918baab95dcfd3b41483bad3f','OTP','2026-05-16 01:29:33.521764','2026-05-16 01:29:33.508759',NULL,4),(128,1,'EMAIL','ops.officer01@sbms.local','2026-05-16 01:29:33.554762','2026-05-16 01:34:33.554762',5,'provider=EMAIL_SIMULATOR; channel=EMAIL; purpose=PASSWORD_RESET; template=Password Reset Email; otpPreview=505325; remarks=Password reset token issued','PASSWORD_RESET',5,'USER','VERIFIED','2026-05-16 01:29:33.554762','58ea76a91c8b61ae67a9bafe3326a42f7c072a30a8e2f09a77ad497397d037fe','PASSWORD_RESET','2026-05-16 01:29:33.773761','2026-05-16 01:29:33.749761',NULL,5),(129,1,'EMAIL','ops.officer01@sbms.local','2026-05-16 01:29:33.963765','2026-05-16 01:34:33.963765',5,'provider=EMAIL_SIMULATOR; channel=EMAIL; purpose=LOGIN_OTP; template=Login OTP Email; otpPreview=700268; remarks=Login OTP issued after credential validation','LOGIN_OTP',5,'AUTH','VERIFIED','2026-05-16 01:29:33.963765','d99163e2cccde4049f3f77387c76a4eb95186c7ccbf01dd6db69eb3f28277c45','OTP','2026-05-16 01:29:34.006761','2026-05-16 01:29:33.989760',NULL,5),(130,1,'EMAIL','investment.officer01@sbms.local','2026-05-16 01:29:34.048760','2026-05-16 01:34:34.048760',5,'provider=EMAIL_SIMULATOR; channel=EMAIL; purpose=PASSWORD_RESET; template=Password Reset Email; otpPreview=101616; remarks=Password reset token issued','PASSWORD_RESET',7,'USER','VERIFIED','2026-05-16 01:29:34.048760','51b6197f2659f3e50bbdb9c099b185c7e6af2ec8d64f212d6127b8a7fbf7b79e','PASSWORD_RESET','2026-05-16 01:29:34.360761','2026-05-16 01:29:34.253762',NULL,7),(131,1,'EMAIL','investment.officer01@sbms.local','2026-05-16 01:29:34.624762','2026-05-16 01:34:34.624762',5,'provider=EMAIL_SIMULATOR; channel=EMAIL; purpose=LOGIN_OTP; template=Login OTP Email; otpPreview=277485; remarks=Login OTP issued after credential validation','LOGIN_OTP',7,'AUTH','VERIFIED','2026-05-16 01:29:34.624762','1ea1759db56f6aad46cdcbfaf21c3e3b29c8d83cd23d62e0617419fc3d3ddf46','OTP','2026-05-16 01:29:34.674766','2026-05-16 01:29:34.655763',NULL,7),(132,1,'EMAIL','shariah.board01@sbms.local','2026-05-16 01:29:34.717793','2026-05-16 01:34:34.717793',5,'provider=EMAIL_SIMULATOR; channel=EMAIL; purpose=PASSWORD_RESET; template=Password Reset Email; otpPreview=353553; remarks=Password reset token issued','PASSWORD_RESET',8,'USER','VERIFIED','2026-05-16 01:29:34.717793','d8dc786c243cc107469ecbb44a5a6c13a4dd536e6fee979fc360d44fbb8f61bc','PASSWORD_RESET','2026-05-16 01:29:34.991762','2026-05-16 01:29:34.954762',NULL,8),(133,1,'EMAIL','shariah.board01@sbms.local','2026-05-16 01:29:35.191762','2026-05-16 01:34:35.191762',5,'provider=EMAIL_SIMULATOR; channel=EMAIL; purpose=LOGIN_OTP; template=Login OTP Email; otpPreview=645690; remarks=Login OTP issued after credential validation','LOGIN_OTP',8,'AUTH','VERIFIED','2026-05-16 01:29:35.191762','791e216686ed071b489582e1fbfe6f504f907ad042a046fd3382f3d23bf3952c','OTP','2026-05-16 01:29:35.248767','2026-05-16 01:29:35.226764',NULL,8),(134,1,'EMAIL','customer.seed01@sbms.local','2026-05-16 01:29:35.288761','2026-05-16 01:34:35.288761',5,'provider=EMAIL_SIMULATOR; channel=EMAIL; purpose=PASSWORD_RESET; template=Password Reset Email; otpPreview=663144; remarks=Password reset token issued','PASSWORD_RESET',6,'USER','VERIFIED','2026-05-16 01:29:35.288761','940a69862ca2228ea0ae172c078e4c2e56756526ccb596f39754f06a883735cb','PASSWORD_RESET','2026-05-16 01:29:35.564766','2026-05-16 01:29:35.540763',NULL,6),(135,1,'EMAIL','customer.seed01@sbms.local','2026-05-16 01:29:35.755765','2026-05-16 01:34:35.755765',5,'provider=EMAIL_SIMULATOR; channel=EMAIL; purpose=LOGIN_OTP; template=Login OTP Email; otpPreview=610455; remarks=Login OTP issued after credential validation','LOGIN_OTP',6,'AUTH','VERIFIED','2026-05-16 01:29:35.755765','22c55d639ced070d0c19c6188dbe745167e231b1f14dd753b226772295c0e6fa','OTP','2026-05-16 01:29:35.797766','2026-05-16 01:29:35.786767',NULL,6),(136,1,'EMAIL','branch.staff.012936@sbms.local','2026-05-16 01:29:37.837766','2026-05-16 01:34:37.837766',5,'provider=EMAIL_SIMULATOR; channel=EMAIL; purpose=LOGIN_OTP; template=Login OTP Email; otpPreview=679092; remarks=Login OTP issued after credential validation','LOGIN_OTP',43,'AUTH','VERIFIED','2026-05-16 01:29:37.837766','0b4ffffc26b62379e7ba9eca09858a9fd033e84b7f3784f2959532055bfe32ef','OTP','2026-05-16 01:29:37.889761','2026-05-16 01:29:37.867765',NULL,43),(137,1,'EMAIL','teller.012936@sbms.local','2026-05-16 01:29:38.046767','2026-05-16 01:34:38.046767',5,'provider=EMAIL_SIMULATOR; channel=EMAIL; purpose=LOGIN_OTP; template=Login OTP Email; otpPreview=239960; remarks=Login OTP issued after credential validation','LOGIN_OTP',44,'AUTH','VERIFIED','2026-05-16 01:29:38.046767','ad9d95a03442ca3fc511cba38d3c060effc2c911015ff66a300a1123e7288e5f','OTP','2026-05-16 01:29:38.085763','2026-05-16 01:29:38.075761',NULL,44),(138,1,'EMAIL','masud.jee68@gmail.com','2026-05-16 01:30:08.425706','2026-05-16 01:35:08.425706',5,'provider=EMAIL_SIMULATOR; channel=EMAIL; purpose=PASSWORD_RESET; template=Password Reset Email; otpPreview=649374; remarks=Password reset token issued','PASSWORD_RESET',3,'USER','VERIFIED','2026-05-16 01:30:08.425706','634eff5e8382f2760d4a6028a6c8bb30f743a4452441c8655a1cb6d43fb17283','PASSWORD_RESET','2026-05-16 01:30:08.714274','2026-05-16 01:30:08.678270',NULL,3),(139,1,'EMAIL','masud.jee68@gmail.com','2026-05-16 01:30:08.976277','2026-05-16 01:35:08.976277',5,'provider=EMAIL_SIMULATOR; channel=EMAIL; purpose=LOGIN_OTP; template=Login OTP Email; otpPreview=460760; remarks=Login OTP issued after credential validation','LOGIN_OTP',3,'AUTH','VERIFIED','2026-05-16 01:30:08.976277','a2c714a8b83827e866e6f8c9206e2bf4f319ec4ac620b43a48f4148ee6f3d7d2','OTP','2026-05-16 01:30:09.022282','2026-05-16 01:30:09.007275',NULL,3),(140,1,'EMAIL','branch.manager01@sbms.local','2026-05-16 01:30:09.114276','2026-05-16 01:35:09.114276',5,'provider=EMAIL_SIMULATOR; channel=EMAIL; purpose=PASSWORD_RESET; template=Password Reset Email; otpPreview=178610; remarks=Password reset token issued','PASSWORD_RESET',4,'USER','VERIFIED','2026-05-16 01:30:09.114276','10f88f532823af51c48dcf8b9ed64952b05628fab09e4e31ca881abc4d5d5083','PASSWORD_RESET','2026-05-16 01:30:09.347271','2026-05-16 01:30:09.324275',NULL,4),(141,1,'EMAIL','branch.manager01@sbms.local','2026-05-16 01:30:09.530274','2026-05-16 01:35:09.529278',5,'provider=EMAIL_SIMULATOR; channel=EMAIL; purpose=LOGIN_OTP; template=Login OTP Email; otpPreview=916822; remarks=Login OTP issued after credential validation','LOGIN_OTP',4,'AUTH','VERIFIED','2026-05-16 01:30:09.529278','10b818667a4d646c5df1618e28e2307ce5b113f9af2a2bb1467492e23a9d411d','OTP','2026-05-16 01:30:09.586272','2026-05-16 01:30:09.563275',NULL,4),(142,1,'EMAIL','ops.officer01@sbms.local','2026-05-16 01:30:09.621273','2026-05-16 01:35:09.621273',5,'provider=EMAIL_SIMULATOR; channel=EMAIL; purpose=PASSWORD_RESET; template=Password Reset Email; otpPreview=204373; remarks=Password reset token issued','PASSWORD_RESET',5,'USER','VERIFIED','2026-05-16 01:30:09.621273','060e30b96cd345c0c09d5965808634c0dc08068fef9363f587d79e98bad34311','PASSWORD_RESET','2026-05-16 01:30:09.850273','2026-05-16 01:30:09.816276',NULL,5),(143,1,'EMAIL','ops.officer01@sbms.local','2026-05-16 01:30:10.084272','2026-05-16 01:35:10.084272',5,'provider=EMAIL_SIMULATOR; channel=EMAIL; purpose=LOGIN_OTP; template=Login OTP Email; otpPreview=388360; remarks=Login OTP issued after credential validation','LOGIN_OTP',5,'AUTH','VERIFIED','2026-05-16 01:30:10.084272','82f103793a817b93bdaf4f399a91d983a989a4d2877c474aa7a2bd835149a368','OTP','2026-05-16 01:30:10.128270','2026-05-16 01:30:10.116276',NULL,5),(144,1,'EMAIL','investment.officer01@sbms.local','2026-05-16 01:30:10.170283','2026-05-16 01:35:10.170283',5,'provider=EMAIL_SIMULATOR; channel=EMAIL; purpose=PASSWORD_RESET; template=Password Reset Email; otpPreview=297518; remarks=Password reset token issued','PASSWORD_RESET',7,'USER','VERIFIED','2026-05-16 01:30:10.170283','cc7cfa67d0357d9a3c133f3fdb686c99ec95fff353c2cf91f19fffa696f01298','PASSWORD_RESET','2026-05-16 01:30:10.431279','2026-05-16 01:30:10.409273',NULL,7),(145,1,'EMAIL','investment.officer01@sbms.local','2026-05-16 01:30:10.635276','2026-05-16 01:35:10.635276',5,'provider=EMAIL_SIMULATOR; channel=EMAIL; purpose=LOGIN_OTP; template=Login OTP Email; otpPreview=939542; remarks=Login OTP issued after credential validation','LOGIN_OTP',7,'AUTH','VERIFIED','2026-05-16 01:30:10.635276','90b8f8dd6f009cabbdbdca7ec78e226d7298548a78f5f1b26dba3d4b5c5939cb','OTP','2026-05-16 01:30:10.671276','2026-05-16 01:30:10.661272',NULL,7),(146,1,'EMAIL','shariah.board01@sbms.local','2026-05-16 01:30:10.699271','2026-05-16 01:35:10.699271',5,'provider=EMAIL_SIMULATOR; channel=EMAIL; purpose=PASSWORD_RESET; template=Password Reset Email; otpPreview=817261; remarks=Password reset token issued','PASSWORD_RESET',8,'USER','VERIFIED','2026-05-16 01:30:10.699271','9a9083ae12470922f48c60c761424d1520ab21ceae35a606454f05c7ec0d588f','PASSWORD_RESET','2026-05-16 01:30:10.898275','2026-05-16 01:30:10.866275',NULL,8),(147,1,'EMAIL','shariah.board01@sbms.local','2026-05-16 01:30:11.126277','2026-05-16 01:35:11.118272',5,'provider=EMAIL_SIMULATOR; channel=EMAIL; purpose=LOGIN_OTP; template=Login OTP Email; otpPreview=597500; remarks=Login OTP issued after credential validation','LOGIN_OTP',8,'AUTH','VERIFIED','2026-05-16 01:30:11.118272','bb988a36ad5c232e14ae955132278cd637ea57ea27def8277d50ed169e288496','OTP','2026-05-16 01:30:11.190286','2026-05-16 01:30:11.176282',NULL,8),(148,1,'EMAIL','customer.seed01@sbms.local','2026-05-16 01:30:11.231275','2026-05-16 01:35:11.231275',5,'provider=EMAIL_SIMULATOR; channel=EMAIL; purpose=PASSWORD_RESET; template=Password Reset Email; otpPreview=477919; remarks=Password reset token issued','PASSWORD_RESET',6,'USER','VERIFIED','2026-05-16 01:30:11.231275','c6f831c102ad37f7507e597cbf8b22579bddc49e01bc09bbf1d619b30c8d4d40','PASSWORD_RESET','2026-05-16 01:30:11.598274','2026-05-16 01:30:11.549274',NULL,6),(149,1,'EMAIL','customer.seed01@sbms.local','2026-05-16 01:30:11.812275','2026-05-16 01:35:11.812275',5,'provider=EMAIL_SIMULATOR; channel=EMAIL; purpose=LOGIN_OTP; template=Login OTP Email; otpPreview=314412; remarks=Login OTP issued after credential validation','LOGIN_OTP',6,'AUTH','VERIFIED','2026-05-16 01:30:11.812275','0005ac3cc89220c327d807d5c6d54d4637a7751350a1442abc60d79f0d7946e1','OTP','2026-05-16 01:30:11.849273','2026-05-16 01:30:11.843273',NULL,6),(150,1,'EMAIL','branch.staff.013012@sbms.local','2026-05-16 01:30:13.662273','2026-05-16 01:35:13.662273',5,'provider=EMAIL_SIMULATOR; channel=EMAIL; purpose=LOGIN_OTP; template=Login OTP Email; otpPreview=970502; remarks=Login OTP issued after credential validation','LOGIN_OTP',45,'AUTH','VERIFIED','2026-05-16 01:30:13.662273','d5acc2e2e7893fb9c210f090f876d9cc8b894525118071b806d72a8f2240aa17','OTP','2026-05-16 01:30:13.703272','2026-05-16 01:30:13.693273',NULL,45),(151,1,'EMAIL','teller.013012@sbms.local','2026-05-16 01:30:13.853271','2026-05-16 01:35:13.853271',5,'provider=EMAIL_SIMULATOR; channel=EMAIL; purpose=LOGIN_OTP; template=Login OTP Email; otpPreview=324704; remarks=Login OTP issued after credential validation','LOGIN_OTP',46,'AUTH','VERIFIED','2026-05-16 01:30:13.853271','2dac377ca570a169cf9c8fe586d5c0ce5250bc89be64c278cc5ad1faf522ccbb','OTP','2026-05-16 01:30:13.900276','2026-05-16 01:30:13.889273',NULL,46),(152,1,'EMAIL','masud.jee68@gmail.com','2026-05-16 01:30:44.500705','2026-05-16 01:35:44.500705',5,'provider=EMAIL_SIMULATOR; channel=EMAIL; purpose=PASSWORD_RESET; template=Password Reset Email; otpPreview=604127; remarks=Password reset token issued','PASSWORD_RESET',3,'USER','VERIFIED','2026-05-16 01:30:44.500705','060741ab77ef33a9578515b34cca453ffd6b72a25c0a223736a2672155950b0a','PASSWORD_RESET','2026-05-16 01:30:44.835703','2026-05-16 01:30:44.757700',NULL,3),(153,1,'EMAIL','masud.jee68@gmail.com','2026-05-16 01:30:45.033706','2026-05-16 01:35:45.033706',5,'provider=EMAIL_SIMULATOR; channel=EMAIL; purpose=LOGIN_OTP; template=Login OTP Email; otpPreview=820336; remarks=Login OTP issued after credential validation','LOGIN_OTP',3,'AUTH','VERIFIED','2026-05-16 01:30:45.033706','012d47d729759e71c920528d04f7c684987d2961893940718f2627c2c58d535d','OTP','2026-05-16 01:30:45.089703','2026-05-16 01:30:45.068706',NULL,3),(154,1,'EMAIL','branch.manager01@sbms.local','2026-05-16 01:30:45.176709','2026-05-16 01:35:45.176709',5,'provider=EMAIL_SIMULATOR; channel=EMAIL; purpose=PASSWORD_RESET; template=Password Reset Email; otpPreview=122249; remarks=Password reset token issued','PASSWORD_RESET',4,'USER','VERIFIED','2026-05-16 01:30:45.176709','2233cb6b2849f3777e10968f660542de174198e261fe8c3e9519c9e593cebefb','PASSWORD_RESET','2026-05-16 01:30:45.477702','2026-05-16 01:30:45.406705',NULL,4),(155,1,'EMAIL','branch.manager01@sbms.local','2026-05-16 01:30:45.662705','2026-05-16 01:35:45.662705',5,'provider=EMAIL_SIMULATOR; channel=EMAIL; purpose=LOGIN_OTP; template=Login OTP Email; otpPreview=254724; remarks=Login OTP issued after credential validation','LOGIN_OTP',4,'AUTH','VERIFIED','2026-05-16 01:30:45.662705','5568821708810b8a88336962bbfd7f450e12e95207c4600bc6f4ce7e92cdf0ba','OTP','2026-05-16 01:30:45.700700','2026-05-16 01:30:45.689702',NULL,4),(156,1,'EMAIL','ops.officer01@sbms.local','2026-05-16 01:30:45.736704','2026-05-16 01:35:45.736704',5,'provider=EMAIL_SIMULATOR; channel=EMAIL; purpose=PASSWORD_RESET; template=Password Reset Email; otpPreview=604993; remarks=Password reset token issued','PASSWORD_RESET',5,'USER','VERIFIED','2026-05-16 01:30:45.736704','d44bf06ea4298622ccc2823e8e6a93b07526977ae6994f3ae3f7dfd432a0d791','PASSWORD_RESET','2026-05-16 01:30:45.948700','2026-05-16 01:30:45.914701',NULL,5),(157,1,'EMAIL','ops.officer01@sbms.local','2026-05-16 01:30:46.140704','2026-05-16 01:35:46.140704',5,'provider=EMAIL_SIMULATOR; channel=EMAIL; purpose=LOGIN_OTP; template=Login OTP Email; otpPreview=363834; remarks=Login OTP issued after credential validation','LOGIN_OTP',5,'AUTH','VERIFIED','2026-05-16 01:30:46.140704','ff4370afd49cda04e2dd604e2b93c775d952c810945d70639b7225d3220dc8b9','OTP','2026-05-16 01:30:46.187707','2026-05-16 01:30:46.169704',NULL,5),(158,1,'EMAIL','investment.officer01@sbms.local','2026-05-16 01:30:46.258709','2026-05-16 01:35:46.258709',5,'provider=EMAIL_SIMULATOR; channel=EMAIL; purpose=PASSWORD_RESET; template=Password Reset Email; otpPreview=278572; remarks=Password reset token issued','PASSWORD_RESET',7,'USER','VERIFIED','2026-05-16 01:30:46.258709','009e0fafa39f3c757f1d2c6a5123508940a33516fe73b736020f9e2ebb726d27','PASSWORD_RESET','2026-05-16 01:30:46.549703','2026-05-16 01:30:46.524704',NULL,7),(159,1,'EMAIL','investment.officer01@sbms.local','2026-05-16 01:30:46.749705','2026-05-16 01:35:46.749705',5,'provider=EMAIL_SIMULATOR; channel=EMAIL; purpose=LOGIN_OTP; template=Login OTP Email; otpPreview=381213; remarks=Login OTP issued after credential validation','LOGIN_OTP',7,'AUTH','VERIFIED','2026-05-16 01:30:46.749705','ea2d792b643c6af0fe088a159e75b39056df86ca2c4691573d6eb8a6ee35ee2e','OTP','2026-05-16 01:30:46.784700','2026-05-16 01:30:46.771705',NULL,7),(160,1,'EMAIL','shariah.board01@sbms.local','2026-05-16 01:30:46.816707','2026-05-16 01:35:46.815702',5,'provider=EMAIL_SIMULATOR; channel=EMAIL; purpose=PASSWORD_RESET; template=Password Reset Email; otpPreview=644057; remarks=Password reset token issued','PASSWORD_RESET',8,'USER','VERIFIED','2026-05-16 01:30:46.815702','3258200b65d9c8405aa9ba1851177eb92e6976f45d318a1c259a8fc5da7c4d50','PASSWORD_RESET','2026-05-16 01:30:47.054703','2026-05-16 01:30:47.008699',NULL,8),(161,1,'EMAIL','shariah.board01@sbms.local','2026-05-16 01:30:47.268702','2026-05-16 01:35:47.268702',5,'provider=EMAIL_SIMULATOR; channel=EMAIL; purpose=LOGIN_OTP; template=Login OTP Email; otpPreview=545227; remarks=Login OTP issued after credential validation','LOGIN_OTP',8,'AUTH','VERIFIED','2026-05-16 01:30:47.268702','c994aa3801f1d861308fb65ff23c6f5a5fd04a967138a5b2ab0f82dfd68aff7a','OTP','2026-05-16 01:30:47.315713','2026-05-16 01:30:47.303705',NULL,8),(162,1,'EMAIL','customer.seed01@sbms.local','2026-05-16 01:30:47.354706','2026-05-16 01:35:47.354706',5,'provider=EMAIL_SIMULATOR; channel=EMAIL; purpose=PASSWORD_RESET; template=Password Reset Email; otpPreview=346056; remarks=Password reset token issued','PASSWORD_RESET',6,'USER','VERIFIED','2026-05-16 01:30:47.354706','ef495410014f56d228c71f23bd1fe9159ad5ebdf0316737803f126aa574f288a','PASSWORD_RESET','2026-05-16 01:30:47.784702','2026-05-16 01:30:47.723703',NULL,6),(163,1,'EMAIL','customer.seed01@sbms.local','2026-05-16 01:30:48.036706','2026-05-16 01:35:48.036706',5,'provider=EMAIL_SIMULATOR; channel=EMAIL; purpose=LOGIN_OTP; template=Login OTP Email; otpPreview=289283; remarks=Login OTP issued after credential validation','LOGIN_OTP',6,'AUTH','VERIFIED','2026-05-16 01:30:48.036706','39d34923a4eb3f51b409522b7091671f763cd509b31980c9d8964c466b5efd58','OTP','2026-05-16 01:30:48.094705','2026-05-16 01:30:48.086705',NULL,6),(164,1,'EMAIL','branch.staff.013048@sbms.local','2026-05-16 01:30:50.252703','2026-05-16 01:35:50.252703',5,'provider=EMAIL_SIMULATOR; channel=EMAIL; purpose=LOGIN_OTP; template=Login OTP Email; otpPreview=909098; remarks=Login OTP issued after credential validation','LOGIN_OTP',47,'AUTH','VERIFIED','2026-05-16 01:30:50.252703','59219cb6a8eafedf3ffc7ae9c39359e9e14b73bbf77d4e67ebd15328b18a0afb','OTP','2026-05-16 01:30:50.291705','2026-05-16 01:30:50.280702',NULL,47),(165,1,'EMAIL','teller.013048@sbms.local','2026-05-16 01:30:50.443702','2026-05-16 01:35:50.443702',5,'provider=EMAIL_SIMULATOR; channel=EMAIL; purpose=LOGIN_OTP; template=Login OTP Email; otpPreview=456815; remarks=Login OTP issued after credential validation','LOGIN_OTP',48,'AUTH','VERIFIED','2026-05-16 01:30:50.443702','28a8876191f5ee96042543afd52c2b7ffba4b150af081a5c11dc078327187a97','OTP','2026-05-16 01:30:50.488702','2026-05-16 01:30:50.479705',NULL,48),(166,1,'EMAIL','masud.jee68@gmail.com','2026-05-16 01:31:18.028339','2026-05-16 01:36:18.028339',5,'provider=EMAIL_SIMULATOR; channel=EMAIL; purpose=PASSWORD_RESET; template=Password Reset Email; otpPreview=656586; remarks=Password reset token issued','PASSWORD_RESET',3,'USER','VERIFIED','2026-05-16 01:31:18.028339','21a989ba639825e496abdf4f27a62ee5aca641dbd4e3f8b2b21d8b93df755015','PASSWORD_RESET','2026-05-16 01:31:18.342346','2026-05-16 01:31:18.283340',NULL,3),(167,1,'EMAIL','masud.jee68@gmail.com','2026-05-16 01:31:18.712342','2026-05-16 01:36:18.712342',5,'provider=EMAIL_SIMULATOR; channel=EMAIL; purpose=LOGIN_OTP; template=Login OTP Email; otpPreview=985256; remarks=Login OTP issued after credential validation','LOGIN_OTP',3,'AUTH','VERIFIED','2026-05-16 01:31:18.711343','e6e35dfbc0c4d95d598022fb29b357ccbf153d5c958a1aac92c08cfc75ba0beb','OTP','2026-05-16 01:31:18.761336','2026-05-16 01:31:18.745342',NULL,3),(168,1,'EMAIL','branch.manager01@sbms.local','2026-05-16 01:31:18.891338','2026-05-16 01:36:18.891338',5,'provider=EMAIL_SIMULATOR; channel=EMAIL; purpose=PASSWORD_RESET; template=Password Reset Email; otpPreview=472087; remarks=Password reset token issued','PASSWORD_RESET',4,'USER','VERIFIED','2026-05-16 01:31:18.891338','e8123bc19a611e7483039d7b92ec3dba4cf4ca64f721d310c817a708140ea9c8','PASSWORD_RESET','2026-05-16 01:31:19.172342','2026-05-16 01:31:19.141338',NULL,4),(169,1,'EMAIL','branch.manager01@sbms.local','2026-05-16 01:31:19.351338','2026-05-16 01:36:19.351338',5,'provider=EMAIL_SIMULATOR; channel=EMAIL; purpose=LOGIN_OTP; template=Login OTP Email; otpPreview=781120; remarks=Login OTP issued after credential validation','LOGIN_OTP',4,'AUTH','VERIFIED','2026-05-16 01:31:19.351338','21466b1714192d6608b921567f3ea0dcf1956d36a029023c0edf6d3c9bb63c72','OTP','2026-05-16 01:31:19.401343','2026-05-16 01:31:19.385342',NULL,4),(170,1,'EMAIL','ops.officer01@sbms.local','2026-05-16 01:31:19.450340','2026-05-16 01:36:19.450340',5,'provider=EMAIL_SIMULATOR; channel=EMAIL; purpose=PASSWORD_RESET; template=Password Reset Email; otpPreview=436920; remarks=Password reset token issued','PASSWORD_RESET',5,'USER','VERIFIED','2026-05-16 01:31:19.450340','7463c745f2d39c1822575f52a6daa3a3119ab09ff96af2f19001705bf83761c2','PASSWORD_RESET','2026-05-16 01:31:19.700339','2026-05-16 01:31:19.647338',NULL,5),(171,1,'EMAIL','ops.officer01@sbms.local','2026-05-16 01:31:19.889344','2026-05-16 01:36:19.889344',5,'provider=EMAIL_SIMULATOR; channel=EMAIL; purpose=LOGIN_OTP; template=Login OTP Email; otpPreview=545358; remarks=Login OTP issued after credential validation','LOGIN_OTP',5,'AUTH','VERIFIED','2026-05-16 01:31:19.889344','a3e232bb8fbb1e9a7c540139236aaa8c48e949c25486d58299f50edeec1c8d74','OTP','2026-05-16 01:31:19.927340','2026-05-16 01:31:19.916339',NULL,5),(172,1,'EMAIL','investment.officer01@sbms.local','2026-05-16 01:31:19.980340','2026-05-16 01:36:19.980340',5,'provider=EMAIL_SIMULATOR; channel=EMAIL; purpose=PASSWORD_RESET; template=Password Reset Email; otpPreview=516800; remarks=Password reset token issued','PASSWORD_RESET',7,'USER','VERIFIED','2026-05-16 01:31:19.980340','cfa0484cafca1168e7f5d0c48d27f89cca3f183b7372c44893cd837a6cccb4c0','PASSWORD_RESET','2026-05-16 01:31:20.177341','2026-05-16 01:31:20.145338',NULL,7),(173,1,'EMAIL','investment.officer01@sbms.local','2026-05-16 01:31:20.418339','2026-05-16 01:36:20.418339',5,'provider=EMAIL_SIMULATOR; channel=EMAIL; purpose=LOGIN_OTP; template=Login OTP Email; otpPreview=193376; remarks=Login OTP issued after credential validation','LOGIN_OTP',7,'AUTH','VERIFIED','2026-05-16 01:31:20.418339','d09a5b858b50f56d8ebba87b89443ca3b55e4143ee9ac1fcec78bee82b619fd7','OTP','2026-05-16 01:31:20.457337','2026-05-16 01:31:20.445338',NULL,7),(174,1,'EMAIL','shariah.board01@sbms.local','2026-05-16 01:31:20.496339','2026-05-16 01:36:20.496339',5,'provider=EMAIL_SIMULATOR; channel=EMAIL; purpose=PASSWORD_RESET; template=Password Reset Email; otpPreview=118012; remarks=Password reset token issued','PASSWORD_RESET',8,'USER','VERIFIED','2026-05-16 01:31:20.496339','ee0ec19551749b7487a9b78bcd3c9fb94a40fafa10b1bb212cfa1156747beeb0','PASSWORD_RESET','2026-05-16 01:31:20.794344','2026-05-16 01:31:20.761340',NULL,8),(175,1,'EMAIL','shariah.board01@sbms.local','2026-05-16 01:31:21.016338','2026-05-16 01:36:21.016338',5,'provider=EMAIL_SIMULATOR; channel=EMAIL; purpose=LOGIN_OTP; template=Login OTP Email; otpPreview=195865; remarks=Login OTP issued after credential validation','LOGIN_OTP',8,'AUTH','VERIFIED','2026-05-16 01:31:21.016338','064013ec935ab714603e7f12fd4815fcc63e74a10970ea4d158dbd1f710b169e','OTP','2026-05-16 01:31:21.060342','2026-05-16 01:31:21.048341',NULL,8),(176,1,'EMAIL','customer.seed01@sbms.local','2026-05-16 01:31:21.103341','2026-05-16 01:36:21.103341',5,'provider=EMAIL_SIMULATOR; channel=EMAIL; purpose=PASSWORD_RESET; template=Password Reset Email; otpPreview=216086; remarks=Password reset token issued','PASSWORD_RESET',6,'USER','VERIFIED','2026-05-16 01:31:21.103341','06cc08684df28bfddf337aa57de4c8cb2f654774c9f308db33980be57ba989c9','PASSWORD_RESET','2026-05-16 01:31:21.321340','2026-05-16 01:31:21.294337',NULL,6),(177,1,'EMAIL','customer.seed01@sbms.local','2026-05-16 01:31:21.595342','2026-05-16 01:36:21.595342',5,'provider=EMAIL_SIMULATOR; channel=EMAIL; purpose=LOGIN_OTP; template=Login OTP Email; otpPreview=394208; remarks=Login OTP issued after credential validation','LOGIN_OTP',6,'AUTH','VERIFIED','2026-05-16 01:31:21.595342','03b2e0deecbd6f899bcbb2c23aad9d8d2145cce586f2a22ab26713124b58e87c','OTP','2026-05-16 01:31:21.634339','2026-05-16 01:31:21.628339',NULL,6),(178,1,'EMAIL','branch.staff.013122@sbms.local','2026-05-16 01:31:24.615344','2026-05-16 01:36:24.615344',5,'provider=EMAIL_SIMULATOR; channel=EMAIL; purpose=LOGIN_OTP; template=Login OTP Email; otpPreview=192649; remarks=Login OTP issued after credential validation','LOGIN_OTP',49,'AUTH','VERIFIED','2026-05-16 01:31:24.615344','aef7abe4e4a73298774f6137d1447654bcc5f9f0d37e740f5e850719dc1b93af','OTP','2026-05-16 01:31:24.664337','2026-05-16 01:31:24.654339',NULL,49),(179,1,'EMAIL','teller.013122@sbms.local','2026-05-16 01:31:24.844340','2026-05-16 01:36:24.844340',5,'provider=EMAIL_SIMULATOR; channel=EMAIL; purpose=LOGIN_OTP; template=Login OTP Email; otpPreview=539200; remarks=Login OTP issued after credential validation','LOGIN_OTP',50,'AUTH','VERIFIED','2026-05-16 01:31:24.844340','5e821b892aef280362cd6982fe4d8d74da73055fb22b0799a9b5edbb31205c21','OTP','2026-05-16 01:31:24.887345','2026-05-16 01:31:24.877341',NULL,50),(180,1,'EMAIL','masud.jee68@gmail.com','2026-05-16 01:32:40.068650','2026-05-16 01:37:40.068650',5,'provider=EMAIL_SIMULATOR; channel=EMAIL; purpose=PASSWORD_RESET; template=Password Reset Email; otpPreview=807854; remarks=Password reset token issued','PASSWORD_RESET',3,'USER','VERIFIED','2026-05-16 01:32:40.068650','81d58cd5f23499f5de6cff973e629a5735f1a03921e1e7bce7b302bd03af15c0','PASSWORD_RESET','2026-05-16 01:32:40.327760','2026-05-16 01:32:40.303759',NULL,3),(181,1,'EMAIL','masud.jee68@gmail.com','2026-05-16 01:32:40.511756','2026-05-16 01:37:40.511756',5,'provider=EMAIL_SIMULATOR; channel=EMAIL; purpose=LOGIN_OTP; template=Login OTP Email; otpPreview=527046; remarks=Login OTP issued after credential validation','LOGIN_OTP',3,'AUTH','VERIFIED','2026-05-16 01:32:40.511756','c472ce9ec9dc7a468bf78de566e8d203b8c85d7341a7cb2962222af2b4671b45','OTP','2026-05-16 01:32:40.558760','2026-05-16 01:32:40.543760',NULL,3),(182,1,'EMAIL','branch.manager01@sbms.local','2026-05-16 01:32:40.672756','2026-05-16 01:37:40.672756',5,'provider=EMAIL_SIMULATOR; channel=EMAIL; purpose=PASSWORD_RESET; template=Password Reset Email; otpPreview=303299; remarks=Password reset token issued','PASSWORD_RESET',4,'USER','VERIFIED','2026-05-16 01:32:40.672756','52161e81b27e6f213e4515f7cc190235aa278b438a57d88578ae295acdc5032d','PASSWORD_RESET','2026-05-16 01:32:40.906760','2026-05-16 01:32:40.887757',NULL,4),(183,1,'EMAIL','branch.manager01@sbms.local','2026-05-16 01:32:41.105762','2026-05-16 01:37:41.105762',5,'provider=EMAIL_SIMULATOR; channel=EMAIL; purpose=LOGIN_OTP; template=Login OTP Email; otpPreview=727238; remarks=Login OTP issued after credential validation','LOGIN_OTP',4,'AUTH','VERIFIED','2026-05-16 01:32:41.105762','a80a6f8403bdf1144c272c74585941e5e9cd80984afebad782648a42c640f09d','OTP','2026-05-16 01:32:41.142760','2026-05-16 01:32:41.131757',NULL,4),(184,1,'EMAIL','ops.officer01@sbms.local','2026-05-16 01:32:41.172759','2026-05-16 01:37:41.172759',5,'provider=EMAIL_SIMULATOR; channel=EMAIL; purpose=PASSWORD_RESET; template=Password Reset Email; otpPreview=537675; remarks=Password reset token issued','PASSWORD_RESET',5,'USER','VERIFIED','2026-05-16 01:32:41.172759','ec77f79f0850718ad3132861ce25e2f1142162c849020fd9412bd1d9ed00d247','PASSWORD_RESET','2026-05-16 01:32:41.378757','2026-05-16 01:32:41.353759',NULL,5),(185,1,'EMAIL','ops.officer01@sbms.local','2026-05-16 01:32:41.563759','2026-05-16 01:37:41.563759',5,'provider=EMAIL_SIMULATOR; channel=EMAIL; purpose=LOGIN_OTP; template=Login OTP Email; otpPreview=609369; remarks=Login OTP issued after credential validation','LOGIN_OTP',5,'AUTH','VERIFIED','2026-05-16 01:32:41.563759','3c113825ed6e08bdead1bbf59575e54749711dedd9fa28068886c391f1d3cb3e','OTP','2026-05-16 01:32:41.611761','2026-05-16 01:32:41.591758',NULL,5),(186,1,'EMAIL','investment.officer01@sbms.local','2026-05-16 01:32:41.641758','2026-05-16 01:37:41.641758',5,'provider=EMAIL_SIMULATOR; channel=EMAIL; purpose=PASSWORD_RESET; template=Password Reset Email; otpPreview=243803; remarks=Password reset token issued','PASSWORD_RESET',7,'USER','VERIFIED','2026-05-16 01:32:41.641758','7ccc36dd417dc5fd3b4593e6eee3daf527df182591fa18a0dcfd0491ee939ab7','PASSWORD_RESET','2026-05-16 01:32:42.213762','2026-05-16 01:32:42.179754',NULL,7),(187,1,'EMAIL','investment.officer01@sbms.local','2026-05-16 01:32:42.508761','2026-05-16 01:37:42.508761',5,'provider=EMAIL_SIMULATOR; channel=EMAIL; purpose=LOGIN_OTP; template=Login OTP Email; otpPreview=700505; remarks=Login OTP issued after credential validation','LOGIN_OTP',7,'AUTH','VERIFIED','2026-05-16 01:32:42.508761','46f05178ac657d5cb882bc7fea7ba8532324e126324fb92aa0cd660325e1e72f','OTP','2026-05-16 01:32:42.557761','2026-05-16 01:32:42.544761',NULL,7),(188,1,'EMAIL','shariah.board01@sbms.local','2026-05-16 01:32:42.611757','2026-05-16 01:37:42.611757',5,'provider=EMAIL_SIMULATOR; channel=EMAIL; purpose=PASSWORD_RESET; template=Password Reset Email; otpPreview=223991; remarks=Password reset token issued','PASSWORD_RESET',8,'USER','VERIFIED','2026-05-16 01:32:42.611757','685d497202de0b65cf5d8ec93899d7dc80dad3c3c7930c973be0a4b484708f79','PASSWORD_RESET','2026-05-16 01:32:42.877756','2026-05-16 01:32:42.846758',NULL,8),(189,1,'EMAIL','shariah.board01@sbms.local','2026-05-16 01:32:43.078757','2026-05-16 01:37:43.078757',5,'provider=EMAIL_SIMULATOR; channel=EMAIL; purpose=LOGIN_OTP; template=Login OTP Email; otpPreview=789423; remarks=Login OTP issued after credential validation','LOGIN_OTP',8,'AUTH','VERIFIED','2026-05-16 01:32:43.078757','d33dc84ae8fbe6eabb9cefc56b0b2227d9dd3be806d26ea014f6c17fb90f01f6','OTP','2026-05-16 01:32:43.123779','2026-05-16 01:32:43.108763',NULL,8),(190,1,'EMAIL','customer.seed01@sbms.local','2026-05-16 01:32:43.174765','2026-05-16 01:37:43.173762',5,'provider=EMAIL_SIMULATOR; channel=EMAIL; purpose=PASSWORD_RESET; template=Password Reset Email; otpPreview=376486; remarks=Password reset token issued','PASSWORD_RESET',6,'USER','VERIFIED','2026-05-16 01:32:43.173762','2c3756772faa9d8320e8dabab85e58915595878c1623a2d1115e17df6f4e04a2','PASSWORD_RESET','2026-05-16 01:32:43.415763','2026-05-16 01:32:43.376760',NULL,6),(191,1,'EMAIL','customer.seed01@sbms.local','2026-05-16 01:32:43.776760','2026-05-16 01:37:43.776760',5,'provider=EMAIL_SIMULATOR; channel=EMAIL; purpose=LOGIN_OTP; template=Login OTP Email; otpPreview=780173; remarks=Login OTP issued after credential validation','LOGIN_OTP',6,'AUTH','VERIFIED','2026-05-16 01:32:43.776760','c6d0a1c4099084257cd64836566f3f88f07e2a1fe6860da14c699140a9466768','OTP','2026-05-16 01:32:43.829761','2026-05-16 01:32:43.822758',NULL,6),(192,1,'EMAIL','branch.staff.013244@sbms.local','2026-05-16 01:32:45.375760','2026-05-16 01:37:45.375760',5,'provider=EMAIL_SIMULATOR; channel=EMAIL; purpose=LOGIN_OTP; template=Login OTP Email; otpPreview=482777; remarks=Login OTP issued after credential validation','LOGIN_OTP',51,'AUTH','VERIFIED','2026-05-16 01:32:45.375760','ef4beab9612fc571243b314c7bb3652ac06e00811e32ba26b8aa3b1151fba646','OTP','2026-05-16 01:32:45.422762','2026-05-16 01:32:45.408759',NULL,51),(193,1,'EMAIL','teller.013244@sbms.local','2026-05-16 01:32:45.565755','2026-05-16 01:37:45.565755',5,'provider=EMAIL_SIMULATOR; channel=EMAIL; purpose=LOGIN_OTP; template=Login OTP Email; otpPreview=551145; remarks=Login OTP issued after credential validation','LOGIN_OTP',52,'AUTH','VERIFIED','2026-05-16 01:32:45.565755','bae49b54e573a403aa594ddc71f81b3c48035b4bed34bab74dab27508192e059','OTP','2026-05-16 01:32:45.607642','2026-05-16 01:32:45.596636',NULL,52),(194,1,'EMAIL','masud.jee68@gmail.com','2026-05-16 01:36:25.463739','2026-05-16 01:41:25.462740',5,'provider=EMAIL_SIMULATOR; channel=EMAIL; purpose=PASSWORD_RESET; template=Password Reset Email; otpPreview=932252; remarks=Password reset token issued','PASSWORD_RESET',3,'USER','VERIFIED','2026-05-16 01:36:25.462740','52248207f73b07964548014cd978d7b2c1288659c5c2140969c0ace91419bfda','PASSWORD_RESET','2026-05-16 01:36:25.923742','2026-05-16 01:36:25.875742',NULL,3),(195,1,'EMAIL','masud.jee68@gmail.com','2026-05-16 01:36:26.174742','2026-05-16 01:41:26.174742',5,'provider=EMAIL_SIMULATOR; channel=EMAIL; purpose=LOGIN_OTP; template=Login OTP Email; otpPreview=864994; remarks=Login OTP issued after credential validation','LOGIN_OTP',3,'AUTH','VERIFIED','2026-05-16 01:36:26.174742','2927d3e951fe86ea417e61795ecf2aafb8002abc9d522b0b8a045f8a08d85740','OTP','2026-05-16 01:36:26.263736','2026-05-16 01:36:26.240739',NULL,3),(196,1,'EMAIL','branch.manager01@sbms.local','2026-05-16 01:36:26.380738','2026-05-16 01:41:26.379744',5,'provider=EMAIL_SIMULATOR; channel=EMAIL; purpose=PASSWORD_RESET; template=Password Reset Email; otpPreview=432450; remarks=Password reset token issued','PASSWORD_RESET',4,'USER','VERIFIED','2026-05-16 01:36:26.379744','978209bb0c14b696ef143cedeab42010ea4ec5d711c5baae9d211d5e291effe5','PASSWORD_RESET','2026-05-16 01:36:26.657742','2026-05-16 01:36:26.627737',NULL,4),(197,1,'EMAIL','branch.manager01@sbms.local','2026-05-16 01:36:26.887740','2026-05-16 01:41:26.887740',5,'provider=EMAIL_SIMULATOR; channel=EMAIL; purpose=LOGIN_OTP; template=Login OTP Email; otpPreview=283536; remarks=Login OTP issued after credential validation','LOGIN_OTP',4,'AUTH','VERIFIED','2026-05-16 01:36:26.887740','ae0d0f770fdd70d3a5e5474cf021186ed51b875a50bcda158994c05f558a52c0','OTP','2026-05-16 01:36:26.922739','2026-05-16 01:36:26.912738',NULL,4),(198,1,'EMAIL','ops.officer01@sbms.local','2026-05-16 01:36:26.960738','2026-05-16 01:41:26.960738',5,'provider=EMAIL_SIMULATOR; channel=EMAIL; purpose=PASSWORD_RESET; template=Password Reset Email; otpPreview=610135; remarks=Password reset token issued','PASSWORD_RESET',5,'USER','VERIFIED','2026-05-16 01:36:26.960738','6f0fa397619c06701d66186ec636a4f01ff3a68398c26892d8298fa868db5cdd','PASSWORD_RESET','2026-05-16 01:36:27.155738','2026-05-16 01:36:27.136737',NULL,5),(199,1,'EMAIL','ops.officer01@sbms.local','2026-05-16 01:36:27.315739','2026-05-16 01:41:27.315739',5,'provider=EMAIL_SIMULATOR; channel=EMAIL; purpose=LOGIN_OTP; template=Login OTP Email; otpPreview=385696; remarks=Login OTP issued after credential validation','LOGIN_OTP',5,'AUTH','VERIFIED','2026-05-16 01:36:27.315739','a8db3d7dff428a9c2379264308c2c0e53e56d3d346e71e3d667bc0f84ea21367','OTP','2026-05-16 01:36:27.356961','2026-05-16 01:36:27.344968',NULL,5),(200,1,'EMAIL','investment.officer01@sbms.local','2026-05-16 01:36:27.384966','2026-05-16 01:41:27.384966',5,'provider=EMAIL_SIMULATOR; channel=EMAIL; purpose=PASSWORD_RESET; template=Password Reset Email; otpPreview=956335; remarks=Password reset token issued','PASSWORD_RESET',7,'USER','VERIFIED','2026-05-16 01:36:27.384966','5365554c3535e0ff5adf72d0ea0cb08878acf0de6e88e752b28e4cce9e50b273','PASSWORD_RESET','2026-05-16 01:36:27.574965','2026-05-16 01:36:27.555958',NULL,7),(201,1,'EMAIL','investment.officer01@sbms.local','2026-05-16 01:36:27.741962','2026-05-16 01:41:27.741962',5,'provider=EMAIL_SIMULATOR; channel=EMAIL; purpose=LOGIN_OTP; template=Login OTP Email; otpPreview=448908; remarks=Login OTP issued after credential validation','LOGIN_OTP',7,'AUTH','VERIFIED','2026-05-16 01:36:27.741962','64bf1f615cb7327d403d53fd45f1048ff3322fd57a39c9fd57d1cfb2dd059c47','OTP','2026-05-16 01:36:27.775964','2026-05-16 01:36:27.766962',NULL,7),(202,1,'EMAIL','shariah.board01@sbms.local','2026-05-16 01:36:27.801966','2026-05-16 01:41:27.801966',5,'provider=EMAIL_SIMULATOR; channel=EMAIL; purpose=PASSWORD_RESET; template=Password Reset Email; otpPreview=462218; remarks=Password reset token issued','PASSWORD_RESET',8,'USER','VERIFIED','2026-05-16 01:36:27.801966','a58dd3c7a677c98a2d9bde287b3a7442282c945d11605f28a3a508584d31b70c','PASSWORD_RESET','2026-05-16 01:36:27.994965','2026-05-16 01:36:27.966964',NULL,8),(203,1,'EMAIL','shariah.board01@sbms.local','2026-05-16 01:36:28.194965','2026-05-16 01:41:28.194965',5,'provider=EMAIL_SIMULATOR; channel=EMAIL; purpose=LOGIN_OTP; template=Login OTP Email; otpPreview=405798; remarks=Login OTP issued after credential validation','LOGIN_OTP',8,'AUTH','VERIFIED','2026-05-16 01:36:28.194965','c0cba939b3c6d01291bf4582515cc88db2e0b037f405f399b488dd10b91cd2ef','OTP','2026-05-16 01:36:28.235963','2026-05-16 01:36:28.227966',NULL,8),(204,1,'EMAIL','customer.seed01@sbms.local','2026-05-16 01:36:28.262963','2026-05-16 01:41:28.262963',5,'provider=EMAIL_SIMULATOR; channel=EMAIL; purpose=PASSWORD_RESET; template=Password Reset Email; otpPreview=593144; remarks=Password reset token issued','PASSWORD_RESET',6,'USER','VERIFIED','2026-05-16 01:36:28.262963','2af51cfd882df4e879a842df687c1b7b79203e43d235f2a2ce13230926aceb0f','PASSWORD_RESET','2026-05-16 01:36:28.449963','2026-05-16 01:36:28.427961',NULL,6),(205,1,'EMAIL','customer.seed01@sbms.local','2026-05-16 01:36:28.607033','2026-05-16 01:41:28.607033',5,'provider=EMAIL_SIMULATOR; channel=EMAIL; purpose=LOGIN_OTP; template=Login OTP Email; otpPreview=583529; remarks=Login OTP issued after credential validation','LOGIN_OTP',6,'AUTH','VERIFIED','2026-05-16 01:36:28.607033','6cdbfe4291f3d3c32a49d1a66a2f8772b1a1421b570842ce8dcd59cde2b588b3','OTP','2026-05-16 01:36:28.638033','2026-05-16 01:36:28.629029',NULL,6),(206,1,'EMAIL','branch.staff.013629@sbms.local','2026-05-16 01:36:30.130058','2026-05-16 01:41:30.130058',5,'provider=EMAIL_SIMULATOR; channel=EMAIL; purpose=LOGIN_OTP; template=Login OTP Email; otpPreview=143277; remarks=Login OTP issued after credential validation','LOGIN_OTP',53,'AUTH','VERIFIED','2026-05-16 01:36:30.130058','56c1a5a3713cc079ac0bb52436dae8680508c38f75cf80594415c7bd0e136e98','OTP','2026-05-16 01:36:30.188067','2026-05-16 01:36:30.173059',NULL,53),(207,1,'EMAIL','teller.013629@sbms.local','2026-05-16 01:36:30.386074','2026-05-16 01:41:30.386074',5,'provider=EMAIL_SIMULATOR; channel=EMAIL; purpose=LOGIN_OTP; template=Login OTP Email; otpPreview=672782; remarks=Login OTP issued after credential validation','LOGIN_OTP',54,'AUTH','VERIFIED','2026-05-16 01:36:30.386074','bb782861b4035fe5cf0fa95974048991600e632d2e7a84ee20af048329fb7bb6','OTP','2026-05-16 01:36:30.427060','2026-05-16 01:36:30.411064',NULL,54),(208,1,'EMAIL','masud.jee68@gmail.com','2026-05-16 08:07:06.173821','2026-05-16 08:12:06.172821',5,'provider=EMAIL_SIMULATOR; channel=EMAIL; purpose=PASSWORD_RESET; template=Password Reset Email; otpPreview=790557; remarks=Password reset token issued','PASSWORD_RESET',3,'USER','VERIFIED','2026-05-16 08:07:06.172821','ec100122516f3f586bd2717aa867ece1223071c4775fe61758b7ff380ebc078a','PASSWORD_RESET','2026-05-16 08:07:06.579820','2026-05-16 08:07:06.546815',NULL,3),(209,1,'EMAIL','masud.jee68@gmail.com','2026-05-16 08:07:06.858820','2026-05-16 08:12:06.858820',5,'provider=EMAIL_SIMULATOR; channel=EMAIL; purpose=LOGIN_OTP; template=Login OTP Email; otpPreview=190707; remarks=Login OTP issued after credential validation','LOGIN_OTP',3,'AUTH','VERIFIED','2026-05-16 08:07:06.858820','7a8e4adece5f24cfa67dad0ff1ce3d94b2f7eb4dd0894bda77ad688ff1ecfde3','OTP','2026-05-16 08:07:06.965820','2026-05-16 08:07:06.942828',NULL,3),(210,1,'EMAIL','branch.manager01@sbms.local','2026-05-16 08:07:07.054823','2026-05-16 08:12:07.053822',5,'provider=EMAIL_SIMULATOR; channel=EMAIL; purpose=PASSWORD_RESET; template=Password Reset Email; otpPreview=486236; remarks=Password reset token issued','PASSWORD_RESET',4,'USER','VERIFIED','2026-05-16 08:07:07.053822','81fea0c0c1a30948755472d789eeaf86d82df598b6d3affe675a114026e48035','PASSWORD_RESET','2026-05-16 08:07:07.356824','2026-05-16 08:07:07.324819',NULL,4),(211,1,'EMAIL','branch.manager01@sbms.local','2026-05-16 08:07:07.596822','2026-05-16 08:12:07.596822',5,'provider=EMAIL_SIMULATOR; channel=EMAIL; purpose=LOGIN_OTP; template=Login OTP Email; otpPreview=818971; remarks=Login OTP issued after credential validation','LOGIN_OTP',4,'AUTH','VERIFIED','2026-05-16 08:07:07.596822','f91e3159465c0319f0c75e120687bb622813f9b40c76ca957079e1a0ba8a8f46','OTP','2026-05-16 08:07:07.653823','2026-05-16 08:07:07.640819',NULL,4),(212,1,'EMAIL','ops.officer01@sbms.local','2026-05-16 08:07:07.685825','2026-05-16 08:12:07.685825',5,'provider=EMAIL_SIMULATOR; channel=EMAIL; purpose=PASSWORD_RESET; template=Password Reset Email; otpPreview=690281; remarks=Password reset token issued','PASSWORD_RESET',5,'USER','VERIFIED','2026-05-16 08:07:07.685825','4888fa86c8c04125dcfc71205dc9768e78e46877bea981d5b95c72bc906097f9','PASSWORD_RESET','2026-05-16 08:07:07.972819','2026-05-16 08:07:07.948825',NULL,5),(213,1,'EMAIL','ops.officer01@sbms.local','2026-05-16 08:07:08.220819','2026-05-16 08:12:08.220819',5,'provider=EMAIL_SIMULATOR; channel=EMAIL; purpose=LOGIN_OTP; template=Login OTP Email; otpPreview=465311; remarks=Login OTP issued after credential validation','LOGIN_OTP',5,'AUTH','VERIFIED','2026-05-16 08:07:08.220819','5e8dc734551e2426f7d6572e17b8ebe6b83236cda1cb292895e8d4118ba81641','OTP','2026-05-16 08:07:08.257823','2026-05-16 08:07:08.243819',NULL,5),(214,1,'EMAIL','investment.officer01@sbms.local','2026-05-16 08:07:08.294821','2026-05-16 08:12:08.294821',5,'provider=EMAIL_SIMULATOR; channel=EMAIL; purpose=PASSWORD_RESET; template=Password Reset Email; otpPreview=454950; remarks=Password reset token issued','PASSWORD_RESET',7,'USER','VERIFIED','2026-05-16 08:07:08.294821','f111acac5305923c8e1ab19eb52e9a2175c03e0666ce42074dcaf73721ef417a','PASSWORD_RESET','2026-05-16 08:07:08.552818','2026-05-16 08:07:08.531821',NULL,7),(215,1,'EMAIL','investment.officer01@sbms.local','2026-05-16 08:07:08.744825','2026-05-16 08:12:08.744825',5,'provider=EMAIL_SIMULATOR; channel=EMAIL; purpose=LOGIN_OTP; template=Login OTP Email; otpPreview=764696; remarks=Login OTP issued after credential validation','LOGIN_OTP',7,'AUTH','VERIFIED','2026-05-16 08:07:08.744825','c11f20ca6c0810535b4e8c2a9d63601fe45a26f23db60d8354ea33acaedf1614','OTP','2026-05-16 08:07:08.783822','2026-05-16 08:07:08.771817',NULL,7),(216,1,'EMAIL','shariah.board01@sbms.local','2026-05-16 08:07:08.813821','2026-05-16 08:12:08.813821',5,'provider=EMAIL_SIMULATOR; channel=EMAIL; purpose=PASSWORD_RESET; template=Password Reset Email; otpPreview=741942; remarks=Password reset token issued','PASSWORD_RESET',8,'USER','VERIFIED','2026-05-16 08:07:08.813821','950159402aa7e74f743a89c64f2fff87cd7c2210acc5d8820b278b852862f282','PASSWORD_RESET','2026-05-16 08:07:09.044822','2026-05-16 08:07:09.020820',NULL,8),(217,1,'EMAIL','shariah.board01@sbms.local','2026-05-16 08:07:09.302818','2026-05-16 08:12:09.302818',5,'provider=EMAIL_SIMULATOR; channel=EMAIL; purpose=LOGIN_OTP; template=Login OTP Email; otpPreview=925925; remarks=Login OTP issued after credential validation','LOGIN_OTP',8,'AUTH','VERIFIED','2026-05-16 08:07:09.302818','add9e1a050ee41fd4180b063cd56ce5b78e105a5b2842b1f7d8113523de560f4','OTP','2026-05-16 08:07:09.341822','2026-05-16 08:07:09.329820',NULL,8),(218,1,'EMAIL','customer.seed01@sbms.local','2026-05-16 08:07:09.371822','2026-05-16 08:12:09.371822',5,'provider=EMAIL_SIMULATOR; channel=EMAIL; purpose=PASSWORD_RESET; template=Password Reset Email; otpPreview=576246; remarks=Password reset token issued','PASSWORD_RESET',6,'USER','VERIFIED','2026-05-16 08:07:09.371822','994534f71bd414ecb5af9aab3d7f0835ef3982b28643cc0cdda4846818aa3af7','PASSWORD_RESET','2026-05-16 08:07:09.595819','2026-05-16 08:07:09.572818',NULL,6),(219,1,'EMAIL','customer.seed01@sbms.local','2026-05-16 08:07:09.799825','2026-05-16 08:12:09.799825',5,'provider=EMAIL_SIMULATOR; channel=EMAIL; purpose=LOGIN_OTP; template=Login OTP Email; otpPreview=668554; remarks=Login OTP issued after credential validation','LOGIN_OTP',6,'AUTH','VERIFIED','2026-05-16 08:07:09.799825','89ed2ac394a31f49bcf681cac8e96d658522cf5a83a5047e616f1c799823baba','OTP','2026-05-16 08:07:09.838824','2026-05-16 08:07:09.832820',NULL,6),(220,1,'EMAIL','branch.staff.080710@sbms.local','2026-05-16 08:07:11.790819','2026-05-16 08:12:11.790819',5,'provider=EMAIL_SIMULATOR; channel=EMAIL; purpose=LOGIN_OTP; template=Login OTP Email; otpPreview=553623; remarks=Login OTP issued after credential validation','LOGIN_OTP',55,'AUTH','VERIFIED','2026-05-16 08:07:11.790819','c8bf9e84242d22c27d3507ba770d1096c04611f766f022643fc63f9955a705b4','OTP','2026-05-16 08:07:11.827817','2026-05-16 08:07:11.819819',NULL,55),(221,1,'EMAIL','teller.080710@sbms.local','2026-05-16 08:07:12.005821','2026-05-16 08:12:12.005821',5,'provider=EMAIL_SIMULATOR; channel=EMAIL; purpose=LOGIN_OTP; template=Login OTP Email; otpPreview=469582; remarks=Login OTP issued after credential validation','LOGIN_OTP',56,'AUTH','VERIFIED','2026-05-16 08:07:12.005821','1778763ecd4fe08449809009b722051970c8c5a9c9a4a9cae27a0ece6a62008f','OTP','2026-05-16 08:07:12.044820','2026-05-16 08:07:12.032821',NULL,56),(222,1,'EMAIL','masud.jee68@gmail.com','2026-05-16 08:09:46.932799','2026-05-16 08:14:46.932799',5,'provider=EMAIL_SIMULATOR; channel=EMAIL; purpose=PASSWORD_RESET; template=Password Reset Email; otpPreview=703655; remarks=Password reset token issued','PASSWORD_RESET',3,'USER','VERIFIED','2026-05-16 08:09:46.932799','455eb2e163bd4038aa9165bccba0eb9bdefab6cff9a3ced03cca03115f2d85ed','PASSWORD_RESET','2026-05-16 08:09:47.235611','2026-05-16 08:09:47.213624',NULL,3),(223,1,'EMAIL','masud.jee68@gmail.com','2026-05-16 08:09:47.473213','2026-05-16 08:14:47.473213',5,'provider=EMAIL_SIMULATOR; channel=EMAIL; purpose=LOGIN_OTP; template=Login OTP Email; otpPreview=988239; remarks=Login OTP issued after credential validation','LOGIN_OTP',3,'AUTH','VERIFIED','2026-05-16 08:09:47.473213','7e96b662cebb49f9c00cbb8f21c28de25625b83e52530d5e1be7c9919d9f72e0','OTP','2026-05-16 08:09:47.524210','2026-05-16 08:09:47.510212',NULL,3),(224,1,'EMAIL','branch.manager01@sbms.local','2026-05-16 08:09:47.621214','2026-05-16 08:14:47.621214',5,'provider=EMAIL_SIMULATOR; channel=EMAIL; purpose=PASSWORD_RESET; template=Password Reset Email; otpPreview=782306; remarks=Password reset token issued','PASSWORD_RESET',4,'USER','VERIFIED','2026-05-16 08:09:47.621214','a7dfce6d4e3c8263952dfa99f5ce0093627733ec76da8f6465196916a93071e9','PASSWORD_RESET','2026-05-16 08:09:47.838221','2026-05-16 08:09:47.810210',NULL,4),(225,1,'EMAIL','branch.manager01@sbms.local','2026-05-16 08:09:48.046217','2026-05-16 08:14:48.046217',5,'provider=EMAIL_SIMULATOR; channel=EMAIL; purpose=LOGIN_OTP; template=Login OTP Email; otpPreview=583674; remarks=Login OTP issued after credential validation','LOGIN_OTP',4,'AUTH','VERIFIED','2026-05-16 08:09:48.046217','974ddaee3b85236220f33347ce4b9a9b5c13eef250fedd0e3231c47497f0fa7a','OTP','2026-05-16 08:09:48.080216','2026-05-16 08:09:48.069214',NULL,4),(226,1,'EMAIL','ops.officer01@sbms.local','2026-05-16 08:09:48.106803','2026-05-16 08:14:48.106803',5,'provider=EMAIL_SIMULATOR; channel=EMAIL; purpose=PASSWORD_RESET; template=Password Reset Email; otpPreview=619925; remarks=Password reset token issued','PASSWORD_RESET',5,'USER','VERIFIED','2026-05-16 08:09:48.106803','b3c08a2b9347b95d3abf1819268fe6212e57f0209f9bc511e8f6331524ae2c4c','PASSWORD_RESET','2026-05-16 08:09:48.316793','2026-05-16 08:09:48.289789',NULL,5),(227,1,'EMAIL','ops.officer01@sbms.local','2026-05-16 08:09:48.508796','2026-05-16 08:14:48.508796',5,'provider=EMAIL_SIMULATOR; channel=EMAIL; purpose=LOGIN_OTP; template=Login OTP Email; otpPreview=682519; remarks=Login OTP issued after credential validation','LOGIN_OTP',5,'AUTH','VERIFIED','2026-05-16 08:09:48.508796','246f5bf9a357c0e562e0df8152874014177e3c0b354e81b3d3c609d38102dfcf','OTP','2026-05-16 08:09:48.587791','2026-05-16 08:09:48.574790',NULL,5),(228,1,'EMAIL','investment.officer01@sbms.local','2026-05-16 08:09:48.625793','2026-05-16 08:14:48.624792',5,'provider=EMAIL_SIMULATOR; channel=EMAIL; purpose=PASSWORD_RESET; template=Password Reset Email; otpPreview=516792; remarks=Password reset token issued','PASSWORD_RESET',7,'USER','VERIFIED','2026-05-16 08:09:48.624792','3b2da6177908ab812bfaf71cbccae6ac46caaf5579aeb571fd944c31781fd143','PASSWORD_RESET','2026-05-16 08:09:49.039792','2026-05-16 08:09:49.007793',NULL,7),(229,1,'EMAIL','investment.officer01@sbms.local','2026-05-16 08:09:49.272797','2026-05-16 08:14:49.272797',5,'provider=EMAIL_SIMULATOR; channel=EMAIL; purpose=LOGIN_OTP; template=Login OTP Email; otpPreview=606523; remarks=Login OTP issued after credential validation','LOGIN_OTP',7,'AUTH','VERIFIED','2026-05-16 08:09:49.272797','ab9506c8b00d787f7f778b81488863dc4646ee42957de3fb7417c1d26b4fa16a','OTP','2026-05-16 08:09:49.317796','2026-05-16 08:09:49.301790',NULL,7),(230,1,'EMAIL','shariah.board01@sbms.local','2026-05-16 08:09:49.354795','2026-05-16 08:14:49.354795',5,'provider=EMAIL_SIMULATOR; channel=EMAIL; purpose=PASSWORD_RESET; template=Password Reset Email; otpPreview=846049; remarks=Password reset token issued','PASSWORD_RESET',8,'USER','VERIFIED','2026-05-16 08:09:49.354795','4c5a917bc1b945006fb733786ec3d04c908c7fc094b084a5541dca19bbcb82fa','PASSWORD_RESET','2026-05-16 08:09:49.586797','2026-05-16 08:09:49.559790',NULL,8),(231,1,'EMAIL','shariah.board01@sbms.local','2026-05-16 08:09:49.797795','2026-05-16 08:14:49.797795',5,'provider=EMAIL_SIMULATOR; channel=EMAIL; purpose=LOGIN_OTP; template=Login OTP Email; otpPreview=108241; remarks=Login OTP issued after credential validation','LOGIN_OTP',8,'AUTH','VERIFIED','2026-05-16 08:09:49.797795','0014e9f4f2ce2eb4e35f01caa34d15cafcde239e02c8d9dadc2b94126ad0705f','OTP','2026-05-16 08:09:49.839790','2026-05-16 08:09:49.830790',NULL,8),(232,1,'EMAIL','customer.seed01@sbms.local','2026-05-16 08:09:49.883795','2026-05-16 08:14:49.883795',5,'provider=EMAIL_SIMULATOR; channel=EMAIL; purpose=PASSWORD_RESET; template=Password Reset Email; otpPreview=988142; remarks=Password reset token issued','PASSWORD_RESET',6,'USER','VERIFIED','2026-05-16 08:09:49.883795','764acaec9d7bf5b361d610c77e155eb18290e0b1bfd564bd6dea9c3ff9422e9a','PASSWORD_RESET','2026-05-16 08:09:50.130793','2026-05-16 08:09:50.105788',NULL,6),(233,1,'EMAIL','customer.seed01@sbms.local','2026-05-16 08:09:50.319788','2026-05-16 08:14:50.319788',5,'provider=EMAIL_SIMULATOR; channel=EMAIL; purpose=LOGIN_OTP; template=Login OTP Email; otpPreview=349394; remarks=Login OTP issued after credential validation','LOGIN_OTP',6,'AUTH','VERIFIED','2026-05-16 08:09:50.319788','4744579552bb76d5ebf18d567b85fd1b2dad729c8cd5f84dbeb2fefd54152136','OTP','2026-05-16 08:09:50.355369','2026-05-16 08:09:50.347370',NULL,6),(234,1,'EMAIL','branch.staff.080951@sbms.local','2026-05-16 08:09:52.302372','2026-05-16 08:14:52.302372',5,'provider=EMAIL_SIMULATOR; channel=EMAIL; purpose=LOGIN_OTP; template=Login OTP Email; otpPreview=692478; remarks=Login OTP issued after credential validation','LOGIN_OTP',57,'AUTH','VERIFIED','2026-05-16 08:09:52.302372','124454ec022ea23e45b2b774a73ad926cbfb78d6eee678cec19f2193624f4441','OTP','2026-05-16 08:09:52.349375','2026-05-16 08:09:52.332368',NULL,57),(235,1,'EMAIL','teller.080951@sbms.local','2026-05-16 08:09:52.520367','2026-05-16 08:14:52.520367',5,'provider=EMAIL_SIMULATOR; channel=EMAIL; purpose=LOGIN_OTP; template=Login OTP Email; otpPreview=952744; remarks=Login OTP issued after credential validation','LOGIN_OTP',58,'AUTH','VERIFIED','2026-05-16 08:09:52.520367','8310362b7de60185ee4e0adb8b520a5669f07c23f8917ce92c1be16cec29630d','OTP','2026-05-16 08:09:52.563425','2026-05-16 08:09:52.551425',NULL,58),(236,1,'EMAIL','masud.jee68@gmail.com','2026-05-16 08:15:22.861697','2026-05-16 08:20:22.861697',5,'provider=EMAIL_SIMULATOR; channel=EMAIL; purpose=PASSWORD_RESET; template=Password Reset Email; otpPreview=696532; remarks=Password reset token issued','PASSWORD_RESET',3,'USER','VERIFIED','2026-05-16 08:15:22.861697','00edea7027667c230912a02c17985717010765e89d387690eec6e02ccb7ace7a','PASSWORD_RESET','2026-05-16 08:15:23.294697','2026-05-16 08:15:23.213694',NULL,3),(237,1,'EMAIL','masud.jee68@gmail.com','2026-05-16 08:15:23.524696','2026-05-16 08:20:23.524696',5,'provider=EMAIL_SIMULATOR; channel=EMAIL; purpose=LOGIN_OTP; template=Login OTP Email; otpPreview=739074; remarks=Login OTP issued after credential validation','LOGIN_OTP',3,'AUTH','VERIFIED','2026-05-16 08:15:23.524696','c3008904493fa14621e2d72f3415b309510d89f21fdfeadec3c5653b5ea68e70','OTP','2026-05-16 08:15:23.620696','2026-05-16 08:15:23.608700',NULL,3),(238,1,'EMAIL','masud.jee68@gmail.com','2026-05-16 08:16:03.586520','2026-05-16 08:21:03.586520',5,'provider=EMAIL_SIMULATOR; channel=EMAIL; purpose=PASSWORD_RESET; template=Password Reset Email; otpPreview=564965; remarks=Password reset token issued','PASSWORD_RESET',3,'USER','VERIFIED','2026-05-16 08:16:03.586520','52ee87c526772aa305428110b374970cc66a44df887074003b23afbb28aee6b4','PASSWORD_RESET','2026-05-16 08:16:03.878179','2026-05-16 08:16:03.848177',NULL,3),(239,1,'EMAIL','masud.jee68@gmail.com','2026-05-16 08:16:04.049588','2026-05-16 08:21:04.049588',5,'provider=EMAIL_SIMULATOR; channel=EMAIL; purpose=LOGIN_OTP; template=Login OTP Email; otpPreview=117486; remarks=Login OTP issued after credential validation','LOGIN_OTP',3,'AUTH','VERIFIED','2026-05-16 08:16:04.049588','ac41019d56d2ceec6b9693f631337b84c81fa29eda2daced8fb437dd0909f6bb','OTP','2026-05-16 08:16:04.093356','2026-05-16 08:16:04.081357',NULL,3),(240,1,'EMAIL','investment.officer01@sbms.local','2026-05-16 08:16:04.130363','2026-05-16 08:21:04.130363',5,'provider=EMAIL_SIMULATOR; channel=EMAIL; purpose=PASSWORD_RESET; template=Password Reset Email; otpPreview=504994; remarks=Password reset token issued','PASSWORD_RESET',7,'USER','VERIFIED','2026-05-16 08:16:04.130363','eb343bba87f8cbd43c1e72b193558e5eb1f4bc0df05caa47ed968ba27880dc61','PASSWORD_RESET','2026-05-16 08:16:04.449352','2026-05-16 08:16:04.418352',NULL,7),(241,1,'EMAIL','investment.officer01@sbms.local','2026-05-16 08:16:04.637353','2026-05-16 08:21:04.636355',5,'provider=EMAIL_SIMULATOR; channel=EMAIL; purpose=LOGIN_OTP; template=Login OTP Email; otpPreview=916232; remarks=Login OTP issued after credential validation','LOGIN_OTP',7,'AUTH','VERIFIED','2026-05-16 08:16:04.636355','0f9f00e55de33f6935b210c50d202d625f790216b0c80204d5a2e25b177aa43d','OTP','2026-05-16 08:16:04.678352','2026-05-16 08:16:04.667355',NULL,7),(242,1,'EMAIL','ops.officer01@sbms.local','2026-05-16 08:16:04.717353','2026-05-16 08:21:04.717353',5,'provider=EMAIL_SIMULATOR; channel=EMAIL; purpose=PASSWORD_RESET; template=Password Reset Email; otpPreview=105169; remarks=Password reset token issued','PASSWORD_RESET',5,'USER','VERIFIED','2026-05-16 08:16:04.717353','07a908ae5cddc14794849bc55e3be2b3296907f247fafcecf823b8e903141ee1','PASSWORD_RESET','2026-05-16 08:16:04.943357','2026-05-16 08:16:04.911353',NULL,5),(243,1,'EMAIL','ops.officer01@sbms.local','2026-05-16 08:16:05.122612','2026-05-16 08:21:05.122612',5,'provider=EMAIL_SIMULATOR; channel=EMAIL; purpose=LOGIN_OTP; template=Login OTP Email; otpPreview=536727; remarks=Login OTP issued after credential validation','LOGIN_OTP',5,'AUTH','VERIFIED','2026-05-16 08:16:05.122612','2dbb1208294ea77185f1ee7a97027d4655824122b6bb6dfbd98df46e6601d82f','OTP','2026-05-16 08:16:05.163614','2026-05-16 08:16:05.150613',NULL,5),(244,1,'EMAIL','branch.manager01@sbms.local','2026-05-16 08:16:05.197615','2026-05-16 08:21:05.197615',5,'provider=EMAIL_SIMULATOR; channel=EMAIL; purpose=PASSWORD_RESET; template=Password Reset Email; otpPreview=592838; remarks=Password reset token issued','PASSWORD_RESET',4,'USER','VERIFIED','2026-05-16 08:16:05.197615','3b1df8331bf74a5630ae53df937be88f3af4df9f20c6ba8268743fe1504e0764','PASSWORD_RESET','2026-05-16 08:16:05.421614','2026-05-16 08:16:05.380611',NULL,4),(245,1,'EMAIL','branch.manager01@sbms.local','2026-05-16 08:16:05.627614','2026-05-16 08:21:05.627614',5,'provider=EMAIL_SIMULATOR; channel=EMAIL; purpose=LOGIN_OTP; template=Login OTP Email; otpPreview=164733; remarks=Login OTP issued after credential validation','LOGIN_OTP',4,'AUTH','VERIFIED','2026-05-16 08:16:05.627614','714f8b263d84a3298586c461e5e95e88d61650abd734de7bfed5acb0e8558662','OTP','2026-05-16 08:16:05.681615','2026-05-16 08:16:05.672611',NULL,4),(246,1,'EMAIL','masud.jee68@gmail.com','2026-05-16 08:17:21.353003','2026-05-16 08:22:21.353003',5,'provider=EMAIL_SIMULATOR; channel=EMAIL; purpose=PASSWORD_RESET; template=Password Reset Email; otpPreview=226489; remarks=Password reset token issued','PASSWORD_RESET',3,'USER','VERIFIED','2026-05-16 08:17:21.353003','2f6c5ed57b36cb2b9158d018d6deb0abe58c0a905326ae285b02e85534efcdd7','PASSWORD_RESET','2026-05-16 08:17:21.787004','2026-05-16 08:17:21.763001',NULL,3),(247,1,'EMAIL','masud.jee68@gmail.com','2026-05-16 08:17:21.979000','2026-05-16 08:22:21.979000',5,'provider=EMAIL_SIMULATOR; channel=EMAIL; purpose=LOGIN_OTP; template=Login OTP Email; otpPreview=561551; remarks=Login OTP issued after credential validation','LOGIN_OTP',3,'AUTH','VERIFIED','2026-05-16 08:17:21.979000','8939165aeb2b2d3b12bf1d7c63cd6da2a66cee03b9988464fd3d3312f0987ec9','OTP','2026-05-16 08:17:22.021244','2026-05-16 08:17:22.004245',NULL,3),(248,1,'EMAIL','investment.officer01@sbms.local','2026-05-16 08:17:22.066245','2026-05-16 08:22:22.065243',5,'provider=EMAIL_SIMULATOR; channel=EMAIL; purpose=PASSWORD_RESET; template=Password Reset Email; otpPreview=262997; remarks=Password reset token issued','PASSWORD_RESET',7,'USER','VERIFIED','2026-05-16 08:17:22.065243','1d973099864097ff047f1eb6d05479b4e16b70ec34bed6128844d04ff804dbfd','PASSWORD_RESET','2026-05-16 08:17:22.270242','2026-05-16 08:17:22.251238',NULL,7),(249,1,'EMAIL','investment.officer01@sbms.local','2026-05-16 08:17:22.447805','2026-05-16 08:22:22.447805',5,'provider=EMAIL_SIMULATOR; channel=EMAIL; purpose=LOGIN_OTP; template=Login OTP Email; otpPreview=706701; remarks=Login OTP issued after credential validation','LOGIN_OTP',7,'AUTH','VERIFIED','2026-05-16 08:17:22.447805','9efb234208216f8582ab87573adaa32870b837ef841e66c9b2c950f37e19b581','OTP','2026-05-16 08:17:22.482116','2026-05-16 08:17:22.469108',NULL,7),(250,1,'EMAIL','ops.officer01@sbms.local','2026-05-16 08:17:22.547205','2026-05-16 08:22:22.547205',5,'provider=EMAIL_SIMULATOR; channel=EMAIL; purpose=PASSWORD_RESET; template=Password Reset Email; otpPreview=548390; remarks=Password reset token issued','PASSWORD_RESET',5,'USER','VERIFIED','2026-05-16 08:17:22.547205','e29021bb02e810bf4d1ccb384db74dfcbd8843204aec0d935dd8b79deb9cb482','PASSWORD_RESET','2026-05-16 08:17:22.876555','2026-05-16 08:17:22.798556',NULL,5),(251,1,'EMAIL','ops.officer01@sbms.local','2026-05-16 08:17:23.203558','2026-05-16 08:22:23.203558',5,'provider=EMAIL_SIMULATOR; channel=EMAIL; purpose=LOGIN_OTP; template=Login OTP Email; otpPreview=823873; remarks=Login OTP issued after credential validation','LOGIN_OTP',5,'AUTH','VERIFIED','2026-05-16 08:17:23.203558','f6982ed5a9f600aaf612452170bb65cb631bf6716fd9ff8170ebd326b1257ae2','OTP','2026-05-16 08:17:23.281557','2026-05-16 08:17:23.269556',NULL,5),(252,1,'EMAIL','masud.jee68@gmail.com','2026-05-16 08:18:24.127106','2026-05-16 08:23:24.127106',5,'provider=EMAIL_SIMULATOR; channel=EMAIL; purpose=PASSWORD_RESET; template=Password Reset Email; otpPreview=599770; remarks=Password reset token issued','PASSWORD_RESET',3,'USER','VERIFIED','2026-05-16 08:18:24.127106','8f6e7505352971955e63b62d3d6f8c9ff82a2e5cc21cde0c3da14ce80240817a','PASSWORD_RESET','2026-05-16 08:18:24.564109','2026-05-16 08:18:24.529109',NULL,3),(253,1,'EMAIL','masud.jee68@gmail.com','2026-05-16 08:18:25.280111','2026-05-16 08:23:25.280111',5,'provider=EMAIL_SIMULATOR; channel=EMAIL; purpose=LOGIN_OTP; template=Login OTP Email; otpPreview=719807; remarks=Login OTP issued after credential validation','LOGIN_OTP',3,'AUTH','VERIFIED','2026-05-16 08:18:25.280111','e576f5eef8011813de249b66bb2e000929b8c22a57472094f96c037d397d29c7','OTP','2026-05-16 08:18:25.352105','2026-05-16 08:18:25.333110',NULL,3),(254,1,'EMAIL','investment.officer01@sbms.local','2026-05-16 08:18:25.438108','2026-05-16 08:23:25.438108',5,'provider=EMAIL_SIMULATOR; channel=EMAIL; purpose=PASSWORD_RESET; template=Password Reset Email; otpPreview=350918; remarks=Password reset token issued','PASSWORD_RESET',7,'USER','VERIFIED','2026-05-16 08:18:25.438108','cecc18997cdf3842f5e0314ab24752ed72da1f7a01412268a7d05b1c80de4092','PASSWORD_RESET','2026-05-16 08:18:25.821107','2026-05-16 08:18:25.772104',NULL,7),(255,1,'EMAIL','investment.officer01@sbms.local','2026-05-16 08:18:26.222108','2026-05-16 08:23:26.221104',5,'provider=EMAIL_SIMULATOR; channel=EMAIL; purpose=LOGIN_OTP; template=Login OTP Email; otpPreview=350450; remarks=Login OTP issued after credential validation','LOGIN_OTP',7,'AUTH','VERIFIED','2026-05-16 08:18:26.221104','c48b76eab207a015decb2b265a953d8fa6c4c5bdfcbad63373c2e9fa1a2210e9','OTP','2026-05-16 08:18:26.276109','2026-05-16 08:18:26.266110',NULL,7),(256,1,'EMAIL','ops.officer01@sbms.local','2026-05-16 08:18:26.363110','2026-05-16 08:23:26.363110',5,'provider=EMAIL_SIMULATOR; channel=EMAIL; purpose=PASSWORD_RESET; template=Password Reset Email; otpPreview=862455; remarks=Password reset token issued','PASSWORD_RESET',5,'USER','VERIFIED','2026-05-16 08:18:26.363110','f581dbde6204899f38f27736c8f33c43ccf7cb16f8b58e610989f01c7b9e03ef','PASSWORD_RESET','2026-05-16 08:18:26.787106','2026-05-16 08:18:26.762103',NULL,5),(257,1,'EMAIL','ops.officer01@sbms.local','2026-05-16 08:18:27.052107','2026-05-16 08:23:27.052107',5,'provider=EMAIL_SIMULATOR; channel=EMAIL; purpose=LOGIN_OTP; template=Login OTP Email; otpPreview=690666; remarks=Login OTP issued after credential validation','LOGIN_OTP',5,'AUTH','VERIFIED','2026-05-16 08:18:27.052107','ca8caf1fd43e4572db6f4987817c6efc4bb25c54428606e354b0a44dd4536fdc','OTP','2026-05-16 08:18:27.103107','2026-05-16 08:18:27.084108',NULL,5),(258,0,'EMAIL','masud.jee68@gmail.com','2026-05-16 09:05:55.950254','2026-05-16 09:10:55.936253',5,'provider=EMAIL_SIMULATOR; channel=EMAIL; purpose=LOGIN_OTP; template=Login OTP Email; otpPreview=825950; remarks=Login OTP issued after credential validation','LOGIN_OTP',3,'AUTH','SENT','2026-05-16 09:05:55.936253','1905fec596a46658f98086a8861f83ac56c530e6691b17cbf472c324b53f685e','OTP','2026-05-16 09:05:55.950254',NULL,NULL,3),(259,0,'EMAIL','branch.manager01@sbms.local','2026-05-16 09:05:56.223256','2026-05-16 09:10:56.223256',5,'provider=EMAIL_SIMULATOR; channel=EMAIL; purpose=LOGIN_OTP; template=Login OTP Email; otpPreview=726273; remarks=Login OTP issued after credential validation','LOGIN_OTP',4,'AUTH','SENT','2026-05-16 09:05:56.223256','6868870baa23dbbf38edcfd3e13b3ce099be3c87fd6e1c917f648e790b2ebf24','OTP','2026-05-16 09:05:56.223256',NULL,NULL,4),(260,0,'EMAIL','ops.officer01@sbms.local','2026-05-16 09:05:56.383250','2026-05-16 09:10:56.382253',5,'provider=EMAIL_SIMULATOR; channel=EMAIL; purpose=LOGIN_OTP; template=Login OTP Email; otpPreview=251611; remarks=Login OTP issued after credential validation','LOGIN_OTP',5,'AUTH','SENT','2026-05-16 09:05:56.382253','cc8539e7349bffbfdccc6987a49652e8dbd1371770a188ea4b5d602f1dad114c','OTP','2026-05-16 09:05:56.383250',NULL,NULL,5),(261,0,'EMAIL','investment.officer01@sbms.local','2026-05-16 09:05:56.550251','2026-05-16 09:10:56.550251',5,'provider=EMAIL_SIMULATOR; channel=EMAIL; purpose=LOGIN_OTP; template=Login OTP Email; otpPreview=178617; remarks=Login OTP issued after credential validation','LOGIN_OTP',7,'AUTH','SENT','2026-05-16 09:05:56.550251','2d78026caa057fac59bf1fa15b917a25bed2d414b0d940336b71efc4668b36c9','OTP','2026-05-16 09:05:56.550251',NULL,NULL,7),(262,0,'EMAIL','shariah.board01@sbms.local','2026-05-16 09:05:56.743258','2026-05-16 09:10:56.743258',5,'provider=EMAIL_SIMULATOR; channel=EMAIL; purpose=LOGIN_OTP; template=Login OTP Email; otpPreview=432627; remarks=Login OTP issued after credential validation','LOGIN_OTP',8,'AUTH','SENT','2026-05-16 09:05:56.743258','08ca4f124373d5cd17ce32e2396b609b29a62faeda0d636349ee947559c78a9d','OTP','2026-05-16 09:05:56.743258',NULL,NULL,8),(263,0,'EMAIL','customer.seed01@sbms.local','2026-05-16 09:05:56.913253','2026-05-16 09:10:56.912251',5,'provider=EMAIL_SIMULATOR; channel=EMAIL; purpose=LOGIN_OTP; template=Login OTP Email; otpPreview=488028; remarks=Login OTP issued after credential validation','LOGIN_OTP',6,'AUTH','SENT','2026-05-16 09:05:56.910251','c23e520ee743bed223052ee5805c847d0b761cf19678e99aa049720f78e94439','OTP','2026-05-16 09:05:56.913253',NULL,NULL,6),(264,1,'EMAIL','masud.jee68@gmail.com','2026-05-16 09:16:22.723072','2026-05-16 09:21:22.722068',5,'provider=EMAIL_SIMULATOR; channel=EMAIL; purpose=PASSWORD_RESET; template=Password Reset Email; otpPreview=144699; remarks=Password reset token issued','PASSWORD_RESET',3,'USER','VERIFIED','2026-05-16 09:16:22.722068','23e08725f783b9febdb2e4efdb365a25a2f7b7c430e9925ff55ef90b66d74160','PASSWORD_RESET','2026-05-16 09:16:23.124066','2026-05-16 09:16:23.056067',NULL,3),(265,1,'EMAIL','masud.jee68@gmail.com','2026-05-16 09:16:23.310071','2026-05-16 09:27:03.742480',5,'provider=EMAIL_SIMULATOR; channel=EMAIL; purpose=LOGIN_OTP; template=Login OTP Email; otpPreview=736517; remarks=Login OTP issued after credential validation','LOGIN_OTP',3,'AUTH','VERIFIED','2026-05-16 09:22:03.742480','5270bf9f869edfe3a6523b761e19ddd4a8133a52e7f046c047e8272d9f3ecf51','OTP','2026-05-16 09:22:59.134904','2026-05-16 09:22:59.090909',NULL,3),(266,1,'EMAIL','branch.manager01@sbms.local','2026-05-16 09:16:23.369067','2026-05-16 09:21:23.369067',5,'provider=EMAIL_SIMULATOR; channel=EMAIL; purpose=PASSWORD_RESET; template=Password Reset Email; otpPreview=263453; remarks=Password reset token issued','PASSWORD_RESET',4,'USER','VERIFIED','2026-05-16 09:16:23.369067','44cdb9621f1c1633f938ae18cb0e4311ad72cba3ec038143b6df04cf8b37b391','PASSWORD_RESET','2026-05-16 09:16:23.590066','2026-05-16 09:16:23.556067',NULL,4),(267,0,'EMAIL','branch.manager01@sbms.local','2026-05-16 09:16:23.777078','2026-05-16 09:25:30.902930',5,'provider=EMAIL_SIMULATOR; channel=EMAIL; purpose=LOGIN_OTP; template=Login OTP Email; otpPreview=906386; remarks=Login OTP issued after credential validation','LOGIN_OTP',4,'AUTH','SENT','2026-05-16 09:20:30.902930','aab9434c32f4668a6e8beb6461f55a41a0ec25d9d84bd9a14d74e865c3b01ba1','OTP','2026-05-16 09:20:30.909934',NULL,NULL,4),(268,1,'EMAIL','ops.officer01@sbms.local','2026-05-16 09:16:23.827069','2026-05-16 09:21:23.827069',5,'provider=EMAIL_SIMULATOR; channel=EMAIL; purpose=PASSWORD_RESET; template=Password Reset Email; otpPreview=205064; remarks=Password reset token issued','PASSWORD_RESET',5,'USER','VERIFIED','2026-05-16 09:16:23.827069','09e3af3746ceb90c7df33759efc57ee6af04ffed14e619b6f0fc9ac7eb9cbffa','PASSWORD_RESET','2026-05-16 09:16:24.064070','2026-05-16 09:16:24.039068',NULL,5),(269,0,'EMAIL','ops.officer01@sbms.local','2026-05-16 09:16:24.240077','2026-05-16 09:25:31.053933',5,'provider=EMAIL_SIMULATOR; channel=EMAIL; purpose=LOGIN_OTP; template=Login OTP Email; otpPreview=154555; remarks=Login OTP issued after credential validation','LOGIN_OTP',5,'AUTH','SENT','2026-05-16 09:20:31.053933','6ab2cce08da4b68d0db37c49a9c75ae5690e69f0b7bf87b7b464f1c8b6632328','OTP','2026-05-16 09:20:31.062937',NULL,NULL,5),(270,1,'EMAIL','investment.officer01@sbms.local','2026-05-16 09:16:24.281069','2026-05-16 09:21:24.281069',5,'provider=EMAIL_SIMULATOR; channel=EMAIL; purpose=PASSWORD_RESET; template=Password Reset Email; otpPreview=501843; remarks=Password reset token issued','PASSWORD_RESET',7,'USER','VERIFIED','2026-05-16 09:16:24.281069','91bac59262ebfbd38b5f5b77aa7d1b23a5949fdc35ac220be2f53e82818beede','PASSWORD_RESET','2026-05-16 09:16:24.504067','2026-05-16 09:16:24.477067',NULL,7),(271,0,'EMAIL','investment.officer01@sbms.local','2026-05-16 09:16:24.687067','2026-05-16 09:25:31.230930',5,'provider=EMAIL_SIMULATOR; channel=EMAIL; purpose=LOGIN_OTP; template=Login OTP Email; otpPreview=915293; remarks=Login OTP issued after credential validation','LOGIN_OTP',7,'AUTH','SENT','2026-05-16 09:20:31.230930','f58f7f1c57ea7b7e8cb60e489fa7685f0a613e9cbad0ef09fe15ebd9f144fdca','OTP','2026-05-16 09:20:31.236936',NULL,NULL,7),(272,1,'EMAIL','shariah.board01@sbms.local','2026-05-16 09:16:24.730067','2026-05-16 09:21:24.730067',5,'provider=EMAIL_SIMULATOR; channel=EMAIL; purpose=PASSWORD_RESET; template=Password Reset Email; otpPreview=323948; remarks=Password reset token issued','PASSWORD_RESET',8,'USER','VERIFIED','2026-05-16 09:16:24.730067','0a22ccc30aa81ff22caae7e6be793cf1be56a3beab98fb5e3e8b9e4f08ee8582','PASSWORD_RESET','2026-05-16 09:16:25.009068','2026-05-16 09:16:24.964076',NULL,8),(273,0,'EMAIL','shariah.board01@sbms.local','2026-05-16 09:16:25.189075','2026-05-16 09:25:31.395932',5,'provider=EMAIL_SIMULATOR; channel=EMAIL; purpose=LOGIN_OTP; template=Login OTP Email; otpPreview=622608; remarks=Login OTP issued after credential validation','LOGIN_OTP',8,'AUTH','SENT','2026-05-16 09:20:31.395932','60fc9f8b658aecabca2476c5de4905f4383e1820ca08764d4c1e8f6e899200e6','OTP','2026-05-16 09:20:31.399928',NULL,NULL,8),(274,1,'EMAIL','customer.seed01@sbms.local','2026-05-16 09:16:25.232067','2026-05-16 09:21:25.232067',5,'provider=EMAIL_SIMULATOR; channel=EMAIL; purpose=PASSWORD_RESET; template=Password Reset Email; otpPreview=866356; remarks=Password reset token issued','PASSWORD_RESET',6,'USER','VERIFIED','2026-05-16 09:16:25.232067','64b7f3eeab8e2d4efddaaeb44ad60d2be6fca14a1714152532502474e02f0f5a','PASSWORD_RESET','2026-05-16 09:16:25.470068','2026-05-16 09:16:25.441073',NULL,6),(275,0,'EMAIL','customer.seed01@sbms.local','2026-05-16 09:16:25.676068','2026-05-16 09:25:31.545931',5,'provider=EMAIL_SIMULATOR; channel=EMAIL; purpose=LOGIN_OTP; template=Login OTP Email; otpPreview=895260; remarks=Login OTP issued after credential validation','LOGIN_OTP',6,'AUTH','SENT','2026-05-16 09:20:31.545931','4d8e35fa113e35d702c6c9f68dbe8ddce6c8b59c9b6ccf890d15e31d19e8c886','OTP','2026-05-16 09:20:31.550934',NULL,NULL,6),(276,0,'EMAIL','masud.jee68@gmail.com','2026-05-16 09:43:46.362768','2026-05-16 09:48:46.360771',5,'provider=GMAIL_SMTP; channel=EMAIL; recipient=masud.jee68@gmail.com','LOGIN_OTP',3,'AUTH','SENT','2026-05-16 09:43:46.360771','5790ee4f9ffc1ca6a9b130eb15d9edc0bc66c022756ad1f7517856e7cc62d632','OTP','2026-05-16 09:43:46.362768',NULL,NULL,3),(277,0,'EMAIL','masud.jee68@gmail.com','2026-05-16 09:45:23.384780','2026-05-16 09:50:23.383782',5,'provider=GMAIL_SMTP; channel=EMAIL; recipient=masud.jee68@gmail.com','PASSWORD_RESET',3,'USER','SENT','2026-05-16 09:45:23.383782','ad33c42c6198fbbfb23d98d8b15d0f48bdb08197e807e8bc3e4bbfb6cce003e4','PASSWORD_RESET','2026-05-16 09:45:23.384780',NULL,NULL,3),(278,1,'EMAIL','masud.jee68@gmail.com','2026-05-16 09:49:27.109446','2026-05-16 09:54:27.108443',5,'provider=GMAIL_SMTP; channel=EMAIL; recipient=masud.jee68@gmail.com','LOGIN_OTP',3,'AUTH','VERIFIED','2026-05-16 09:49:27.108443','6d48e0561eff3c8a09530cc598d9942d56f25e54cbfedab7aa17a54c39ec515f','OTP','2026-05-16 09:50:51.274265','2026-05-16 09:50:51.245476',NULL,3),(279,0,'EMAIL','masud.jee68+u.kyc.reviewer01@gmail.com','2026-05-16 09:57:58.013457','2026-05-16 10:02:58.013457',5,'provider=GMAIL_SMTP; channel=EMAIL; recipient=masud.jee68+u.kyc.reviewer01@gmail.com','PASSWORD_RESET',12,'USER','SENT','2026-05-16 09:57:58.013457','e33db83ef2aa9284b103de88fa7bf09c640809da94c10cdcdc5d8a031e4a0590','PASSWORD_RESET','2026-05-16 09:57:58.013457',NULL,NULL,12),(280,1,'EMAIL','masud.jee68@gmail.com','2026-05-16 10:05:03.663821','2026-05-16 10:10:03.660817',5,'provider=GMAIL_SMTP; channel=EMAIL; recipient=masud.jee68@gmail.com','LOGIN_OTP',3,'AUTH','VERIFIED','2026-05-16 10:05:03.660817','e9e3e20d2cde8a827004ee6a2e1de9b3c7853436381fc580b405d9e9c0d2f406','OTP','2026-05-16 10:05:36.872087','2026-05-16 10:05:36.827091',NULL,3),(281,0,'EMAIL','masud.jee68@gmail.com','2026-05-16 10:31:11.664233','2026-05-16 10:36:11.662235',5,'provider=GMAIL_SMTP; channel=EMAIL; recipient=masud.jee68@gmail.com','LOGIN_OTP',3,'AUTH','SENT','2026-05-16 10:31:11.662235','8a3b0021acf2fe1fac04ad8efc72113f53f869e8f3734a4bfebbe1a2bea6abed','OTP','2026-05-16 10:31:11.664233',NULL,NULL,3),(282,1,'EMAIL','masud.jee68@gmail.com','2026-05-16 20:54:51.381364','2026-05-16 20:59:51.355365',5,'provider=GMAIL_SMTP; channel=EMAIL; recipient=masud.jee68@gmail.com','LOGIN_OTP',3,'AUTH','VERIFIED','2026-05-16 20:54:51.355365','0895d3fae5d91dffce543f69afca35316008ec2d221368c08fdf4f53cd2556b0','OTP','2026-05-16 20:55:35.874631','2026-05-16 20:55:35.752633',NULL,3),(283,1,'EMAIL','masud.jee68@gmail.com','2026-05-17 08:58:13.036328','2026-05-17 09:03:13.027329',5,'provider=GMAIL_SMTP; channel=EMAIL; recipient=masud.jee68@gmail.com','LOGIN_OTP',3,'AUTH','VERIFIED','2026-05-17 08:58:13.027329','8efce1e85e883cf5f2e16c7256242db3f42d608ecc4f8f60b2718e4985b03a48','OTP','2026-05-17 08:58:46.410172','2026-05-17 08:58:46.393430',NULL,3),(284,1,'EMAIL','masud.jee68@gmail.com','2026-05-17 23:37:30.452408','2026-05-17 23:42:30.413414',5,'provider=GMAIL_SMTP; channel=EMAIL; recipient=masud.jee68@gmail.com','LOGIN_OTP',3,'AUTH','VERIFIED','2026-05-17 23:37:30.413414','944bea27a6aeb9e49b75ac7fe5c81706e6fb5deaba33bf0d1c9a889979d8ac4e','OTP','2026-05-17 23:38:07.721765','2026-05-17 23:38:07.595771',NULL,3),(285,0,'EMAIL','masud.jee68@gmail.com','2026-05-18 00:26:09.791904','2026-05-18 00:31:51.030740',5,'provider=GMAIL_SMTP; channel=EMAIL; recipient=masud.jee68@gmail.com','LOGIN_OTP',3,'AUTH','SENT','2026-05-18 00:26:51.030740','feabb5319adc34a6ccdfdcb642a294d2795d3a00f15cb11cd93d55ca1f821ae9','OTP','2026-05-18 00:26:51.042743',NULL,NULL,3),(286,1,'EMAIL','masud.jee68@gmail.com','2026-05-18 07:57:06.804667','2026-05-18 08:02:06.786661',5,'provider=GMAIL_SMTP; channel=EMAIL; recipient=masud.jee68@gmail.com','LOGIN_OTP',3,'AUTH','VERIFIED','2026-05-18 07:57:06.786661','b10b81acf283059ace277e8815636957a3b6247cfd19e9f08df780242cb3d367','OTP','2026-05-18 07:57:48.122684','2026-05-18 07:57:47.989682',NULL,3);
/*!40000 ALTER TABLE `otp_verification_request` ENABLE KEYS */;
UNLOCK TABLES;

--
-- Table structure for table `password_reset_request`
--

DROP TABLE IF EXISTS `password_reset_request`;
/*!40101 SET @saved_cs_client     = @@character_set_client */;
/*!50503 SET character_set_client = utf8mb4 */;
CREATE TABLE `password_reset_request` (
  `id` bigint NOT NULL AUTO_INCREMENT,
  `channel_type` enum('EMAIL','SMS') NOT NULL,
  `created_at` datetime(6) NOT NULL,
  `expires_at` datetime(6) NOT NULL,
  `identifier` varchar(160) NOT NULL,
  `reset_status` enum('EXPIRED','FAILED','PENDING','SENT','VERIFIED') NOT NULL,
  `reset_token_hash` varchar(255) DEFAULT NULL,
  `used_at` datetime(6) DEFAULT NULL,
  `request_id` bigint NOT NULL,
  PRIMARY KEY (`id`),
  UNIQUE KEY `UKme3ttrf5s44es3efkrxh5x2dc` (`request_id`),
  CONSTRAINT `FKgept5abek83li1b67t7cssu7h` FOREIGN KEY (`request_id`) REFERENCES `otp_verification_request` (`id`)
) ENGINE=InnoDB AUTO_INCREMENT=117 DEFAULT CHARSET=utf8mb4 COLLATE=utf8mb4_0900_ai_ci;
/*!40101 SET character_set_client = @saved_cs_client */;

--
-- Dumping data for table `password_reset_request`
--

LOCK TABLES `password_reset_request` WRITE;
/*!40000 ALTER TABLE `password_reset_request` DISABLE KEYS */;
INSERT INTO `password_reset_request` VALUES (1,'EMAIL','2026-04-10 09:40:00.000000','2026-04-10 09:45:00.000000','Admin01','SENT','af41e68e1309fa29a5044cbdc36b90a3821d8807e68c7675a6c495112bc8a55f',NULL,5),(2,'SMS','2026-04-10 09:50:00.000000','2026-04-10 09:55:00.000000','Admin01','VERIFIED','94edf28c6d6da38fd35d7ad53e485307f89fbeaf120485c8d17a43f323deee71','2026-04-10 09:53:00.000000',6),(3,'EMAIL','2026-04-10 11:00:00.000000','2026-04-10 11:05:00.000000','Admin01','EXPIRED','a8698d96861f332be3627b5461c3d4ac120295ae33c8e26b9c0db82afa657084',NULL,13),(4,'EMAIL','2026-05-16 01:07:08.868560','2026-05-16 01:12:08.711554','Admin01','SENT',NULL,NULL,34),(5,'EMAIL','2026-05-16 01:10:39.749839','2026-05-16 01:15:39.728838','Admin01','VERIFIED','d68f42e570de48984e9645c3de7c7202578f911fbbeab37cc814dbace248d6f8','2026-05-16 01:10:40.084834',35),(6,'EMAIL','2026-05-16 01:10:40.787836','2026-05-16 01:15:40.767835','branch.manager01','VERIFIED','847d00c0bdd823932845f7b09a1e1d480d7938b1457aecdb3e06a10cdb4afc0a','2026-05-16 01:10:40.977834',37),(7,'EMAIL','2026-05-16 01:10:41.385831','2026-05-16 01:15:41.369835','ops.officer01','VERIFIED','8c560da77099ce163e62aa506e4029cf35cfe1b463ee7a9aa3117ba6082ef281','2026-05-16 01:10:41.599834',39),(8,'EMAIL','2026-05-16 01:10:41.964833','2026-05-16 01:15:41.951836','investment.officer01','VERIFIED','08096c49d9a0f1daea9e9e0462474b67a3d95966749a6a87dc2c82bd4ee460fe','2026-05-16 01:10:42.196839',41),(9,'EMAIL','2026-05-16 01:10:42.685837','2026-05-16 01:15:42.653834','shariah.board01','VERIFIED','cd2b5cafe3bac59b3579e9d82f399f07e1e90ce2a23f1864eb1c662acd481cf0','2026-05-16 01:10:42.861830',43),(10,'EMAIL','2026-05-16 01:10:43.371835','2026-05-16 01:15:43.304837','customer.seed01','VERIFIED','2a4964d1575667050f5a039b886dfe0c2fe0a07a37d4de7cd081845981fb2705','2026-05-16 01:10:43.578831',45),(11,'EMAIL','2026-05-16 01:18:08.711469','2026-05-16 01:23:08.697464','Admin01','SENT',NULL,NULL,47),(12,'EMAIL','2026-05-16 01:18:08.892471','2026-05-16 01:23:08.877468','branch.manager01','SENT',NULL,NULL,48),(13,'EMAIL','2026-05-16 01:18:09.012470','2026-05-16 01:23:08.995469','ops.officer01','SENT',NULL,NULL,49),(14,'EMAIL','2026-05-16 01:18:09.138467','2026-05-16 01:23:09.124464','investment.officer01','SENT',NULL,NULL,50),(15,'EMAIL','2026-05-16 01:18:09.231466','2026-05-16 01:23:09.219465','shariah.board01','SENT',NULL,NULL,51),(16,'EMAIL','2026-05-16 01:18:09.335467','2026-05-16 01:23:09.318464','customer.seed01','SENT',NULL,NULL,52),(17,'EMAIL','2026-05-16 01:18:26.138465','2026-05-16 01:23:26.121465','Admin01','SENT',NULL,NULL,53),(18,'EMAIL','2026-05-16 01:18:55.818977','2026-05-16 01:23:55.803976','Admin01','VERIFIED','1d80ee0fd6a048413dafc680c088b691878a9af3e35afe48f7bcdddd34149426','2026-05-16 01:18:56.095877',54),(19,'EMAIL','2026-05-16 01:18:56.696881','2026-05-16 01:23:56.673884','branch.manager01','VERIFIED','d9f832c3e90c8d84145c4b2b615c477a5fdc62f2f03ac31222fb16c1d4af9723','2026-05-16 01:18:56.897886',56),(20,'EMAIL','2026-05-16 01:18:57.363883','2026-05-16 01:23:57.347887','ops.officer01','VERIFIED','d55f4972fe79400eca621662ede7ebd7c34731f4c50d9a708982967b715eedb0','2026-05-16 01:18:57.596881',58),(21,'EMAIL','2026-05-16 01:18:58.005878','2026-05-16 01:23:57.995878','investment.officer01','VERIFIED','c3768bdc8dd0d1abf4e647044e3debaf44cb676e469be10dcb26a07c4bd81e74','2026-05-16 01:18:58.182876',60),(22,'EMAIL','2026-05-16 01:18:58.584878','2026-05-16 01:23:58.572878','shariah.board01','VERIFIED','37c8c2160bae7af11692d6978260bc0e6a2098aab37b421901e346bc3444e45e','2026-05-16 01:18:58.814880',62),(23,'EMAIL','2026-05-16 01:18:59.189882','2026-05-16 01:23:59.171876','customer.seed01','VERIFIED','50f8c3f48acd5f98e1074d9f54dc92b5ff914f0573e4c923cbf1cff6a4d3f970','2026-05-16 01:18:59.369877',64),(24,'EMAIL','2026-05-16 01:24:00.794657','2026-05-16 01:29:00.753651','ops.officer01','VERIFIED','ff3515ed2458532784de29c699fcd25abb58788d4624f3e0f80d83785de42c61','2026-05-16 01:24:01.181654',66),(25,'EMAIL','2026-05-16 01:24:01.874659','2026-05-16 01:29:01.835678','investment.officer01','VERIFIED','0f8a47c44fb2943897b56d745dc43141e452621e97b88f92b9ee123f19b6cc25','2026-05-16 01:24:02.230657',68),(26,'EMAIL','2026-05-16 01:24:02.802652','2026-05-16 01:29:02.791655','shariah.board01','VERIFIED','d640d338254617d25d424e50c6fa1d2d7382c3d90c16a0bfe8e8355cde1c1b9a','2026-05-16 01:24:03.178655',70),(27,'EMAIL','2026-05-16 01:24:03.544681','2026-05-16 01:29:03.525683','customer.seed01','VERIFIED','7d243d3be48918354680d44ae75db47605a983fa053f6115dc83139d7f590070','2026-05-16 01:24:03.750681',72),(28,'EMAIL','2026-05-16 01:24:19.071547','2026-05-16 01:29:19.057556','Admin01','VERIFIED','86f73c98e9fbf48b6d4d6a16e69351694ec32a148304b97c83a94fe9208e06dc','2026-05-16 01:24:19.312555',74),(29,'EMAIL','2026-05-16 01:24:19.715553','2026-05-16 01:29:19.702555','branch.manager01','VERIFIED','3c75220f6937d3ef2efc867baef4b1236848430b72ea5d257e8f306510856fde','2026-05-16 01:24:19.902549',76),(30,'EMAIL','2026-05-16 01:24:20.200548','2026-05-16 01:29:20.190551','ops.officer01','VERIFIED','3c5a7493eb224a179ae1a169983a59e787f8eff80641cff6daef89e691ce0017','2026-05-16 01:24:20.374555',78),(31,'EMAIL','2026-05-16 01:24:20.663315','2026-05-16 01:29:20.654310','investment.officer01','VERIFIED','7a394a668b11cdd6da70e018c18db9058a2589a663940444f24fcddbd218d99c','2026-05-16 01:24:20.839312',80),(32,'EMAIL','2026-05-16 01:24:21.242101','2026-05-16 01:29:21.227101','shariah.board01','VERIFIED','578704b2c37540b4643f923697f807a7367f0a1e3b756c1e125fbf408be83af3','2026-05-16 01:24:21.468098',82),(33,'EMAIL','2026-05-16 01:24:21.827099','2026-05-16 01:29:21.814097','customer.seed01','VERIFIED','41a7d83e36359585469545f42140022899a8b82b520b725f96b4ef42fbac4b08','2026-05-16 01:24:22.182096',84),(34,'EMAIL','2026-05-16 01:27:43.282930','2026-05-16 01:32:43.261931','ops.officer01','VERIFIED','2afac39bef7962f8025aab103f830f33349b65ba7fe963b6ff8d40a7ad8b3984','2026-05-16 01:27:43.613937',88),(35,'EMAIL','2026-05-16 01:27:44.157934','2026-05-16 01:32:44.134929','investment.officer01','VERIFIED','2e0f50fadd160f6d1e7bc739a9a39f79ae0ffe4f4744d566936b70eca5b80fdd','2026-05-16 01:27:44.357926',90),(36,'EMAIL','2026-05-16 01:27:44.681930','2026-05-16 01:32:44.667934','shariah.board01','VERIFIED','0bb94a43fb8fd0e16e60653bbc5001d33f0d8b3bc7057eee82fdd403a50cd8d8','2026-05-16 01:27:44.890926',92),(37,'EMAIL','2026-05-16 01:27:45.218930','2026-05-16 01:32:45.209931','customer.seed01','VERIFIED','4f3220b221125726b777af0a9ca09f9c40da2259bbea7d3a92fcb70fb3614a2c','2026-05-16 01:27:45.425927',94),(38,'EMAIL','2026-05-16 01:27:57.529335','2026-05-16 01:32:57.513331','Admin01','VERIFIED','e284b923bd910c7b7bd585cd5fc2208182cd4f682f3ccec33b592091ac32947f','2026-05-16 01:27:57.786647',96),(39,'EMAIL','2026-05-16 01:27:58.188362','2026-05-16 01:32:58.172650','branch.manager01','VERIFIED','c72b9baf06bf5b756d420a2368925ed9e6cf30017d7009a28c0e2ab1ea17ff2d','2026-05-16 01:27:58.361733',98),(40,'EMAIL','2026-05-16 01:27:58.670711','2026-05-16 01:32:58.656713','ops.officer01','VERIFIED','dde301bea9036f4c512600ad72658722bf35b80696a156c39f638384a4ce29de','2026-05-16 01:27:58.862709',100),(41,'EMAIL','2026-05-16 01:27:59.162716','2026-05-16 01:32:59.153711','investment.officer01','VERIFIED','1f6232899c6f2f6db33b48ec3e26ff536f5b950270f6ffa5e1728c1e2e6fd107','2026-05-16 01:27:59.332710',102),(42,'EMAIL','2026-05-16 01:27:59.745716','2026-05-16 01:32:59.735712','shariah.board01','VERIFIED','07bdbec12f6cacfaba031ecabc95d6e98bcffa601bb890c506e3ed93ecfe9cdf','2026-05-16 01:27:59.999712',104),(43,'EMAIL','2026-05-16 01:28:00.362715','2026-05-16 01:33:00.352713','customer.seed01','VERIFIED','11b52a075ac3f917aa9687d7e80bf7f8bd4fb48624c3fb77f83e02e3a662a984','2026-05-16 01:28:00.580716',106),(44,'EMAIL','2026-05-16 01:28:59.103850','2026-05-16 01:33:59.090857','Admin01','VERIFIED','54781d0df0581053ddf0d2d49ac3fbedfd775752a5b5222f6928a416f6b78662','2026-05-16 01:28:59.377860',110),(45,'EMAIL','2026-05-16 01:28:59.807858','2026-05-16 01:33:59.793853','branch.manager01','VERIFIED','7a54199aee79229e9cc84ee472e512915d1e18190db6260ee75c26ba70bd4ddf','2026-05-16 01:28:59.983848',112),(46,'EMAIL','2026-05-16 01:29:00.355853','2026-05-16 01:34:00.341852','ops.officer01','VERIFIED','9667c458752d6cff08ba760ecf9a61d9d27f95db069ed330bad66399d03f9adc','2026-05-16 01:29:00.616853',114),(47,'EMAIL','2026-05-16 01:29:00.940854','2026-05-16 01:34:00.927857','investment.officer01','VERIFIED','6777d48c6a02a6f9fdd8e3f729274947f18cbe9ece96c2f6d0b88670cb36a181','2026-05-16 01:29:01.132846',116),(48,'EMAIL','2026-05-16 01:29:01.403230','2026-05-16 01:34:01.394239','shariah.board01','VERIFIED','68aff28919915f5f6f88ecb42b1253637be55edd1741f9a172c51fe50cd15378','2026-05-16 01:29:01.561842',118),(49,'EMAIL','2026-05-16 01:29:01.846839','2026-05-16 01:34:01.836838','customer.seed01','VERIFIED','04e0b17d440eb334127ef29e0d4f976232ec4183afd87b70a3fcbd73f736c437','2026-05-16 01:29:02.021840',120),(50,'EMAIL','2026-05-16 01:29:32.280638','2026-05-16 01:34:32.266638','Admin01','VERIFIED','7e1251c155f1a332076e032d8010dee9f5c2d87886a58cb2f47bd287e8370db0','2026-05-16 01:29:32.546300',124),(51,'EMAIL','2026-05-16 01:29:33.037299','2026-05-16 01:34:33.030303','branch.manager01','VERIFIED','e3bf40f5746126c874e583ad68f70781356f868af14ba7067aab3cc41343fefe','2026-05-16 01:29:33.288294',126),(52,'EMAIL','2026-05-16 01:29:33.564767','2026-05-16 01:34:33.554762','ops.officer01','VERIFIED','58ea76a91c8b61ae67a9bafe3326a42f7c072a30a8e2f09a77ad497397d037fe','2026-05-16 01:29:33.749761',128),(53,'EMAIL','2026-05-16 01:29:34.062758','2026-05-16 01:34:34.048760','investment.officer01','VERIFIED','51b6197f2659f3e50bbdb9c099b185c7e6af2ec8d64f212d6127b8a7fbf7b79e','2026-05-16 01:29:34.253762',130),(54,'EMAIL','2026-05-16 01:29:34.729763','2026-05-16 01:34:34.717793','shariah.board01','VERIFIED','d8dc786c243cc107469ecbb44a5a6c13a4dd536e6fee979fc360d44fbb8f61bc','2026-05-16 01:29:34.954762',132),(55,'EMAIL','2026-05-16 01:29:35.323759','2026-05-16 01:34:35.288761','customer.seed01','VERIFIED','940a69862ca2228ea0ae172c078e4c2e56756526ccb596f39754f06a883735cb','2026-05-16 01:29:35.540763',134),(56,'EMAIL','2026-05-16 01:30:08.432702','2026-05-16 01:35:08.425706','Admin01','VERIFIED','634eff5e8382f2760d4a6028a6c8bb30f743a4452441c8655a1cb6d43fb17283','2026-05-16 01:30:08.678270',138),(57,'EMAIL','2026-05-16 01:30:09.125277','2026-05-16 01:35:09.114276','branch.manager01','VERIFIED','10f88f532823af51c48dcf8b9ed64952b05628fab09e4e31ca881abc4d5d5083','2026-05-16 01:30:09.324275',140),(58,'EMAIL','2026-05-16 01:30:09.632272','2026-05-16 01:35:09.621273','ops.officer01','VERIFIED','060e30b96cd345c0c09d5965808634c0dc08068fef9363f587d79e98bad34311','2026-05-16 01:30:09.816276',142),(59,'EMAIL','2026-05-16 01:30:10.180275','2026-05-16 01:35:10.170283','investment.officer01','VERIFIED','cc7cfa67d0357d9a3c133f3fdb686c99ec95fff353c2cf91f19fffa696f01298','2026-05-16 01:30:10.409273',144),(60,'EMAIL','2026-05-16 01:30:10.707273','2026-05-16 01:35:10.699271','shariah.board01','VERIFIED','9a9083ae12470922f48c60c761424d1520ab21ceae35a606454f05c7ec0d588f','2026-05-16 01:30:10.866275',146),(61,'EMAIL','2026-05-16 01:30:11.246276','2026-05-16 01:35:11.231275','customer.seed01','VERIFIED','c6f831c102ad37f7507e597cbf8b22579bddc49e01bc09bbf1d619b30c8d4d40','2026-05-16 01:30:11.549274',148),(62,'EMAIL','2026-05-16 01:30:44.507702','2026-05-16 01:35:44.500705','Admin01','VERIFIED','060741ab77ef33a9578515b34cca453ffd6b72a25c0a223736a2672155950b0a','2026-05-16 01:30:44.757700',152),(63,'EMAIL','2026-05-16 01:30:45.188704','2026-05-16 01:35:45.176709','branch.manager01','VERIFIED','2233cb6b2849f3777e10968f660542de174198e261fe8c3e9519c9e593cebefb','2026-05-16 01:30:45.406705',154),(64,'EMAIL','2026-05-16 01:30:45.748700','2026-05-16 01:35:45.736704','ops.officer01','VERIFIED','d44bf06ea4298622ccc2823e8e6a93b07526977ae6994f3ae3f7dfd432a0d791','2026-05-16 01:30:45.914701',156),(65,'EMAIL','2026-05-16 01:30:46.270706','2026-05-16 01:35:46.258709','investment.officer01','VERIFIED','009e0fafa39f3c757f1d2c6a5123508940a33516fe73b736020f9e2ebb726d27','2026-05-16 01:30:46.524704',158),(66,'EMAIL','2026-05-16 01:30:46.823703','2026-05-16 01:35:46.815702','shariah.board01','VERIFIED','3258200b65d9c8405aa9ba1851177eb92e6976f45d318a1c259a8fc5da7c4d50','2026-05-16 01:30:47.008699',160),(67,'EMAIL','2026-05-16 01:30:47.367706','2026-05-16 01:35:47.354706','customer.seed01','VERIFIED','ef495410014f56d228c71f23bd1fe9159ad5ebdf0316737803f126aa574f288a','2026-05-16 01:30:47.723703',162),(68,'EMAIL','2026-05-16 01:31:18.034340','2026-05-16 01:36:18.028339','Admin01','VERIFIED','21a989ba639825e496abdf4f27a62ee5aca641dbd4e3f8b2b21d8b93df755015','2026-05-16 01:31:18.283340',166),(69,'EMAIL','2026-05-16 01:31:18.898344','2026-05-16 01:36:18.891338','branch.manager01','VERIFIED','e8123bc19a611e7483039d7b92ec3dba4cf4ca64f721d310c817a708140ea9c8','2026-05-16 01:31:19.141338',168),(70,'EMAIL','2026-05-16 01:31:19.460339','2026-05-16 01:36:19.450340','ops.officer01','VERIFIED','7463c745f2d39c1822575f52a6daa3a3119ab09ff96af2f19001705bf83761c2','2026-05-16 01:31:19.647338',170),(71,'EMAIL','2026-05-16 01:31:19.989343','2026-05-16 01:36:19.980340','investment.officer01','VERIFIED','cfa0484cafca1168e7f5d0c48d27f89cca3f183b7372c44893cd837a6cccb4c0','2026-05-16 01:31:20.145338',172),(72,'EMAIL','2026-05-16 01:31:20.510340','2026-05-16 01:36:20.496339','shariah.board01','VERIFIED','ee0ec19551749b7487a9b78bcd3c9fb94a40fafa10b1bb212cfa1156747beeb0','2026-05-16 01:31:20.761340',174),(73,'EMAIL','2026-05-16 01:31:21.114344','2026-05-16 01:36:21.103341','customer.seed01','VERIFIED','06cc08684df28bfddf337aa57de4c8cb2f654774c9f308db33980be57ba989c9','2026-05-16 01:31:21.294337',176),(74,'EMAIL','2026-05-16 01:32:40.076655','2026-05-16 01:37:40.068650','Admin01','VERIFIED','81d58cd5f23499f5de6cff973e629a5735f1a03921e1e7bce7b302bd03af15c0','2026-05-16 01:32:40.303759',180),(75,'EMAIL','2026-05-16 01:32:40.686760','2026-05-16 01:37:40.672756','branch.manager01','VERIFIED','52161e81b27e6f213e4515f7cc190235aa278b438a57d88578ae295acdc5032d','2026-05-16 01:32:40.887757',182),(76,'EMAIL','2026-05-16 01:32:41.182764','2026-05-16 01:37:41.172759','ops.officer01','VERIFIED','ec77f79f0850718ad3132861ce25e2f1142162c849020fd9412bd1d9ed00d247','2026-05-16 01:32:41.353759',184),(77,'EMAIL','2026-05-16 01:32:41.648757','2026-05-16 01:37:41.641758','investment.officer01','VERIFIED','7ccc36dd417dc5fd3b4593e6eee3daf527df182591fa18a0dcfd0491ee939ab7','2026-05-16 01:32:42.179754',186),(78,'EMAIL','2026-05-16 01:32:42.625764','2026-05-16 01:37:42.611757','shariah.board01','VERIFIED','685d497202de0b65cf5d8ec93899d7dc80dad3c3c7930c973be0a4b484708f79','2026-05-16 01:32:42.846758',188),(79,'EMAIL','2026-05-16 01:32:43.182760','2026-05-16 01:37:43.173762','customer.seed01','VERIFIED','2c3756772faa9d8320e8dabab85e58915595878c1623a2d1115e17df6f4e04a2','2026-05-16 01:32:43.376760',190),(80,'EMAIL','2026-05-16 01:36:25.483737','2026-05-16 01:41:25.462740','Admin01','VERIFIED','52248207f73b07964548014cd978d7b2c1288659c5c2140969c0ace91419bfda','2026-05-16 01:36:25.875742',194),(81,'EMAIL','2026-05-16 01:36:26.394741','2026-05-16 01:41:26.379744','branch.manager01','VERIFIED','978209bb0c14b696ef143cedeab42010ea4ec5d711c5baae9d211d5e291effe5','2026-05-16 01:36:26.627737',196),(82,'EMAIL','2026-05-16 01:36:26.968739','2026-05-16 01:41:26.960738','ops.officer01','VERIFIED','6f0fa397619c06701d66186ec636a4f01ff3a68398c26892d8298fa868db5cdd','2026-05-16 01:36:27.136737',198),(83,'EMAIL','2026-05-16 01:36:27.391963','2026-05-16 01:41:27.384966','investment.officer01','VERIFIED','5365554c3535e0ff5adf72d0ea0cb08878acf0de6e88e752b28e4cce9e50b273','2026-05-16 01:36:27.555958',200),(84,'EMAIL','2026-05-16 01:36:27.807962','2026-05-16 01:41:27.801966','shariah.board01','VERIFIED','a58dd3c7a677c98a2d9bde287b3a7442282c945d11605f28a3a508584d31b70c','2026-05-16 01:36:27.966964',202),(85,'EMAIL','2026-05-16 01:36:28.272963','2026-05-16 01:41:28.262963','customer.seed01','VERIFIED','2af51cfd882df4e879a842df687c1b7b79203e43d235f2a2ce13230926aceb0f','2026-05-16 01:36:28.427961',204),(86,'EMAIL','2026-05-16 08:07:06.205819','2026-05-16 08:12:06.172821','Admin01','VERIFIED','ec100122516f3f586bd2717aa867ece1223071c4775fe61758b7ff380ebc078a','2026-05-16 08:07:06.546815',208),(87,'EMAIL','2026-05-16 08:07:07.061821','2026-05-16 08:12:07.053822','branch.manager01','VERIFIED','81fea0c0c1a30948755472d789eeaf86d82df598b6d3affe675a114026e48035','2026-05-16 08:07:07.324819',210),(88,'EMAIL','2026-05-16 08:07:07.693823','2026-05-16 08:12:07.685825','ops.officer01','VERIFIED','4888fa86c8c04125dcfc71205dc9768e78e46877bea981d5b95c72bc906097f9','2026-05-16 08:07:07.948825',212),(89,'EMAIL','2026-05-16 08:07:08.303823','2026-05-16 08:12:08.294821','investment.officer01','VERIFIED','f111acac5305923c8e1ab19eb52e9a2175c03e0666ce42074dcaf73721ef417a','2026-05-16 08:07:08.531821',214),(90,'EMAIL','2026-05-16 08:07:08.822819','2026-05-16 08:12:08.813821','shariah.board01','VERIFIED','950159402aa7e74f743a89c64f2fff87cd7c2210acc5d8820b278b852862f282','2026-05-16 08:07:09.020820',216),(91,'EMAIL','2026-05-16 08:07:09.379819','2026-05-16 08:12:09.371822','customer.seed01','VERIFIED','994534f71bd414ecb5af9aab3d7f0835ef3982b28643cc0cdda4846818aa3af7','2026-05-16 08:07:09.572818',218),(92,'EMAIL','2026-05-16 08:09:46.939800','2026-05-16 08:14:46.932799','Admin01','VERIFIED','455eb2e163bd4038aa9165bccba0eb9bdefab6cff9a3ced03cca03115f2d85ed','2026-05-16 08:09:47.213624',222),(93,'EMAIL','2026-05-16 08:09:47.629215','2026-05-16 08:14:47.621214','branch.manager01','VERIFIED','a7dfce6d4e3c8263952dfa99f5ce0093627733ec76da8f6465196916a93071e9','2026-05-16 08:09:47.810210',224),(94,'EMAIL','2026-05-16 08:09:48.115803','2026-05-16 08:14:48.106803','ops.officer01','VERIFIED','b3c08a2b9347b95d3abf1819268fe6212e57f0209f9bc511e8f6331524ae2c4c','2026-05-16 08:09:48.289789',226),(95,'EMAIL','2026-05-16 08:09:48.639793','2026-05-16 08:14:48.624792','investment.officer01','VERIFIED','3b2da6177908ab812bfaf71cbccae6ac46caaf5579aeb571fd944c31781fd143','2026-05-16 08:09:49.007793',228),(96,'EMAIL','2026-05-16 08:09:49.364797','2026-05-16 08:14:49.354795','shariah.board01','VERIFIED','4c5a917bc1b945006fb733786ec3d04c908c7fc094b084a5541dca19bbcb82fa','2026-05-16 08:09:49.559790',230),(97,'EMAIL','2026-05-16 08:09:49.902793','2026-05-16 08:14:49.883795','customer.seed01','VERIFIED','764acaec9d7bf5b361d610c77e155eb18290e0b1bfd564bd6dea9c3ff9422e9a','2026-05-16 08:09:50.105788',232),(98,'EMAIL','2026-05-16 08:15:22.873699','2026-05-16 08:20:22.861697','Admin01','VERIFIED','00edea7027667c230912a02c17985717010765e89d387690eec6e02ccb7ace7a','2026-05-16 08:15:23.213694',236),(99,'EMAIL','2026-05-16 08:16:03.595516','2026-05-16 08:21:03.586520','Admin01','VERIFIED','52ee87c526772aa305428110b374970cc66a44df887074003b23afbb28aee6b4','2026-05-16 08:16:03.848177',238),(100,'EMAIL','2026-05-16 08:16:04.138354','2026-05-16 08:21:04.130363','investment.officer01','VERIFIED','eb343bba87f8cbd43c1e72b193558e5eb1f4bc0df05caa47ed968ba27880dc61','2026-05-16 08:16:04.418352',240),(101,'EMAIL','2026-05-16 08:16:04.726358','2026-05-16 08:21:04.717353','ops.officer01','VERIFIED','07a908ae5cddc14794849bc55e3be2b3296907f247fafcecf823b8e903141ee1','2026-05-16 08:16:04.911353',242),(102,'EMAIL','2026-05-16 08:16:05.205617','2026-05-16 08:21:05.197615','branch.manager01','VERIFIED','3b1df8331bf74a5630ae53df937be88f3af4df9f20c6ba8268743fe1504e0764','2026-05-16 08:16:05.380611',244),(103,'EMAIL','2026-05-16 08:17:21.363008','2026-05-16 08:22:21.353003','Admin01','VERIFIED','2f6c5ed57b36cb2b9158d018d6deb0abe58c0a905326ae285b02e85534efcdd7','2026-05-16 08:17:21.763001',246),(104,'EMAIL','2026-05-16 08:17:22.074246','2026-05-16 08:22:22.065243','investment.officer01','VERIFIED','1d973099864097ff047f1eb6d05479b4e16b70ec34bed6128844d04ff804dbfd','2026-05-16 08:17:22.251238',248),(105,'EMAIL','2026-05-16 08:17:22.553199','2026-05-16 08:22:22.547205','ops.officer01','VERIFIED','e29021bb02e810bf4d1ccb384db74dfcbd8843204aec0d935dd8b79deb9cb482','2026-05-16 08:17:22.798556',250),(106,'EMAIL','2026-05-16 08:18:24.136108','2026-05-16 08:23:24.127106','Admin01','VERIFIED','8f6e7505352971955e63b62d3d6f8c9ff82a2e5cc21cde0c3da14ce80240817a','2026-05-16 08:18:24.529109',252),(107,'EMAIL','2026-05-16 08:18:25.450110','2026-05-16 08:23:25.438108','investment.officer01','VERIFIED','cecc18997cdf3842f5e0314ab24752ed72da1f7a01412268a7d05b1c80de4092','2026-05-16 08:18:25.772104',254),(108,'EMAIL','2026-05-16 08:18:26.370106','2026-05-16 08:23:26.363110','ops.officer01','VERIFIED','f581dbde6204899f38f27736c8f33c43ccf7cb16f8b58e610989f01c7b9e03ef','2026-05-16 08:18:26.762103',256),(109,'EMAIL','2026-05-16 09:16:22.742074','2026-05-16 09:21:22.722068','Admin01','VERIFIED','23e08725f783b9febdb2e4efdb365a25a2f7b7c430e9925ff55ef90b66d74160','2026-05-16 09:16:23.056067',264),(110,'EMAIL','2026-05-16 09:16:23.383075','2026-05-16 09:21:23.369067','branch.manager01','VERIFIED','44cdb9621f1c1633f938ae18cb0e4311ad72cba3ec038143b6df04cf8b37b391','2026-05-16 09:16:23.556067',266),(111,'EMAIL','2026-05-16 09:16:23.844069','2026-05-16 09:21:23.827069','ops.officer01','VERIFIED','09e3af3746ceb90c7df33759efc57ee6af04ffed14e619b6f0fc9ac7eb9cbffa','2026-05-16 09:16:24.039068',268),(112,'EMAIL','2026-05-16 09:16:24.297075','2026-05-16 09:21:24.281069','investment.officer01','VERIFIED','91bac59262ebfbd38b5f5b77aa7d1b23a5949fdc35ac220be2f53e82818beede','2026-05-16 09:16:24.477067',270),(113,'EMAIL','2026-05-16 09:16:24.747076','2026-05-16 09:21:24.730067','shariah.board01','VERIFIED','0a22ccc30aa81ff22caae7e6be793cf1be56a3beab98fb5e3e8b9e4f08ee8582','2026-05-16 09:16:24.964076',272),(114,'EMAIL','2026-05-16 09:16:25.246076','2026-05-16 09:21:25.232067','customer.seed01','VERIFIED','64b7f3eeab8e2d4efddaaeb44ad60d2be6fca14a1714152532502474e02f0f5a','2026-05-16 09:16:25.441073',274),(115,'EMAIL','2026-05-16 09:45:23.421779','2026-05-16 09:50:23.383782','admin01','SENT',NULL,NULL,277),(116,'EMAIL','2026-05-16 09:57:58.041452','2026-05-16 10:02:58.013457','kyc.reviewer01','SENT',NULL,NULL,279);
/*!40000 ALTER TABLE `password_reset_request` ENABLE KEYS */;
UNLOCK TABLES;

--
-- Table structure for table `profit_posting`
--

DROP TABLE IF EXISTS `profit_posting`;
/*!40101 SET @saved_cs_client     = @@character_set_client */;
/*!50503 SET character_set_client = utf8mb4 */;
CREATE TABLE `profit_posting` (
  `id` bigint NOT NULL AUTO_INCREMENT,
  `created_at` datetime(6) NOT NULL,
  `failure_reason` varchar(500) DEFAULT NULL,
  `period_from` date NOT NULL,
  `period_to` date NOT NULL,
  `posted_by` varchar(120) DEFAULT NULL,
  `posting_date` date NOT NULL,
  `posting_ref` varchar(40) NOT NULL,
  `profit_amount` decimal(18,2) NOT NULL,
  `status` enum('FAILED','PENDING','POSTED') NOT NULL,
  `account_id` bigint NOT NULL,
  `schedule_id` bigint NOT NULL,
  PRIMARY KEY (`id`),
  UNIQUE KEY `uk_profit_posting_ref` (`posting_ref`),
  KEY `FKi1y823gj228mm0pvrogt249k1` (`account_id`),
  KEY `FKk1kmv3t0crrp82ybo6buodipa` (`schedule_id`),
  CONSTRAINT `FKi1y823gj228mm0pvrogt249k1` FOREIGN KEY (`account_id`) REFERENCES `account` (`id`),
  CONSTRAINT `FKk1kmv3t0crrp82ybo6buodipa` FOREIGN KEY (`schedule_id`) REFERENCES `profit_schedule` (`id`)
) ENGINE=InnoDB AUTO_INCREMENT=18 DEFAULT CHARSET=utf8mb4 COLLATE=utf8mb4_0900_ai_ci;
/*!40101 SET character_set_client = @saved_cs_client */;

--
-- Dumping data for table `profit_posting`
--

LOCK TABLES `profit_posting` WRITE;
/*!40000 ALTER TABLE `profit_posting` DISABLE KEYS */;
INSERT INTO `profit_posting` VALUES (1,'2026-04-10 10:00:00.000000',NULL,'2026-03-11','2026-04-10','SYSTEM_PROFIT_ENGINE','2026-04-10','PRF-00001',105.00,'POSTED',1,1),(2,'2026-04-12 10:05:00.000000','Account type is not profit applicable','2026-03-13','2026-04-12','SYSTEM_PROFIT_ENGINE','2026-04-12','PRF-00002',0.00,'FAILED',2,2),(3,'2026-04-05 10:10:00.000000',NULL,'2026-01-06','2026-04-05','SYSTEM_PROFIT_ENGINE','2026-04-05','PRF-00003',453.13,'POSTED',3,3),(4,'2026-04-20 10:15:00.000000','Account is not active for profit posting','2026-03-21','2026-04-20','SYSTEM_PROFIT_ENGINE','2026-04-20','PRF-00004',0.00,'FAILED',4,4),(5,'2026-04-08 10:20:00.000000',NULL,'2026-03-09','2026-04-08','SYSTEM_PROFIT_ENGINE','2026-04-08','PRF-00005',278.13,'POSTED',5,5),(6,'2026-04-22 10:25:00.000000','Account is not active for profit posting','2025-01-01','2025-12-31','SYSTEM_PROFIT_ENGINE','2025-12-31','PRF-00006',0.00,'FAILED',6,6),(7,'2026-04-03 10:30:00.000000',NULL,'2026-03-04','2026-04-03','SYSTEM_PROFIT_ENGINE','2026-04-03','PRF-00007',84.00,'POSTED',7,7),(8,'2026-04-15 10:35:00.000000',NULL,'2026-03-16','2026-04-15','SYSTEM_PROFIT_ENGINE','2026-04-15','PRF-00008',29.10,'POSTED',8,8),(9,'2026-04-18 10:40:00.000000',NULL,'2025-07-01','2025-12-31','SYSTEM_PROFIT_ENGINE','2025-12-31','PRF-00009',700.00,'POSTED',9,9),(10,'2026-04-18 10:45:00.000000','No active profit ratio found for this account type','2026-03-19','2026-04-18','SYSTEM_PROFIT_ENGINE','2026-04-18','PRF-00010',0.00,'FAILED',10,10),(11,'2026-04-06 10:50:00.000000',NULL,'2026-03-07','2026-04-06','SYSTEM_PROFIT_ENGINE','2026-04-06','PRF-00011',62.33,'POSTED',11,11),(12,'2026-04-01 10:55:00.000000','Account is not active for profit posting','2026-01-02','2026-04-01','SYSTEM_PROFIT_ENGINE','2026-04-01','PRF-00012',0.00,'FAILED',12,12),(13,'2026-04-04 11:00:00.000000',NULL,'2026-03-05','2026-04-04','SYSTEM_PROFIT_ENGINE','2026-04-04','PRF-00013',27.23,'POSTED',13,13),(14,'2026-04-25 11:05:00.000000','Account is not active for profit posting','2026-03-26','2026-04-25','SYSTEM_PROFIT_ENGINE','2026-04-25','PRF-00014',0.00,'FAILED',14,14),(15,'2026-04-07 11:10:00.000000',NULL,'2026-03-08','2026-04-07','SYSTEM_PROFIT_ENGINE','2026-04-07','PRF-00015',58.46,'POSTED',15,15),(16,'2026-05-01 18:37:53.426771','Account is not active for profit posting','2026-03-21','2026-05-01','SYSTEM_PROFIT_ENGINE','2026-05-01','PRF-00016',0.00,'FAILED',4,4),(17,'2026-05-01 18:37:53.451771','Account is not active for profit posting','2026-03-26','2026-05-01','SYSTEM_PROFIT_ENGINE','2026-05-01','PRF-00017',0.00,'FAILED',14,14);
/*!40000 ALTER TABLE `profit_posting` ENABLE KEYS */;
UNLOCK TABLES;

--
-- Table structure for table `profit_ratio`
--

DROP TABLE IF EXISTS `profit_ratio`;
/*!40101 SET @saved_cs_client     = @@character_set_client */;
/*!50503 SET character_set_client = utf8mb4 */;
CREATE TABLE `profit_ratio` (
  `id` bigint NOT NULL AUTO_INCREMENT,
  `created_at` datetime(6) NOT NULL,
  `effective_from` date NOT NULL,
  `effective_to` date DEFAULT NULL,
  `ratio_code` varchar(40) NOT NULL,
  `ratio_percent` decimal(10,4) NOT NULL,
  `status` enum('ACTIVE','ARCHIVED','PENDING') NOT NULL,
  `updated_at` datetime(6) NOT NULL,
  `account_type_id` bigint NOT NULL,
  PRIMARY KEY (`id`),
  UNIQUE KEY `uk_profit_ratio_code` (`ratio_code`),
  KEY `FKqcgr39k7u2js7dferqskeyxs6` (`account_type_id`),
  CONSTRAINT `FKqcgr39k7u2js7dferqskeyxs6` FOREIGN KEY (`account_type_id`) REFERENCES `account_type` (`id`)
) ENGINE=InnoDB AUTO_INCREMENT=16 DEFAULT CHARSET=utf8mb4 COLLATE=utf8mb4_0900_ai_ci;
/*!40101 SET character_set_client = @saved_cs_client */;

--
-- Dumping data for table `profit_ratio`
--

LOCK TABLES `profit_ratio` WRITE;
/*!40000 ALTER TABLE `profit_ratio` DISABLE KEYS */;
INSERT INTO `profit_ratio` VALUES (1,'2026-04-01 09:00:00.000000','2026-01-01',NULL,'PSR-00001',5.2500,'ACTIVE','2026-04-01 09:00:00.000000',1),(2,'2026-04-01 09:05:00.000000','2025-01-01','2025-12-31','PSR-00002',2.0000,'ARCHIVED','2026-04-01 09:05:00.000000',2),(3,'2026-04-01 09:10:00.000000','2026-01-01',NULL,'PSR-00003',5.7500,'ACTIVE','2026-04-01 09:10:00.000000',3),(4,'2026-04-01 09:15:00.000000','2025-06-01','2025-12-31','PSR-00004',1.5000,'ARCHIVED','2026-04-01 09:15:00.000000',4),(5,'2026-04-01 09:20:00.000000','2026-01-01',NULL,'PSR-00005',6.2500,'ACTIVE','2026-04-01 09:20:00.000000',5),(6,'2026-04-01 09:25:00.000000','2026-01-01',NULL,'PSR-00006',6.1000,'ACTIVE','2026-04-01 09:25:00.000000',6),(7,'2026-04-01 09:30:00.000000','2026-01-01',NULL,'PSR-00007',6.3000,'ACTIVE','2026-04-01 09:30:00.000000',7),(8,'2026-04-01 09:35:00.000000','2026-01-01',NULL,'PSR-00008',4.8500,'ACTIVE','2026-04-01 09:35:00.000000',8),(9,'2026-04-01 09:40:00.000000','2026-01-01',NULL,'PSR-00009',5.0000,'ACTIVE','2026-04-01 09:40:00.000000',9),(10,'2026-04-01 09:45:00.000000','2025-01-01','2025-12-31','PSR-00010',1.7500,'ARCHIVED','2026-04-01 09:45:00.000000',10),(11,'2026-04-01 09:50:00.000000','2026-01-01',NULL,'PSR-00011',5.4000,'ACTIVE','2026-04-01 09:50:00.000000',11),(12,'2026-04-01 09:55:00.000000','2026-01-01',NULL,'PSR-00012',5.1500,'ACTIVE','2026-04-01 09:55:00.000000',12),(13,'2026-04-01 10:00:00.000000','2026-01-01',NULL,'PSR-00013',4.9500,'ACTIVE','2026-04-01 10:00:00.000000',13),(14,'2026-04-01 10:05:00.000000','2026-01-01',NULL,'PSR-00014',7.1000,'ACTIVE','2026-04-01 10:05:00.000000',14),(15,'2026-04-01 10:10:00.000000','2026-01-01',NULL,'PSR-00015',4.6000,'ACTIVE','2026-04-01 10:10:00.000000',15);
/*!40000 ALTER TABLE `profit_ratio` ENABLE KEYS */;
UNLOCK TABLES;

--
-- Table structure for table `profit_schedule`
--

DROP TABLE IF EXISTS `profit_schedule`;
/*!40101 SET @saved_cs_client     = @@character_set_client */;
/*!50503 SET character_set_client = utf8mb4 */;
CREATE TABLE `profit_schedule` (
  `id` bigint NOT NULL AUTO_INCREMENT,
  `created_at` datetime(6) NOT NULL,
  `last_posting_date` date DEFAULT NULL,
  `next_posting_date` date NOT NULL,
  `profit_frequency` enum('HALF_YEARLY','MONTHLY','QUARTERLY','YEARLY') NOT NULL,
  `status` enum('ACTIVE','ARCHIVED','PENDING') NOT NULL,
  `updated_at` datetime(6) NOT NULL,
  `account_id` bigint NOT NULL,
  PRIMARY KEY (`id`),
  KEY `FK5jddwle3bfb0g2u3mhv4o8ojq` (`account_id`),
  CONSTRAINT `FK5jddwle3bfb0g2u3mhv4o8ojq` FOREIGN KEY (`account_id`) REFERENCES `account` (`id`)
) ENGINE=InnoDB AUTO_INCREMENT=16 DEFAULT CHARSET=utf8mb4 COLLATE=utf8mb4_0900_ai_ci;
/*!40101 SET character_set_client = @saved_cs_client */;

--
-- Dumping data for table `profit_schedule`
--

LOCK TABLES `profit_schedule` WRITE;
/*!40000 ALTER TABLE `profit_schedule` DISABLE KEYS */;
INSERT INTO `profit_schedule` VALUES (1,'2026-04-05 09:00:00.000000','2026-04-10','2026-05-10','MONTHLY','ACTIVE','2026-04-05 09:00:00.000000',1),(2,'2026-04-05 09:05:00.000000','2026-04-12','2026-05-12','MONTHLY','ARCHIVED','2026-04-05 09:05:00.000000',2),(3,'2026-04-05 09:10:00.000000','2026-02-05','2026-05-05','QUARTERLY','ACTIVE','2026-04-05 09:10:00.000000',3),(4,'2026-04-05 09:15:00.000000','2026-03-20','2026-04-20','MONTHLY','ACTIVE','2026-04-05 09:15:00.000000',4),(5,'2026-04-05 09:20:00.000000','2026-04-08','2026-05-08','MONTHLY','ACTIVE','2026-04-05 09:20:00.000000',5),(6,'2026-04-05 09:25:00.000000','2025-12-31','2026-12-31','YEARLY','ACTIVE','2026-04-05 09:25:00.000000',6),(7,'2026-04-05 09:30:00.000000','2026-04-03','2026-05-03','MONTHLY','ACTIVE','2026-04-05 09:30:00.000000',7),(8,'2026-04-05 09:35:00.000000','2026-04-15','2026-05-15','MONTHLY','ACTIVE','2026-04-05 09:35:00.000000',8),(9,'2026-04-05 09:40:00.000000','2025-12-31','2026-06-30','HALF_YEARLY','ACTIVE','2026-04-05 09:40:00.000000',9),(10,'2026-04-05 09:45:00.000000','2026-03-18','2026-04-18','MONTHLY','ARCHIVED','2026-04-05 09:45:00.000000',10),(11,'2026-04-05 09:50:00.000000','2026-04-06','2026-05-06','MONTHLY','ACTIVE','2026-04-05 09:50:00.000000',11),(12,'2026-04-05 09:55:00.000000','2026-04-01','2026-07-01','QUARTERLY','ACTIVE','2026-04-05 09:55:00.000000',12),(13,'2026-04-05 10:00:00.000000','2026-04-04','2026-05-04','MONTHLY','ACTIVE','2026-04-05 10:00:00.000000',13),(14,'2026-04-05 10:05:00.000000','2026-03-25','2026-04-25','MONTHLY','ACTIVE','2026-04-05 10:05:00.000000',14),(15,'2026-04-05 10:10:00.000000','2026-04-07','2026-05-07','MONTHLY','ACTIVE','2026-04-05 10:10:00.000000',15);
/*!40000 ALTER TABLE `profit_schedule` ENABLE KEYS */;
UNLOCK TABLES;

--
-- Table structure for table `report_definition`
--

DROP TABLE IF EXISTS `report_definition`;
/*!40101 SET @saved_cs_client     = @@character_set_client */;
/*!50503 SET character_set_client = utf8mb4 */;
CREATE TABLE `report_definition` (
  `id` bigint NOT NULL AUTO_INCREMENT,
  `created_at` datetime(6) NOT NULL,
  `export_types` varchar(80) NOT NULL,
  `query_key` varchar(80) NOT NULL,
  `report_code` varchar(40) NOT NULL,
  `report_name` varchar(180) NOT NULL,
  `report_type` enum('BRANCH','CLOSING','FINANCING','GROWTH','KPI','OPERATIONAL','PAR','PROFIT','RECOVERY','REGULATORY','SHARIAH_AUDIT') NOT NULL,
  `status` enum('ACTIVE','ARCHIVED','PENDING') NOT NULL,
  PRIMARY KEY (`id`),
  UNIQUE KEY `uk_report_definition_code` (`report_code`),
  UNIQUE KEY `uk_report_definition_query_key` (`query_key`)
) ENGINE=InnoDB AUTO_INCREMENT=36 DEFAULT CHARSET=utf8mb4 COLLATE=utf8mb4_0900_ai_ci;
/*!40101 SET character_set_client = @saved_cs_client */;

--
-- Dumping data for table `report_definition`
--

LOCK TABLES `report_definition` WRITE;
/*!40000 ALTER TABLE `report_definition` DISABLE KEYS */;
INSERT INTO `report_definition` VALUES (1,'2026-05-02 16:18:02.000000','PDF,CSV,PRINT','OPERATIONAL','REP-OPR-001','Operational Report','OPERATIONAL','ACTIVE'),(2,'2026-05-02 16:18:02.000000','PDF,CSV,PRINT','PROFIT_DISTRIBUTION','REP-PRO-001','Profit Distribution Report','PROFIT','ACTIVE'),(3,'2026-05-02 16:18:02.000000','PDF,CSV,PRINT','FINANCING_PORTFOLIO','REP-FIN-001','Financing Portfolio Report','FINANCING','ACTIVE'),(4,'2026-05-02 16:18:02.000000','PDF,CSV,PRINT','PAR','REP-PAR-001','PAR Report','PAR','ACTIVE'),(5,'2026-05-02 16:18:02.000000','PDF,CSV,PRINT','SHARIAH_AUDIT','REP-SHA-001','Shariah Audit Report','SHARIAH_AUDIT','ACTIVE'),(6,'2026-05-02 16:18:02.000000','PDF,CSV,PRINT','BRANCH','REP-BRA-001','Branch Performance Report','BRANCH','ACTIVE'),(7,'2026-05-02 16:18:02.000000','PDF,CSV','OPERATIONAL_EXCEPTION_SUMMARY','RPT20-007','Operational Exception Summary','REGULATORY','ACTIVE'),(8,'2026-05-02 16:18:02.000000','PDF,CSV','REGULATORY_COMPLIANCE_SNAPSHOT','RPT20-008','Regulatory Compliance Snapshot','REGULATORY','ACTIVE'),(9,'2026-05-02 16:18:02.000000','PDF,CSV','DAILY_CASH_ACTIVITY','RPT20-009','Daily Cash Activity','OPERATIONAL','ACTIVE'),(10,'2026-05-02 16:18:02.000000','PDF,CSV','PROFIT_VARIANCE_ANALYSIS','RPT20-010','Profit Variance Analysis','PROFIT','ACTIVE'),(11,'2026-05-02 16:18:02.000000','PDF,CSV','FINANCING_SECTOR_MIX','RPT20-011','Financing Sector Mix','FINANCING','ACTIVE'),(12,'2026-05-02 16:18:02.000000','PDF,CSV','BRANCH_CHANNEL_UTILIZATION','RPT20-012','Branch Channel Utilization','BRANCH','ACTIVE'),(13,'2026-05-02 16:18:02.000000','PDF,CSV','SHARIAH_OBSERVATION_REGISTER','RPT20-013','Shariah Observation Register','SHARIAH_AUDIT','ACTIVE'),(14,'2026-05-02 16:18:02.000000','PDF,CSV','PORTFOLIO_RISK_AGING','RPT20-014','Portfolio Risk Aging','PAR','ACTIVE'),(15,'2026-05-02 16:18:02.000000','PDF,CSV','FINANCING_AGING_MONITOR','RPT20-015','Financing Aging Monitor','REGULATORY','ACTIVE'),(31,'2026-05-15 19:46:37.689358','PDF,CSV,EXCEL,PRINT','KPI','REP-KPI-001','Enterprise KPI Report','KPI','ACTIVE'),(32,'2026-05-15 19:46:37.695357','PDF,CSV,EXCEL,PRINT','GROWTH','REP-GRO-001','Growth Report','GROWTH','ACTIVE'),(33,'2026-05-15 19:46:37.703359','PDF,CSV,EXCEL,PRINT','LOAN_RECOVERY','REP-REC-001','Loan Recovery Report','RECOVERY','ACTIVE'),(34,'2026-05-15 19:46:37.706354','PDF,CSV,EXCEL,PRINT','MONTHLY_CLOSING','REP-CLO-001','Monthly Closing Snapshot','CLOSING','ACTIVE'),(35,'2026-05-18 08:35:01.394585','PDF,CSV,EXCEL,PRINT','MANAGEMENT_PL','REP-MPL-001','Management Profit & Loss','PROFIT','ACTIVE');
/*!40000 ALTER TABLE `report_definition` ENABLE KEYS */;
UNLOCK TABLES;

--
-- Table structure for table `report_request_log`
--

DROP TABLE IF EXISTS `report_request_log`;
/*!40101 SET @saved_cs_client     = @@character_set_client */;
/*!50503 SET character_set_client = utf8mb4 */;
CREATE TABLE `report_request_log` (
  `id` bigint NOT NULL AUTO_INCREMENT,
  `date_from` date DEFAULT NULL,
  `date_to` date DEFAULT NULL,
  `filter_json` text,
  `generated_at` datetime(6) DEFAULT NULL,
  `request_status` enum('EXPORTED','FAILED','GENERATED','REQUESTED') NOT NULL,
  `requested_at` datetime(6) NOT NULL,
  `requested_by` varchar(120) NOT NULL,
  `status` enum('ACTIVE','ARCHIVED','PENDING') NOT NULL,
  `generated_file_id` bigint DEFAULT NULL,
  `report_id` bigint NOT NULL,
  PRIMARY KEY (`id`),
  KEY `FK83r0262e1kmru6wdlv958fpcd` (`generated_file_id`),
  KEY `FK7ku6kfk878t4y6vuk788fb1hd` (`report_id`),
  CONSTRAINT `FK7ku6kfk878t4y6vuk788fb1hd` FOREIGN KEY (`report_id`) REFERENCES `report_definition` (`id`),
  CONSTRAINT `FK83r0262e1kmru6wdlv958fpcd` FOREIGN KEY (`generated_file_id`) REFERENCES `file_reference` (`id`)
) ENGINE=InnoDB AUTO_INCREMENT=120 DEFAULT CHARSET=utf8mb4 COLLATE=utf8mb4_0900_ai_ci;
/*!40101 SET character_set_client = @saved_cs_client */;

--
-- Dumping data for table `report_request_log`
--

LOCK TABLES `report_request_log` WRITE;
/*!40000 ALTER TABLE `report_request_log` DISABLE KEYS */;
INSERT INTO `report_request_log` VALUES (16,'2026-04-01','2026-04-30','{\"dateFrom\":\"2026-04-01\",\"dateTo\":\"2026-04-30\",\"branchId\":1,\"exportType\":\"VIEW\"}','2026-05-01 08:11:00.000000','GENERATED','2026-05-01 08:10:00.000000','REPORT_SEED','ACTIVE',46,1),(17,'2026-04-01','2026-04-30','{\"dateFrom\":\"2026-04-01\",\"dateTo\":\"2026-04-30\",\"exportType\":\"PDF\"}','2026-05-01 08:21:00.000000','EXPORTED','2026-05-01 08:20:00.000000','REPORT_SEED','ACTIVE',47,2),(18,'2026-03-01','2026-04-30','{\"dateFrom\":\"2026-03-01\",\"dateTo\":\"2026-04-30\",\"exportType\":\"VIEW\"}','2026-05-01 08:36:00.000000','GENERATED','2026-05-01 08:35:00.000000','REPORT_SEED','ACTIVE',48,3),(19,'2026-01-01','2026-04-30','{\"dateFrom\":\"2026-01-01\",\"dateTo\":\"2026-04-30\",\"exportType\":\"PDF\"}','2026-05-01 08:52:00.000000','EXPORTED','2026-05-01 08:50:00.000000','REPORT_SEED','ACTIVE',49,4),(20,'2026-04-01','2026-04-30','{\"dateFrom\":\"2026-04-01\",\"dateTo\":\"2026-04-30\",\"exportType\":\"VIEW\"}','2026-05-01 09:02:00.000000','GENERATED','2026-05-01 09:00:00.000000','REPORT_SEED','ACTIVE',50,5),(21,'2026-04-01','2026-04-30','{\"dateFrom\":\"2026-04-01\",\"dateTo\":\"2026-04-30\",\"branchId\":2,\"exportType\":\"VIEW\"}','2026-05-01 09:16:00.000000','GENERATED','2026-05-01 09:15:00.000000','REPORT_SEED','ACTIVE',51,6),(22,'2026-04-15','2026-04-30','{\"dateFrom\":\"2026-04-15\",\"dateTo\":\"2026-04-30\",\"branchId\":3,\"exportType\":\"CSV\"}','2026-05-01 09:26:00.000000','EXPORTED','2026-05-01 09:25:00.000000','REPORT_SEED','ACTIVE',52,1),(23,'2026-02-01','2026-04-30','{\"dateFrom\":\"2026-02-01\",\"dateTo\":\"2026-04-30\",\"exportType\":\"CSV\"}','2026-05-01 09:41:00.000000','EXPORTED','2026-05-01 09:40:00.000000','REPORT_SEED','ACTIVE',53,3),(24,'2026-03-01','2026-04-30','{\"dateFrom\":\"2026-03-01\",\"dateTo\":\"2026-04-30\",\"branchId\":1,\"exportType\":\"VIEW\"}','2026-05-01 10:01:00.000000','GENERATED','2026-05-01 10:00:00.000000','REPORT_SEED','ACTIVE',54,6),(25,'2026-02-01','2026-04-30','{\"dateFrom\":\"2026-02-01\",\"dateTo\":\"2026-04-30\",\"exportType\":\"CSV\"}','2026-05-01 10:16:00.000000','EXPORTED','2026-05-01 10:15:00.000000','REPORT_SEED','ACTIVE',55,2),(26,'2026-01-01','2026-04-30','{\"dateFrom\":\"2026-01-01\",\"dateTo\":\"2026-04-30\",\"exportType\":\"VIEW\"}','2026-05-01 10:29:00.000000','GENERATED','2026-05-01 10:28:00.000000','REPORT_SEED','ACTIVE',56,5),(27,'2026-03-01','2026-04-30','{\"dateFrom\":\"2026-03-01\",\"dateTo\":\"2026-04-30\",\"exportType\":\"CSV\"}','2026-05-01 10:43:00.000000','EXPORTED','2026-05-01 10:42:00.000000','REPORT_SEED','ACTIVE',57,4),(28,'2026-04-01','2026-04-30','{\"dateFrom\":\"2026-04-01\",\"dateTo\":\"2026-04-30\",\"exportType\":\"VIEW\"}',NULL,'REQUESTED','2026-05-01 11:00:00.000000','REPORT_SEED','ACTIVE',58,7),(29,'2026-04-01','2026-04-30','{\"dateFrom\":\"2026-04-01\",\"dateTo\":\"2026-04-30\",\"exportType\":\"CSV\"}',NULL,'REQUESTED','2026-05-01 11:10:00.000000','REPORT_SEED','ACTIVE',59,8),(30,'2026-02-01','2026-04-30','{\"dateFrom\":\"2026-02-01\",\"dateTo\":\"2026-04-30\",\"exportType\":\"VIEW\"}','2026-05-01 11:21:00.000000','FAILED','2026-05-01 11:20:00.000000','REPORT_SEED','ACTIVE',60,15),(31,'2026-04-01','2026-04-30','{\"dateFrom\":\"2026-04-01\",\"dateTo\":\"2026-04-30\",\"branchId\":1,\"exportType\":\"VIEW\"}','2026-05-02 16:37:10.686802','GENERATED','2026-05-02 16:37:10.620805','SYSTEM','ACTIVE',61,1),(32,'2026-04-02','2026-05-02','{\"dateFrom\":\"2026-04-02\",\"dateTo\":\"2026-05-02\",\"branchId\":null,\"exportType\":\"VIEW\"}','2026-05-02 16:37:23.670135','GENERATED','2026-05-02 16:37:23.659138','SYSTEM','ACTIVE',62,1),(33,'2026-04-04','2026-05-04','{\"dateFrom\":\"2026-04-04\",\"dateTo\":\"2026-05-04\",\"branchId\":null,\"exportType\":\"VIEW\"}','2026-05-04 15:16:58.826266','GENERATED','2026-05-04 15:16:58.689275','SYSTEM','ACTIVE',63,6),(34,'2026-04-04','2026-05-04','{\"dateFrom\":\"2026-04-04\",\"dateTo\":\"2026-05-04\",\"branchId\":null,\"exportType\":\"VIEW\"}','2026-05-04 15:17:12.855270','GENERATED','2026-05-04 15:17:12.843300','SYSTEM','ACTIVE',64,6),(35,'2026-04-04','2026-05-04','{\"dateFrom\":\"2026-04-04\",\"dateTo\":\"2026-05-04\",\"branchId\":null,\"exportType\":\"VIEW\"}','2026-05-04 15:17:16.824093','GENERATED','2026-05-04 15:17:16.807864','SYSTEM','ACTIVE',65,6),(36,'2026-04-04','2026-05-04','{\"dateFrom\":\"2026-04-04\",\"dateTo\":\"2026-05-04\",\"branchId\":null,\"exportType\":\"VIEW\"}','2026-05-04 15:17:19.423272','GENERATED','2026-05-04 15:17:19.409273','SYSTEM','ACTIVE',66,6),(37,'2026-04-05','2026-05-05','{\"dateFrom\":\"2026-04-05\",\"dateTo\":\"2026-05-05\",\"branchId\":null,\"exportType\":\"VIEW\"}','2026-05-05 11:45:19.620407','GENERATED','2026-05-05 11:45:19.513403','SYSTEM','ACTIVE',68,2),(38,'2026-04-08','2026-05-08','{\"dateFrom\":\"2026-04-08\",\"dateTo\":\"2026-05-08\",\"branchId\":null,\"exportType\":\"VIEW\"}','2026-05-08 17:54:03.925773','GENERATED','2026-05-08 17:54:03.873774','SYSTEM','ACTIVE',69,1),(39,'2026-04-08','2026-05-08','{\"dateFrom\":\"2026-04-08\",\"dateTo\":\"2026-05-08\",\"branchId\":null,\"exportType\":\"VIEW\"}','2026-05-08 17:54:21.486899','GENERATED','2026-05-08 17:54:21.470897','SYSTEM','ACTIVE',70,1),(40,'2026-04-08','2026-05-08','{\"dateFrom\":\"2026-04-08\",\"dateTo\":\"2026-05-08\",\"branchId\":null,\"exportType\":\"VIEW\"}','2026-05-08 17:54:38.166715','GENERATED','2026-05-08 17:54:38.149712','SYSTEM','ACTIVE',71,2),(41,'2026-04-08','2026-05-08','{\"dateFrom\":\"2026-04-08\",\"dateTo\":\"2026-05-08\",\"branchId\":null,\"exportType\":\"VIEW\"}','2026-05-08 17:54:46.848077','GENERATED','2026-05-08 17:54:46.840079','SYSTEM','ACTIVE',72,3),(42,'2026-04-08','2026-05-08','{\"dateFrom\":\"2026-04-08\",\"dateTo\":\"2026-05-08\",\"branchId\":null,\"exportType\":\"VIEW\"}','2026-05-08 17:54:57.045761','GENERATED','2026-05-08 17:54:57.026756','SYSTEM','ACTIVE',73,4),(43,'2026-04-15','2026-05-15','{\"dateFrom\":\"2026-04-15\",\"dateTo\":\"2026-05-15\",\"branchId\":null,\"exportType\":\"VIEW\"}','2026-05-15 09:20:33.104548','GENERATED','2026-05-15 09:20:31.940550','SYSTEM','ACTIVE',74,6),(44,'2026-04-15','2026-05-15','{\"dateFrom\":\"2026-04-15\",\"dateTo\":\"2026-05-15\",\"branchId\":null,\"exportType\":\"VIEW\"}','2026-05-15 09:22:11.630872','GENERATED','2026-05-15 09:22:11.392878','SYSTEM','ACTIVE',75,6),(45,'2026-04-15','2026-05-15','{\"dateFrom\":\"2026-04-15\",\"dateTo\":\"2026-05-15\",\"branchId\":null,\"exportType\":\"VIEW\"}','2026-05-15 12:58:05.870928','GENERATED','2026-05-15 12:58:03.290398','SYSTEM','ACTIVE',76,1),(46,'2026-04-15','2026-05-15','{\"dateFrom\":\"2026-04-15\",\"dateTo\":\"2026-05-15\",\"branchId\":null,\"exportType\":\"VIEW\"}','2026-05-15 19:46:39.329356','GENERATED','2026-05-15 19:46:37.724355','Admin01','ACTIVE',77,2),(47,'2026-04-15','2026-05-15','{\"dateFrom\":\"2026-04-15\",\"dateTo\":\"2026-05-15\",\"branchId\":null,\"exportType\":\"VIEW\"}','2026-05-15 19:47:10.970657','GENERATED','2026-05-15 19:47:10.759659','Admin01','ACTIVE',78,4),(48,'2026-04-15','2026-05-15','{\"dateFrom\":\"2026-04-15\",\"dateTo\":\"2026-05-15\",\"branchId\":null,\"exportType\":\"VIEW\"}','2026-05-15 19:48:26.972094','GENERATED','2026-05-15 19:48:26.785082','Admin01','ACTIVE',79,5),(49,'2026-04-15','2026-05-15','{\"dateFrom\":\"2026-04-15\",\"dateTo\":\"2026-05-15\",\"branchId\":null,\"exportType\":\"VIEW\"}','2026-05-15 19:48:47.210489','GENERATED','2026-05-15 19:48:47.047493','Admin01','ACTIVE',80,6),(52,'2026-04-16','2026-05-16','{\"dateFrom\":\"2026-04-16\",\"dateTo\":\"2026-05-16\",\"branchId\":null,\"exportType\":\"PDF\"}','2026-05-16 01:28:04.793681','EXPORTED','2026-05-16 01:28:03.300815','Admin01','ACTIVE',81,31),(53,'2026-04-16','2026-05-16','{\"dateFrom\":\"2026-04-16\",\"dateTo\":\"2026-05-16\",\"branchId\":null,\"exportType\":\"PDF\"}','2026-05-16 01:29:05.430787','EXPORTED','2026-05-16 01:29:04.737785','Admin01','ACTIVE',82,31),(54,'2026-04-16','2026-05-16','{\"dateFrom\":\"2026-04-16\",\"dateTo\":\"2026-05-16\",\"branchId\":null,\"exportType\":\"PDF\"}','2026-05-16 01:29:39.407760','EXPORTED','2026-05-16 01:29:38.348764','Admin01','ACTIVE',83,31),(55,'2026-04-16','2026-05-16','{\"dateFrom\":\"2026-04-16\",\"dateTo\":\"2026-05-16\",\"branchId\":null,\"exportType\":\"PDF\"}','2026-05-16 01:30:15.107287','EXPORTED','2026-05-16 01:30:14.363272','Admin01','ACTIVE',84,31),(56,'2026-04-16','2026-05-16','{\"dateFrom\":\"2026-04-16\",\"dateTo\":\"2026-05-16\",\"branchId\":null,\"exportType\":\"PDF\"}','2026-05-16 01:30:51.660707','EXPORTED','2026-05-16 01:30:50.904707','Admin01','ACTIVE',85,31),(57,'2026-04-16','2026-05-16','{\"dateFrom\":\"2026-04-16\",\"dateTo\":\"2026-05-16\",\"branchId\":null,\"exportType\":\"PDF\"}','2026-05-16 01:31:25.964342','EXPORTED','2026-05-16 01:31:25.332338','Admin01','ACTIVE',86,31),(58,'2026-04-16','2026-05-16','{\"dateFrom\":\"2026-04-16\",\"dateTo\":\"2026-05-16\",\"branchId\":null,\"exportType\":\"PDF\"}','2026-05-16 01:33:00.899744','EXPORTED','2026-05-16 01:33:00.324746','Admin01','ACTIVE',88,31),(59,'2026-04-16','2026-05-16','{\"dateFrom\":\"2026-04-16\",\"dateTo\":\"2026-05-16\",\"branchId\":null,\"exportType\":\"PDF\"}','2026-05-16 01:36:51.202063','EXPORTED','2026-05-16 01:36:50.300066','Admin01','ACTIVE',90,31),(60,'2026-04-16','2026-05-16','{\"dateFrom\":\"2026-04-16\",\"dateTo\":\"2026-05-16\",\"branchId\":null,\"exportType\":\"PDF\"}','2026-05-16 08:07:39.238434','EXPORTED','2026-05-16 08:07:38.604432','Admin01','ACTIVE',92,31),(61,'2026-04-16','2026-05-16','{\"dateFrom\":\"2026-04-16\",\"dateTo\":\"2026-05-16\",\"branchId\":null,\"exportType\":\"PDF\"}','2026-05-16 08:10:16.784418','EXPORTED','2026-05-16 08:10:16.298417','Admin01','ACTIVE',94,31),(62,'2026-04-16','2026-05-16','{\"dateFrom\":\"2026-04-16\",\"dateTo\":\"2026-05-16\",\"branchId\":null,\"exportType\":\"VIEW\"}','2026-05-17 01:23:59.291737','GENERATED','2026-05-17 01:23:58.377742','admin01','ACTIVE',95,1),(63,'2026-04-16','2026-05-16','{\"dateFrom\":\"2026-04-16\",\"dateTo\":\"2026-05-16\",\"branchId\":null,\"exportType\":\"VIEW\"}','2026-05-17 01:24:11.558763','GENERATED','2026-05-17 01:24:11.415767','admin01','ACTIVE',96,2),(64,'2026-04-16','2026-05-16','{\"dateFrom\":\"2026-04-16\",\"dateTo\":\"2026-05-16\",\"branchId\":null,\"exportType\":\"VIEW\"}','2026-05-17 01:24:13.842073','GENERATED','2026-05-17 01:24:13.734080','admin01','ACTIVE',97,3),(65,'2026-04-16','2026-05-16','{\"dateFrom\":\"2026-04-16\",\"dateTo\":\"2026-05-16\",\"branchId\":null,\"exportType\":\"VIEW\"}','2026-05-17 01:24:20.794732','GENERATED','2026-05-17 01:24:20.683727','admin01','ACTIVE',98,4),(66,'2026-04-16','2026-05-16','{\"dateFrom\":\"2026-04-16\",\"dateTo\":\"2026-05-16\",\"branchId\":null,\"exportType\":\"VIEW\"}','2026-05-17 01:24:23.113930','GENERATED','2026-05-17 01:24:23.009939','admin01','ACTIVE',99,5),(67,'2026-04-16','2026-05-16','{\"dateFrom\":\"2026-04-16\",\"dateTo\":\"2026-05-16\",\"branchId\":null,\"exportType\":\"VIEW\"}','2026-05-17 01:24:24.504131','GENERATED','2026-05-17 01:24:24.410138','admin01','ACTIVE',100,6),(68,'2026-04-16','2026-05-16','{\"dateFrom\":\"2026-04-16\",\"dateTo\":\"2026-05-16\",\"branchId\":null,\"exportType\":\"VIEW\"}','2026-05-17 01:24:31.843776','GENERATED','2026-05-17 01:24:31.765772','admin01','ACTIVE',101,1),(69,'2026-04-16','2026-05-16','{\"dateFrom\":\"2026-04-16\",\"dateTo\":\"2026-05-16\",\"branchId\":null,\"exportType\":\"VIEW\"}','2026-05-17 01:24:43.715856','GENERATED','2026-05-17 01:24:43.645860','admin01','ACTIVE',102,2),(70,'2026-04-16','2026-05-16','{\"dateFrom\":\"2026-04-16\",\"dateTo\":\"2026-05-16\",\"branchId\":null,\"exportType\":\"VIEW\"}','2026-05-17 01:24:45.534772','GENERATED','2026-05-17 01:24:45.436773','admin01','ACTIVE',103,3),(71,'2026-04-16','2026-05-16','{\"dateFrom\":\"2026-04-16\",\"dateTo\":\"2026-05-16\",\"branchId\":null,\"exportType\":\"VIEW\"}','2026-05-17 01:24:55.772385','GENERATED','2026-05-17 01:24:55.709393','admin01','ACTIVE',104,5),(72,'2026-04-17','2026-05-17','{\"dateFrom\":\"2026-04-17\",\"dateTo\":\"2026-05-17\",\"branchId\":null,\"exportType\":\"VIEW\"}','2026-05-17 08:28:33.495694','GENERATED','2026-05-17 08:28:32.613289','admin01','ACTIVE',105,1),(73,'2026-04-17','2026-05-17','{\"dateFrom\":\"2026-04-17\",\"dateTo\":\"2026-05-17\",\"branchId\":null,\"exportType\":\"VIEW\"}','2026-05-17 08:29:27.164171','GENERATED','2026-05-17 08:29:26.983165','admin01','ACTIVE',106,2),(74,'2026-04-17','2026-05-17','{\"dateFrom\":\"2026-04-17\",\"dateTo\":\"2026-05-17\",\"branchId\":null,\"exportType\":\"VIEW\"}','2026-05-17 08:29:46.666165','GENERATED','2026-05-17 08:29:46.513168','admin01','ACTIVE',107,3),(75,'2026-04-17','2026-05-17','{\"dateFrom\":\"2026-04-17\",\"dateTo\":\"2026-05-17\",\"branchId\":null,\"exportType\":\"VIEW\"}','2026-05-17 08:30:25.933400','GENERATED','2026-05-17 08:30:25.670405','admin01','ACTIVE',108,4),(76,'2026-04-17','2026-05-17','{\"dateFrom\":\"2026-04-17\",\"dateTo\":\"2026-05-17\",\"branchId\":null,\"exportType\":\"VIEW\"}','2026-05-17 08:30:49.876932','GENERATED','2026-05-17 08:30:49.678931','admin01','ACTIVE',109,5),(77,'2026-04-17','2026-05-17','{\"dateFrom\":\"2026-04-17\",\"dateTo\":\"2026-05-17\",\"branchId\":null,\"exportType\":\"VIEW\"}','2026-05-17 08:31:08.384999','GENERATED','2026-05-17 08:31:08.187004','admin01','ACTIVE',110,6),(78,'2026-04-17','2026-05-17','{\"dateFrom\":\"2026-04-17\",\"dateTo\":\"2026-05-17\",\"branchId\":null,\"exportType\":\"VIEW\"}','2026-05-17 08:31:38.028997','GENERATED','2026-05-17 08:31:37.783999','admin01','ACTIVE',111,6),(79,'2026-04-17','2026-05-17','{\"dateFrom\":\"2026-04-17\",\"dateTo\":\"2026-05-17\",\"branchId\":null,\"exportType\":\"VIEW\"}','2026-05-17 08:49:30.990164','GENERATED','2026-05-17 08:49:30.866142','admin01','ACTIVE',112,1),(80,'2026-04-17','2026-05-17','{\"dateFrom\":\"2026-04-17\",\"dateTo\":\"2026-05-17\",\"branchId\":null,\"exportType\":\"VIEW\"}','2026-05-17 08:49:39.304147','GENERATED','2026-05-17 08:49:39.212146','admin01','ACTIVE',113,2),(81,'2026-04-17','2026-05-17','{\"dateFrom\":\"2026-04-17\",\"dateTo\":\"2026-05-17\",\"branchId\":null,\"exportType\":\"VIEW\"}','2026-05-17 08:49:42.895956','GENERATED','2026-05-17 08:49:42.777979','admin01','ACTIVE',114,3),(82,'2026-04-17','2026-05-17','{\"dateFrom\":\"2026-04-17\",\"dateTo\":\"2026-05-17\",\"branchId\":null,\"exportType\":\"VIEW\"}','2026-05-17 08:49:44.363448','GENERATED','2026-05-17 08:49:44.284451','admin01','ACTIVE',115,4),(83,'2026-04-17','2026-05-17','{\"dateFrom\":\"2026-04-17\",\"dateTo\":\"2026-05-17\",\"branchId\":null,\"exportType\":\"VIEW\"}','2026-05-17 08:49:47.169164','GENERATED','2026-05-17 08:49:47.067161','admin01','ACTIVE',116,5),(84,'2026-04-17','2026-05-17','{\"dateFrom\":\"2026-04-17\",\"dateTo\":\"2026-05-17\",\"branchId\":null,\"exportType\":\"VIEW\"}','2026-05-17 08:49:49.099737','GENERATED','2026-05-17 08:49:49.009744','admin01','ACTIVE',117,6),(85,'2026-04-17','2026-05-17','{\"dateFrom\":\"2026-04-17\",\"dateTo\":\"2026-05-17\",\"branchId\":null,\"exportType\":\"VIEW\"}','2026-05-17 09:00:00.902935','GENERATED','2026-05-17 09:00:00.794934','admin01','ACTIVE',118,1),(86,'2026-04-17','2026-05-17','{\"dateFrom\":\"2026-04-17\",\"dateTo\":\"2026-05-17\",\"branchId\":null,\"exportType\":\"VIEW\"}','2026-05-17 09:03:21.337796','GENERATED','2026-05-17 09:03:21.240803','admin01','ACTIVE',119,1),(87,'2026-04-17','2026-05-17','{\"dateFrom\":\"2026-04-17\",\"dateTo\":\"2026-05-17\",\"branchId\":null,\"exportType\":\"VIEW\"}','2026-05-17 09:08:41.306615','GENERATED','2026-05-17 09:08:41.198622','admin01','ACTIVE',120,1),(88,'2026-04-17','2026-05-17','{\"dateFrom\":\"2026-04-17\",\"dateTo\":\"2026-05-17\",\"branchId\":null,\"exportType\":\"VIEW\"}','2026-05-17 09:09:44.952195','GENERATED','2026-05-17 09:09:44.566198','admin01','ACTIVE',121,1),(89,'2026-04-17','2026-05-17','{\"dateFrom\":\"2026-04-17\",\"dateTo\":\"2026-05-17\",\"branchId\":null,\"exportType\":\"VIEW\"}','2026-05-17 09:14:10.692505','GENERATED','2026-05-17 09:14:10.584505','admin01','ACTIVE',122,1),(90,'2026-04-17','2026-05-17','{\"dateFrom\":\"2026-04-17\",\"dateTo\":\"2026-05-17\",\"branchId\":null,\"exportType\":\"VIEW\"}','2026-05-17 09:18:08.417763','GENERATED','2026-05-17 09:18:08.241766','admin01','ACTIVE',123,1),(91,'2026-04-17','2026-05-17','{\"dateFrom\":\"2026-04-17\",\"dateTo\":\"2026-05-17\",\"branchId\":null,\"exportType\":\"VIEW\"}','2026-05-17 09:18:56.602388','GENERATED','2026-05-17 09:18:56.385387','admin01','ACTIVE',124,1),(92,'2026-04-17','2026-05-17','{\"dateFrom\":\"2026-04-17\",\"dateTo\":\"2026-05-17\",\"branchId\":null,\"exportType\":\"VIEW\"}','2026-05-17 09:19:18.874631','GENERATED','2026-05-17 09:19:18.662627','admin01','ACTIVE',125,1),(93,'2026-04-17','2026-05-17','{\"dateFrom\":\"2026-04-17\",\"dateTo\":\"2026-05-17\",\"branchId\":null,\"exportType\":\"VIEW\"}','2026-05-17 09:19:20.546635','GENERATED','2026-05-17 09:19:20.225635','admin01','ACTIVE',126,1),(94,'2026-04-17','2026-05-17','{\"dateFrom\":\"2026-04-17\",\"dateTo\":\"2026-05-17\",\"branchId\":null,\"exportType\":\"VIEW\"}','2026-05-17 09:21:21.143712','GENERATED','2026-05-17 09:21:20.976718','admin01','ACTIVE',127,1),(95,'2026-04-17','2026-05-17','{\"dateFrom\":\"2026-04-17\",\"dateTo\":\"2026-05-17\",\"branchId\":null,\"exportType\":\"VIEW\"}','2026-05-17 09:28:41.720424','GENERATED','2026-05-17 09:28:41.584425','admin01','ACTIVE',128,1),(96,'2026-04-17','2026-05-17','{\"dateFrom\":\"2026-04-17\",\"dateTo\":\"2026-05-17\",\"branchId\":null,\"exportType\":\"VIEW\"}','2026-05-17 09:29:29.371965','GENERATED','2026-05-17 09:29:29.228963','admin01','ACTIVE',129,1),(97,'2026-04-17','2026-05-17','{\"dateFrom\":\"2026-04-17\",\"dateTo\":\"2026-05-17\",\"branchId\":null,\"exportType\":\"VIEW\"}','2026-05-17 09:30:06.250197','GENERATED','2026-05-17 09:30:06.054194','admin01','ACTIVE',130,1),(98,'2026-04-18','2026-05-18','{\"dateFrom\":\"2026-04-18\",\"dateTo\":\"2026-05-18\",\"branchId\":null,\"exportType\":\"VIEW\"}','2026-05-18 08:35:02.894586','GENERATED','2026-05-18 08:35:01.493586','admin01','ACTIVE',131,3),(99,'2026-04-18','2026-05-18','{\"dateFrom\":\"2026-04-18\",\"dateTo\":\"2026-05-18\",\"branchId\":null,\"exportType\":\"VIEW\"}','2026-05-18 08:43:36.708620','GENERATED','2026-05-18 08:43:36.199622','admin01','ACTIVE',132,35),(100,'2026-04-18','2026-05-18','{\"dateFrom\":\"2026-04-18\",\"dateTo\":\"2026-05-18\",\"branchId\":null,\"exportType\":\"VIEW\"}','2026-05-18 08:46:24.200373','GENERATED','2026-05-18 08:46:24.021375','admin01','ACTIVE',133,3),(101,'2026-04-18','2026-05-18','{\"dateFrom\":\"2026-04-18\",\"dateTo\":\"2026-05-18\",\"branchId\":null,\"exportType\":\"VIEW\"}','2026-05-18 08:46:26.471367','GENERATED','2026-05-18 08:46:26.341371','admin01','ACTIVE',134,4),(102,'2026-04-18','2026-05-18','{\"dateFrom\":\"2026-04-18\",\"dateTo\":\"2026-05-18\",\"branchId\":null,\"exportType\":\"VIEW\"}','2026-05-18 08:46:28.152373','GENERATED','2026-05-18 08:46:28.022370','admin01','ACTIVE',135,5),(103,'2026-04-18','2026-05-18','{\"dateFrom\":\"2026-04-18\",\"dateTo\":\"2026-05-18\",\"branchId\":null,\"exportType\":\"VIEW\"}','2026-05-18 08:46:30.184374','GENERATED','2026-05-18 08:46:29.998371','admin01','ACTIVE',136,35),(104,'2026-04-18','2026-05-18','{\"dateFrom\":\"2026-04-18\",\"dateTo\":\"2026-05-18\",\"branchId\":null,\"exportType\":\"VIEW\"}','2026-05-18 08:46:33.466369','GENERATED','2026-05-18 08:46:33.359375','admin01','ACTIVE',137,2),(105,'2026-04-18','2026-05-18','{\"dateFrom\":\"2026-04-18\",\"dateTo\":\"2026-05-18\",\"branchId\":null,\"exportType\":\"VIEW\"}','2026-05-18 08:46:55.096663','GENERATED','2026-05-18 08:46:54.960666','admin01','ACTIVE',138,35),(106,'2026-04-18','2026-05-18','{\"dateFrom\":\"2026-04-18\",\"dateTo\":\"2026-05-18\",\"branchId\":null,\"exportType\":\"VIEW\"}','2026-05-18 08:47:04.865951','GENERATED','2026-05-18 08:47:04.793950','admin01','ACTIVE',139,3),(107,'2026-04-18','2026-05-18','{\"dateFrom\":\"2026-04-18\",\"dateTo\":\"2026-05-18\",\"branchId\":null,\"exportType\":\"VIEW\"}','2026-05-18 08:47:10.491586','GENERATED','2026-05-18 08:47:10.397591','admin01','ACTIVE',140,35),(108,'2026-04-18','2026-05-18','{\"dateFrom\":\"2026-04-18\",\"dateTo\":\"2026-05-18\",\"branchId\":null,\"exportType\":\"VIEW\"}','2026-05-18 08:58:02.542113','GENERATED','2026-05-18 08:58:02.400115','admin01','ACTIVE',141,35),(109,'2026-01-01','2026-05-18','{\"dateFrom\":\"2026-01-01\",\"dateTo\":\"2026-05-18\",\"branchId\":null,\"exportType\":\"VIEW\"}','2026-05-18 09:37:54.438470','GENERATED','2026-05-18 09:37:52.337470','admin01','ACTIVE',142,35),(110,'2026-01-01','2026-05-18','{\"dateFrom\":\"2026-01-01\",\"dateTo\":\"2026-05-18\",\"branchId\":null,\"exportType\":\"VIEW\"}','2026-05-18 09:38:49.760539','GENERATED','2026-05-18 09:38:49.340543','admin01','ACTIVE',143,35),(111,'2026-01-01','2026-05-18','{\"dateFrom\":\"2026-01-01\",\"dateTo\":\"2026-05-18\",\"branchId\":null,\"exportType\":\"VIEW\"}','2026-05-18 09:42:45.477091','GENERATED','2026-05-18 09:42:45.174088','admin01','ACTIVE',144,35),(112,'2026-01-01','2026-05-18','{\"dateFrom\":\"2026-01-01\",\"dateTo\":\"2026-05-18\",\"branchId\":null,\"exportType\":\"VIEW\"}','2026-05-18 09:47:28.356939','GENERATED','2026-05-18 09:47:28.166936','admin01','ACTIVE',145,35),(113,'2026-04-18','2026-05-18','{\"dateFrom\":\"2026-04-18\",\"dateTo\":\"2026-05-18\",\"branchId\":null,\"exportType\":\"VIEW\"}','2026-05-18 09:48:26.313098','GENERATED','2026-05-18 09:48:26.159121','admin01','ACTIVE',146,3),(114,'2026-04-18','2026-05-18','{\"dateFrom\":\"2026-04-18\",\"dateTo\":\"2026-05-18\",\"branchId\":null,\"exportType\":\"VIEW\"}','2026-05-18 09:48:29.674230','GENERATED','2026-05-18 09:48:29.547235','admin01','ACTIVE',147,35),(115,'2026-04-18','2026-05-18','{\"dateFrom\":\"2026-04-18\",\"dateTo\":\"2026-05-18\",\"branchId\":null,\"exportType\":\"VIEW\"}','2026-05-18 09:59:51.519577','GENERATED','2026-05-18 09:59:51.279572','admin01','ACTIVE',148,35),(116,'2026-01-01','2026-05-18','{\"dateFrom\":\"2026-01-01\",\"dateTo\":\"2026-05-18\",\"branchId\":null,\"exportType\":\"VIEW\"}','2026-05-18 10:25:18.083900','GENERATED','2026-05-18 10:25:17.863902','admin01','ACTIVE',149,35),(117,'2026-04-18','2026-05-18','{\"dateFrom\":\"2026-04-18\",\"dateTo\":\"2026-05-18\",\"branchId\":null,\"exportType\":\"VIEW\"}','2026-05-18 10:26:31.165174','GENERATED','2026-05-18 10:26:31.015173','admin01','ACTIVE',150,2),(118,'2026-04-18','2026-05-18','{\"dateFrom\":\"2026-04-18\",\"dateTo\":\"2026-05-18\",\"branchId\":null,\"exportType\":\"VIEW\"}','2026-05-18 10:26:35.173765','GENERATED','2026-05-18 10:26:34.983768','admin01','ACTIVE',151,1);
/*!40000 ALTER TABLE `report_request_log` ENABLE KEYS */;
UNLOCK TABLES;

--
-- Table structure for table `revoked_token`
--

DROP TABLE IF EXISTS `revoked_token`;
/*!40101 SET @saved_cs_client     = @@character_set_client */;
/*!50503 SET character_set_client = utf8mb4 */;
CREATE TABLE `revoked_token` (
  `id` bigint NOT NULL AUTO_INCREMENT,
  `expires_at` datetime(6) NOT NULL,
  `revoked_at` datetime(6) NOT NULL,
  `token_id` varchar(100) NOT NULL,
  `user_id` bigint DEFAULT NULL,
  `username` varchar(100) DEFAULT NULL,
  PRIMARY KEY (`id`),
  UNIQUE KEY `uk_revoked_token_jti` (`token_id`)
) ENGINE=InnoDB DEFAULT CHARSET=utf8mb4 COLLATE=utf8mb4_0900_ai_ci;
/*!40101 SET character_set_client = @saved_cs_client */;

--
-- Dumping data for table `revoked_token`
--

LOCK TABLES `revoked_token` WRITE;
/*!40000 ALTER TABLE `revoked_token` DISABLE KEYS */;
/*!40000 ALTER TABLE `revoked_token` ENABLE KEYS */;
UNLOCK TABLES;

--
-- Table structure for table `role_permission`
--

DROP TABLE IF EXISTS `role_permission`;
/*!40101 SET @saved_cs_client     = @@character_set_client */;
/*!50503 SET character_set_client = utf8mb4 */;
CREATE TABLE `role_permission` (
  `id` bigint NOT NULL AUTO_INCREMENT,
  `role_id` bigint NOT NULL,
  `module_name` varchar(100) NOT NULL,
  `action_name` varchar(100) NOT NULL,
  `permission_code` varchar(150) NOT NULL,
  `display_name` varchar(180) NOT NULL,
  `allow_flag` bit(1) NOT NULL DEFAULT b'1',
  `created_at` datetime(6) NOT NULL,
  `created_by` varchar(120) DEFAULT NULL,
  PRIMARY KEY (`id`),
  KEY `idx_role_permission_role_id` (`role_id`),
  KEY `idx_role_permission_code` (`permission_code`),
  CONSTRAINT `fk_role_permission_role` FOREIGN KEY (`role_id`) REFERENCES `roles` (`id`)
) ENGINE=InnoDB AUTO_INCREMENT=923 DEFAULT CHARSET=utf8mb4 COLLATE=utf8mb4_0900_ai_ci;
/*!40101 SET character_set_client = @saved_cs_client */;

--
-- Dumping data for table `role_permission`
--

LOCK TABLES `role_permission` WRITE;
/*!40000 ALTER TABLE `role_permission` DISABLE KEYS */;
INSERT INTO `role_permission` VALUES (318,1,'ADMIN','ACCESS','ADMIN_DASHBOARD_ACCESS','Admin Dashboard - Dashboard Access',_binary '','2026-05-08 09:17:45.000000','MODULE_1_SEED'),(319,1,'ROLE_MANAGEMENT','ACCESS','ROLE_MANAGEMENT_ACCESS','Role Management - Module Access',_binary '','2026-05-08 09:17:45.000000','MODULE_1_SEED'),(320,1,'ROLE_MANAGEMENT','VIEW','ROLE_VIEW','Role Management - View Roles',_binary '','2026-05-08 09:17:45.000000','MODULE_1_SEED'),(321,1,'ROLE_MANAGEMENT','CREATE','ROLE_CREATE','Role Management - Create Role',_binary '','2026-05-08 09:17:45.000000','MODULE_1_SEED'),(322,1,'ROLE_MANAGEMENT','EDIT','ROLE_EDIT','Role Management - Edit Role',_binary '','2026-05-08 09:17:45.000000','MODULE_1_SEED'),(323,1,'ROLE_MANAGEMENT','ARCHIVE','ROLE_ARCHIVE','Role Management - Archive Role',_binary '','2026-05-08 09:17:45.000000','MODULE_1_SEED'),(324,1,'ROLE_MANAGEMENT','RESTORE','ROLE_RESTORE','Role Management - Restore Role',_binary '','2026-05-08 09:17:45.000000','MODULE_1_SEED'),(325,1,'ROLE_MANAGEMENT','MAP_PERMISSIONS','ROLE_MAP_PERMISSIONS','Role Management - Map Permissions',_binary '','2026-05-08 09:17:45.000000','MODULE_1_SEED'),(326,1,'USER_MANAGEMENT','ACCESS','USER_MANAGEMENT_ACCESS','User Management - Module Access',_binary '','2026-05-08 09:17:45.000000','MODULE_1_SEED'),(327,1,'USER_MANAGEMENT','VIEW','USER_VIEW','User Management - View Users',_binary '','2026-05-08 09:17:45.000000','MODULE_1_SEED'),(328,1,'USER_MANAGEMENT','CREATE','USER_CREATE','User Management - Create User',_binary '','2026-05-08 09:17:45.000000','MODULE_1_SEED'),(329,1,'USER_MANAGEMENT','EDIT','USER_EDIT','User Management - Edit User',_binary '','2026-05-08 09:17:45.000000','MODULE_1_SEED'),(330,1,'USER_MANAGEMENT','ARCHIVE','USER_ARCHIVE','User Management - Archive User',_binary '','2026-05-08 09:17:45.000000','MODULE_1_SEED'),(331,1,'USER_MANAGEMENT','RESTORE','USER_RESTORE','User Management - Restore User',_binary '','2026-05-08 09:17:45.000000','MODULE_1_SEED'),(332,1,'USER_MANAGEMENT','LOCK','USER_LOCK','User Management - Lock User',_binary '','2026-05-08 09:17:45.000000','MODULE_1_SEED'),(333,1,'USER_MANAGEMENT','UNLOCK','USER_UNLOCK','User Management - Unlock User',_binary '','2026-05-08 09:17:45.000000','MODULE_1_SEED'),(334,1,'USER_MANAGEMENT','RESET_PASSWORD','USER_RESET_PASSWORD','User Management - Reset Password',_binary '','2026-05-08 09:17:45.000000','MODULE_1_SEED'),(335,1,'USER_MANAGEMENT','ASSIGN_ROLE','USER_ASSIGN_ROLE','User Management - Assign Role',_binary '','2026-05-08 09:17:45.000000','MODULE_1_SEED'),(336,1,'LOOKUP_CONFIG','ACCESS','LOOKUP_CONFIG_ACCESS','Lookup / Config - Module Access',_binary '','2026-05-08 09:17:45.000000','MODULE_1_SEED'),(337,1,'BRANCH_MANAGEMENT','ACCESS','BRANCH_MANAGEMENT_ACCESS','Branch Management - Module Access',_binary '','2026-05-08 09:17:45.000000','MODULE_1_SEED'),(338,1,'ATM_CDM','ACCESS','ATM_CDM_ACCESS','ATM / CDM - Module Access',_binary '','2026-05-08 09:17:45.000000','MODULE_1_SEED'),(339,1,'CUSTOMER_MANAGEMENT','ACCESS','CUSTOMER_MANAGEMENT_ACCESS','Customer Management - Module Access',_binary '','2026-05-08 09:17:45.000000','MODULE_1_SEED'),(340,1,'KYC_MANAGEMENT','ACCESS','KYC_MANAGEMENT_ACCESS','KYC Management - Module Access',_binary '','2026-05-08 09:17:45.000000','MODULE_1_SEED'),(341,1,'ACCOUNT_MANAGEMENT','ACCESS','ACCOUNT_MANAGEMENT_ACCESS','Account Management - Module Access',_binary '','2026-05-08 09:17:45.000000','MODULE_1_SEED'),(342,1,'TRANSACTIONS','ACCESS','TRANSACTIONS_ACCESS','Transactions - Module Access',_binary '','2026-05-08 09:17:45.000000','MODULE_1_SEED'),(343,1,'PROFIT_MANAGEMENT','ACCESS','PROFIT_MANAGEMENT_ACCESS','Profit Management - Module Access',_binary '','2026-05-08 09:17:45.000000','MODULE_1_SEED'),(344,1,'CARD_MANAGEMENT','ACCESS','CARD_MANAGEMENT_ACCESS','Card Management - Module Access',_binary '','2026-05-08 09:17:45.000000','MODULE_1_SEED'),(345,1,'STATEMENTS','ACCESS','STATEMENTS_ACCESS','Statements - Module Access',_binary '','2026-05-08 09:17:45.000000','MODULE_1_SEED'),(346,1,'DEPOSIT_SCHEMES','ACCESS','DEPOSIT_SCHEMES_ACCESS','Deposit Schemes - Module Access',_binary '','2026-05-08 09:17:45.000000','MODULE_1_SEED'),(347,1,'FINANCING','ACCESS','FINANCING_ACCESS','Financing - Module Access',_binary '','2026-05-08 09:17:45.000000','MODULE_1_SEED'),(348,1,'CONTRACTS','ACCESS','CONTRACTS_ACCESS','Contracts - Module Access',_binary '','2026-05-08 09:17:45.000000','MODULE_1_SEED'),(349,1,'SHARIAH_REVIEW','ACCESS','SHARIAH_REVIEW_ACCESS','Shariah Review - Module Access',_binary '','2026-05-08 09:17:45.000000','MODULE_1_SEED'),(350,1,'ZAKAT_CHARITY','ACCESS','ZAKAT_CHARITY_ACCESS','Zakat & Charity - Module Access',_binary '','2026-05-08 09:17:45.000000','MODULE_1_SEED'),(351,1,'NOTIFICATION_ALERTS','ACCESS','NOTIFICATION_ALERTS_ACCESS','Notification & Alerts - Module Access',_binary '','2026-05-08 09:17:45.000000','MODULE_1_SEED'),(352,1,'INTEGRATION_MANAGEMENT','ACCESS','INTEGRATION_MANAGEMENT_ACCESS','Integration Management - Module Access',_binary '','2026-05-08 09:17:45.000000','MODULE_1_SEED'),(353,1,'REPORTING_REGULATORY','ACCESS','REPORTING_REGULATORY_ACCESS','Reporting & Regulatory - Module Access',_binary '','2026-05-08 09:17:45.000000','MODULE_1_SEED'),(354,1,'SECURITY_AUDIT','ACCESS','SECURITY_AUDIT_ACCESS','Security / Audit - Module Access',_binary '','2026-05-08 09:17:45.000000','MODULE_1_SEED'),(355,1,'WORKFLOW_SUPPORT','ACCESS','WORKFLOW_SUPPORT_ACCESS','Workflow Support - Module Access',_binary '','2026-05-08 09:17:45.000000','MODULE_1_SEED'),(356,1,'VERIFICATION','ACCESS','VERIFICATION_ACCESS','Verification - Module Access',_binary '','2026-05-08 09:17:45.000000','MODULE_1_SEED'),(357,1,'CALCULATION_ENGINE','ACCESS','CALCULATION_ENGINE_ACCESS','Calculation Engine - Module Access',_binary '','2026-05-08 09:17:45.000000','MODULE_1_SEED'),(358,2,'ADMIN','ACCESS','ADMIN_DASHBOARD_ACCESS','Admin Dashboard - Dashboard Access',_binary '','2026-05-08 09:17:45.000000','MODULE_1_SEED'),(359,2,'BRANCH_MANAGEMENT','ACCESS','BRANCH_MANAGEMENT_ACCESS','Branch Management - Module Access',_binary '','2026-05-08 09:17:45.000000','MODULE_1_SEED'),(360,2,'ATM_CDM','ACCESS','ATM_CDM_ACCESS','ATM / CDM - Module Access',_binary '','2026-05-08 09:17:45.000000','MODULE_1_SEED'),(361,2,'CUSTOMER_MANAGEMENT','ACCESS','CUSTOMER_MANAGEMENT_ACCESS','Customer Management - Module Access',_binary '','2026-05-08 09:17:45.000000','MODULE_1_SEED'),(362,2,'KYC_MANAGEMENT','ACCESS','KYC_MANAGEMENT_ACCESS','KYC Management - Module Access',_binary '','2026-05-08 09:17:45.000000','MODULE_1_SEED'),(363,2,'ACCOUNT_MANAGEMENT','ACCESS','ACCOUNT_MANAGEMENT_ACCESS','Account Management - Module Access',_binary '','2026-05-08 09:17:45.000000','MODULE_1_SEED'),(364,2,'TRANSACTIONS','ACCESS','TRANSACTIONS_ACCESS','Transactions - Module Access',_binary '','2026-05-08 09:17:45.000000','MODULE_1_SEED'),(365,2,'STATEMENTS','ACCESS','STATEMENTS_ACCESS','Statements - Module Access',_binary '','2026-05-08 09:17:45.000000','MODULE_1_SEED'),(366,2,'CARD_MANAGEMENT','ACCESS','CARD_MANAGEMENT_ACCESS','Card Management - Module Access',_binary '','2026-05-08 09:17:45.000000','MODULE_1_SEED'),(367,2,'WORKFLOW_SUPPORT','ACCESS','WORKFLOW_SUPPORT_ACCESS','Workflow Support - Module Access',_binary '','2026-05-08 09:17:45.000000','MODULE_1_SEED'),(368,3,'ADMIN','ACCESS','ADMIN_DASHBOARD_ACCESS','Admin Dashboard - Dashboard Access',_binary '','2026-05-08 09:17:45.000000','MODULE_1_SEED'),(369,3,'BRANCH_MANAGEMENT','ACCESS','BRANCH_MANAGEMENT_ACCESS','Branch Management - Module Access',_binary '','2026-05-08 09:17:45.000000','MODULE_1_SEED'),(370,3,'ATM_CDM','ACCESS','ATM_CDM_ACCESS','ATM / CDM - Module Access',_binary '','2026-05-08 09:17:45.000000','MODULE_1_SEED'),(371,3,'CUSTOMER_MANAGEMENT','ACCESS','CUSTOMER_MANAGEMENT_ACCESS','Customer Management - Module Access',_binary '','2026-05-08 09:17:45.000000','MODULE_1_SEED'),(372,3,'ACCOUNT_MANAGEMENT','ACCESS','ACCOUNT_MANAGEMENT_ACCESS','Account Management - Module Access',_binary '','2026-05-08 09:17:45.000000','MODULE_1_SEED'),(373,3,'TRANSACTIONS','ACCESS','TRANSACTIONS_ACCESS','Transactions - Module Access',_binary '','2026-05-08 09:17:45.000000','MODULE_1_SEED'),(374,3,'STATEMENTS','ACCESS','STATEMENTS_ACCESS','Statements - Module Access',_binary '','2026-05-08 09:17:45.000000','MODULE_1_SEED'),(375,4,'ADMIN','ACCESS','ADMIN_DASHBOARD_ACCESS','Admin Dashboard - Dashboard Access',_binary '','2026-05-08 09:17:45.000000','MODULE_1_SEED'),(376,4,'BRANCH_MANAGEMENT','ACCESS','BRANCH_MANAGEMENT_ACCESS','Branch Management - Module Access',_binary '','2026-05-08 09:17:45.000000','MODULE_1_SEED'),(377,4,'ATM_CDM','ACCESS','ATM_CDM_ACCESS','ATM / CDM - Module Access',_binary '','2026-05-08 09:17:45.000000','MODULE_1_SEED'),(378,4,'CUSTOMER_MANAGEMENT','ACCESS','CUSTOMER_MANAGEMENT_ACCESS','Customer Management - Module Access',_binary '','2026-05-08 09:17:45.000000','MODULE_1_SEED'),(379,4,'KYC_MANAGEMENT','ACCESS','KYC_MANAGEMENT_ACCESS','KYC Management - Module Access',_binary '','2026-05-08 09:17:45.000000','MODULE_1_SEED'),(380,4,'ACCOUNT_MANAGEMENT','ACCESS','ACCOUNT_MANAGEMENT_ACCESS','Account Management - Module Access',_binary '','2026-05-08 09:17:45.000000','MODULE_1_SEED'),(381,4,'TRANSACTIONS','ACCESS','TRANSACTIONS_ACCESS','Transactions - Module Access',_binary '','2026-05-08 09:17:45.000000','MODULE_1_SEED'),(382,4,'PROFIT_MANAGEMENT','ACCESS','PROFIT_MANAGEMENT_ACCESS','Profit Management - Module Access',_binary '','2026-05-08 09:17:45.000000','MODULE_1_SEED'),(383,4,'CARD_MANAGEMENT','ACCESS','CARD_MANAGEMENT_ACCESS','Card Management - Module Access',_binary '','2026-05-08 09:17:45.000000','MODULE_1_SEED'),(384,4,'STATEMENTS','ACCESS','STATEMENTS_ACCESS','Statements - Module Access',_binary '','2026-05-08 09:17:45.000000','MODULE_1_SEED'),(385,4,'NOTIFICATION_ALERTS','ACCESS','NOTIFICATION_ALERTS_ACCESS','Notification & Alerts - Module Access',_binary '','2026-05-08 09:17:45.000000','MODULE_1_SEED'),(386,4,'WORKFLOW_SUPPORT','ACCESS','WORKFLOW_SUPPORT_ACCESS','Workflow Support - Module Access',_binary '','2026-05-08 09:17:45.000000','MODULE_1_SEED'),(387,4,'VERIFICATION','ACCESS','VERIFICATION_ACCESS','Verification - Module Access',_binary '','2026-05-08 09:17:45.000000','MODULE_1_SEED'),(388,6,'ADMIN','ACCESS','ADMIN_DASHBOARD_ACCESS','Admin Dashboard - Dashboard Access',_binary '','2026-05-08 09:17:45.000000','MODULE_1_SEED'),(389,6,'ACCOUNT_MANAGEMENT','ACCESS','ACCOUNT_MANAGEMENT_ACCESS','Account Management - Module Access',_binary '','2026-05-08 09:17:45.000000','MODULE_1_SEED'),(390,6,'PROFIT_MANAGEMENT','ACCESS','PROFIT_MANAGEMENT_ACCESS','Profit Management - Module Access',_binary '','2026-05-08 09:17:45.000000','MODULE_1_SEED'),(391,6,'DEPOSIT_SCHEMES','ACCESS','DEPOSIT_SCHEMES_ACCESS','Deposit Schemes - Module Access',_binary '','2026-05-08 09:17:45.000000','MODULE_1_SEED'),(392,6,'FINANCING','ACCESS','FINANCING_ACCESS','Financing - Module Access',_binary '','2026-05-08 09:17:45.000000','MODULE_1_SEED'),(393,6,'CONTRACTS','ACCESS','CONTRACTS_ACCESS','Contracts - Module Access',_binary '','2026-05-08 09:17:45.000000','MODULE_1_SEED'),(394,6,'SHARIAH_REVIEW','ACCESS','SHARIAH_REVIEW_ACCESS','Shariah Review - Module Access',_binary '','2026-05-08 09:17:45.000000','MODULE_1_SEED'),(395,6,'REPORTING_REGULATORY','ACCESS','REPORTING_REGULATORY_ACCESS','Reporting & Regulatory - Module Access',_binary '','2026-05-08 09:17:45.000000','MODULE_1_SEED'),(396,6,'WORKFLOW_SUPPORT','ACCESS','WORKFLOW_SUPPORT_ACCESS','Workflow Support - Module Access',_binary '','2026-05-08 09:17:45.000000','MODULE_1_SEED'),(397,6,'CALCULATION_ENGINE','ACCESS','CALCULATION_ENGINE_ACCESS','Calculation Engine - Module Access',_binary '','2026-05-08 09:17:45.000000','MODULE_1_SEED'),(398,7,'ADMIN','ACCESS','ADMIN_DASHBOARD_ACCESS','Admin Dashboard - Dashboard Access',_binary '','2026-05-08 09:17:45.000000','MODULE_1_SEED'),(399,7,'SHARIAH_REVIEW','ACCESS','SHARIAH_REVIEW_ACCESS','Shariah Review - Module Access',_binary '','2026-05-08 09:17:45.000000','MODULE_1_SEED'),(400,7,'ZAKAT_CHARITY','ACCESS','ZAKAT_CHARITY_ACCESS','Zakat & Charity - Module Access',_binary '','2026-05-08 09:17:45.000000','MODULE_1_SEED'),(401,7,'REPORTING_REGULATORY','ACCESS','REPORTING_REGULATORY_ACCESS','Reporting & Regulatory - Module Access',_binary '','2026-05-08 09:17:45.000000','MODULE_1_SEED'),(402,7,'WORKFLOW_SUPPORT','ACCESS','WORKFLOW_SUPPORT_ACCESS','Workflow Support - Module Access',_binary '','2026-05-08 09:17:45.000000','MODULE_1_SEED'),(403,7,'CALCULATION_ENGINE','ACCESS','CALCULATION_ENGINE_ACCESS','Calculation Engine - Module Access',_binary '','2026-05-08 09:17:45.000000','MODULE_1_SEED'),(404,5,'ADMIN','ACCESS','ADMIN_DASHBOARD_ACCESS','Admin Dashboard - Dashboard Access',_binary '','2026-05-08 09:17:45.000000','MODULE_1_SEED'),(405,5,'CUSTOMER_MANAGEMENT','ACCESS','CUSTOMER_MANAGEMENT_ACCESS','Customer Management - Module Access',_binary '','2026-05-08 09:17:45.000000','MODULE_1_SEED'),(406,5,'ACCOUNT_MANAGEMENT','ACCESS','ACCOUNT_MANAGEMENT_ACCESS','Account Management - Module Access',_binary '','2026-05-08 09:17:45.000000','MODULE_1_SEED'),(407,5,'STATEMENTS','ACCESS','STATEMENTS_ACCESS','Statements - Module Access',_binary '','2026-05-08 09:17:45.000000','MODULE_1_SEED'),(408,5,'DEPOSIT_SCHEMES','ACCESS','DEPOSIT_SCHEMES_ACCESS','Deposit Schemes - Module Access',_binary '','2026-05-08 09:17:45.000000','MODULE_1_SEED'),(409,5,'FINANCING','ACCESS','FINANCING_ACCESS','Financing - Module Access',_binary '','2026-05-08 09:17:45.000000','MODULE_1_SEED'),(410,5,'CONTRACTS','ACCESS','CONTRACTS_ACCESS','Contracts - Module Access',_binary '','2026-05-08 09:17:45.000000','MODULE_1_SEED'),(411,5,'ZAKAT_CHARITY','ACCESS','ZAKAT_CHARITY_ACCESS','Zakat & Charity - Module Access',_binary '','2026-05-08 09:17:45.000000','MODULE_1_SEED'),(412,1,'TRANSACTIONS','DEPOSIT','TRANSACTION_DEPOSIT','Transactions - Post Cash Deposit',_binary '','2026-05-08 14:06:33.000000','RBAC_HARDENING'),(413,1,'TRANSACTIONS','WITHDRAW','TRANSACTION_WITHDRAW','Transactions - Post Cash Withdrawal',_binary '','2026-05-08 14:06:33.000000','RBAC_HARDENING'),(414,1,'TRANSACTIONS','TRANSFER','TRANSACTION_TRANSFER','Transactions - Post Fund Transfer',_binary '','2026-05-08 14:06:33.000000','RBAC_HARDENING'),(415,1,'TRANSACTIONS','CHEQUE_CLEARING','TRANSACTION_CHEQUE_CLEARING','Transactions - Post Cheque Clearing',_binary '','2026-05-08 14:06:33.000000','RBAC_HARDENING'),(416,1,'TRANSACTIONS','STANDING_INSTRUCTION_CREATE','TRANSACTION_STANDING_INSTRUCTION_CREATE','Transactions - Create Standing Instruction',_binary '','2026-05-08 14:06:33.000000','RBAC_HARDENING'),(417,1,'TRANSACTIONS','REVERSE','TRANSACTION_REVERSE','Transactions - Reverse Transaction',_binary '','2026-05-08 14:06:33.000000','RBAC_HARDENING'),(418,1,'FINANCING','VERIFY','FINANCING_VERIFY','Financing - Verify Financing Application',_binary '','2026-05-08 14:06:33.000000','RBAC_HARDENING'),(419,1,'FINANCING','REVIEW','FINANCING_REVIEW','Financing - Send for Shariah Review',_binary '','2026-05-08 14:06:33.000000','RBAC_HARDENING'),(420,1,'FINANCING','APPROVE','FINANCING_APPROVE','Financing - Approve Financing Application',_binary '','2026-05-08 14:06:33.000000','RBAC_HARDENING'),(421,1,'FINANCING','REJECT','FINANCING_REJECT','Financing - Reject Financing Application',_binary '','2026-05-08 14:06:33.000000','RBAC_HARDENING'),(422,1,'FINANCING','RETURN','FINANCING_RETURN','Financing - Return Financing Application',_binary '','2026-05-08 14:06:33.000000','RBAC_HARDENING'),(423,1,'FINANCING','DISBURSE','FINANCING_DISBURSE','Financing - Disburse Financing',_binary '','2026-05-08 14:06:33.000000','RBAC_HARDENING'),(424,1,'FINANCING','COLLECT_PAYMENT','FINANCING_COLLECT_PAYMENT','Financing - Collect Financing Repayment',_binary '','2026-05-08 14:06:33.000000','RBAC_HARDENING'),(425,1,'CONTRACTS','GENERATE','CONTRACT_GENERATE','Contracts - Generate Contract',_binary '','2026-05-08 14:06:33.000000','RBAC_HARDENING'),(426,1,'CONTRACTS','CUSTOMER_SIGN','CONTRACT_CUSTOMER_SIGN','Contracts - Capture Customer Signature',_binary '','2026-05-08 14:06:33.000000','RBAC_HARDENING'),(427,1,'CONTRACTS','SHARIAH_SIGN','CONTRACT_SHARIAH_SIGN','Contracts - Capture Shariah Signature',_binary '','2026-05-08 14:06:33.000000','RBAC_HARDENING'),(428,1,'SHARIAH_REVIEW','CHECKLIST_SAVE','SHARIAH_CHECKLIST_SAVE','Shariah Review - Save Shariah Checklist',_binary '','2026-05-08 14:06:33.000000','RBAC_HARDENING'),(429,1,'SHARIAH_REVIEW','APPROVE','SHARIAH_APPROVE','Shariah Review - Approve Shariah Review',_binary '','2026-05-08 14:06:33.000000','RBAC_HARDENING'),(430,1,'SHARIAH_REVIEW','REJECT','SHARIAH_REJECT','Shariah Review - Reject Shariah Review',_binary '','2026-05-08 14:06:33.000000','RBAC_HARDENING'),(431,1,'SHARIAH_REVIEW','RETURN','SHARIAH_RETURN','Shariah Review - Return Shariah Review',_binary '','2026-05-08 14:06:33.000000','RBAC_HARDENING'),(432,1,'ZAKAT_CHARITY','CALCULATE','ZAKAT_CALCULATE','Zakat & Charity - Run Zakat Calculation',_binary '','2026-05-08 14:06:33.000000','RBAC_HARDENING'),(433,1,'ZAKAT_CHARITY','PAYOUT_CREATE','CHARITY_PAYOUT_CREATE','Zakat & Charity - Create Charity Payout',_binary '','2026-05-08 14:06:33.000000','RBAC_HARDENING'),(434,3,'TRANSACTIONS','DEPOSIT','TRANSACTION_DEPOSIT','Transactions - Post Cash Deposit',_binary '','2026-05-08 14:06:33.000000','RBAC_HARDENING'),(435,3,'TRANSACTIONS','WITHDRAW','TRANSACTION_WITHDRAW','Transactions - Post Cash Withdrawal',_binary '','2026-05-08 14:06:33.000000','RBAC_HARDENING'),(436,3,'TRANSACTIONS','TRANSFER','TRANSACTION_TRANSFER','Transactions - Post Fund Transfer',_binary '','2026-05-08 14:06:33.000000','RBAC_HARDENING'),(437,3,'TRANSACTIONS','CHEQUE_CLEARING','TRANSACTION_CHEQUE_CLEARING','Transactions - Post Cheque Clearing',_binary '','2026-05-08 14:06:33.000000','RBAC_HARDENING'),(438,3,'TRANSACTIONS','STANDING_INSTRUCTION_CREATE','TRANSACTION_STANDING_INSTRUCTION_CREATE','Transactions - Create Standing Instruction',_binary '','2026-05-08 14:06:33.000000','RBAC_HARDENING'),(439,4,'TRANSACTIONS','DEPOSIT','TRANSACTION_DEPOSIT','Transactions - Post Cash Deposit',_binary '','2026-05-08 14:06:33.000000','RBAC_HARDENING'),(440,4,'TRANSACTIONS','WITHDRAW','TRANSACTION_WITHDRAW','Transactions - Post Cash Withdrawal',_binary '','2026-05-08 14:06:33.000000','RBAC_HARDENING'),(441,4,'TRANSACTIONS','TRANSFER','TRANSACTION_TRANSFER','Transactions - Post Fund Transfer',_binary '','2026-05-08 14:06:33.000000','RBAC_HARDENING'),(442,4,'TRANSACTIONS','CHEQUE_CLEARING','TRANSACTION_CHEQUE_CLEARING','Transactions - Post Cheque Clearing',_binary '','2026-05-08 14:06:33.000000','RBAC_HARDENING'),(443,4,'TRANSACTIONS','STANDING_INSTRUCTION_CREATE','TRANSACTION_STANDING_INSTRUCTION_CREATE','Transactions - Create Standing Instruction',_binary '','2026-05-08 14:06:33.000000','RBAC_HARDENING'),(444,4,'ZAKAT_CHARITY','CALCULATE','ZAKAT_CALCULATE','Zakat & Charity - Run Zakat Calculation',_binary '','2026-05-08 14:06:33.000000','RBAC_HARDENING'),(445,4,'ZAKAT_CHARITY','PAYOUT_CREATE','CHARITY_PAYOUT_CREATE','Zakat & Charity - Create Charity Payout',_binary '','2026-05-08 14:06:33.000000','RBAC_HARDENING'),(446,6,'FINANCING','VERIFY','FINANCING_VERIFY','Financing - Verify Financing Application',_binary '','2026-05-08 14:06:33.000000','RBAC_HARDENING'),(447,6,'FINANCING','REVIEW','FINANCING_REVIEW','Financing - Send for Shariah Review',_binary '','2026-05-08 14:06:33.000000','RBAC_HARDENING'),(448,6,'FINANCING','APPROVE','FINANCING_APPROVE','Financing - Approve Financing Application',_binary '','2026-05-08 14:06:33.000000','RBAC_HARDENING'),(449,6,'FINANCING','REJECT','FINANCING_REJECT','Financing - Reject Financing Application',_binary '','2026-05-08 14:06:33.000000','RBAC_HARDENING'),(450,6,'FINANCING','RETURN','FINANCING_RETURN','Financing - Return Financing Application',_binary '','2026-05-08 14:06:33.000000','RBAC_HARDENING'),(451,6,'FINANCING','COLLECT_PAYMENT','FINANCING_COLLECT_PAYMENT','Financing - Collect Financing Repayment',_binary '','2026-05-08 14:06:33.000000','RBAC_HARDENING'),(452,6,'CONTRACTS','GENERATE','CONTRACT_GENERATE','Contracts - Generate Contract',_binary '','2026-05-08 14:06:33.000000','RBAC_HARDENING'),(453,6,'CONTRACTS','CUSTOMER_SIGN','CONTRACT_CUSTOMER_SIGN','Contracts - Capture Customer Signature',_binary '','2026-05-08 14:06:33.000000','RBAC_HARDENING'),(454,2,'FINANCING','DISBURSE','FINANCING_DISBURSE','Financing - Disburse Financing',_binary '','2026-05-08 14:06:33.000000','RBAC_HARDENING'),(455,7,'SHARIAH_REVIEW','CHECKLIST_SAVE','SHARIAH_CHECKLIST_SAVE','Shariah Review - Save Shariah Checklist',_binary '','2026-05-08 14:06:33.000000','RBAC_HARDENING'),(456,7,'SHARIAH_REVIEW','APPROVE','SHARIAH_APPROVE','Shariah Review - Approve Shariah Review',_binary '','2026-05-08 14:06:33.000000','RBAC_HARDENING'),(457,7,'SHARIAH_REVIEW','REJECT','SHARIAH_REJECT','Shariah Review - Reject Shariah Review',_binary '','2026-05-08 14:06:33.000000','RBAC_HARDENING'),(458,7,'SHARIAH_REVIEW','RETURN','SHARIAH_RETURN','Shariah Review - Return Shariah Review',_binary '','2026-05-08 14:06:33.000000','RBAC_HARDENING'),(459,7,'CONTRACTS','SHARIAH_SIGN','CONTRACT_SHARIAH_SIGN','Contracts - Capture Shariah Signature',_binary '','2026-05-08 14:06:33.000000','RBAC_HARDENING'),(460,5,'CONTRACTS','CUSTOMER_SIGN','CONTRACT_CUSTOMER_SIGN','Contracts - Capture Customer Signature',_binary '','2026-05-08 14:06:33.000000','RBAC_HARDENING'),(475,2,'FINANCING','ACCESS','FINANCING_ACCESS','Financing - Module Access',_binary '','2026-05-08 14:10:36.000000','RBAC_HARDENING'),(476,4,'ZAKAT_CHARITY','ACCESS','ZAKAT_CHARITY_ACCESS','Zakat & Charity - Module Access',_binary '','2026-05-08 14:10:36.000000','RBAC_HARDENING'),(478,2,'BRANCH_MANAGEMENT','ASSIGN_USER','BRANCH_ASSIGN_USER','Branch Management - Assign Branch User',_binary '','2026-05-09 01:28:28.137629','RBAC_DEFAULT_MATRIX'),(479,2,'BRANCH_MANAGEMENT','TELLER_LIMIT_MANAGE','BRANCH_TELLER_LIMIT_MANAGE','Branch Management - Manage Teller Limit',_binary '','2026-05-09 01:28:28.137629','RBAC_DEFAULT_MATRIX'),(480,2,'BRANCH_MANAGEMENT','VAULT_MANAGE','BRANCH_VAULT_MANAGE','Branch Management - Manage Vault',_binary '','2026-05-09 01:28:28.137629','RBAC_DEFAULT_MATRIX'),(481,2,'ATM_CDM','CASH_BIN_CREATE','ATM_CASH_BIN_CREATE','ATM / CDM - Create Cash Bin',_binary '','2026-05-09 01:28:28.137629','RBAC_DEFAULT_MATRIX'),(482,2,'ATM_CDM','CASH_BIN_EDIT','ATM_CASH_BIN_EDIT','ATM / CDM - Edit Cash Bin',_binary '','2026-05-09 01:28:28.137629','RBAC_DEFAULT_MATRIX'),(483,2,'ATM_CDM','REPLENISHMENT_CREATE','ATM_REPLENISHMENT_CREATE','ATM / CDM - Create Replenishment',_binary '','2026-05-09 01:28:28.137629','RBAC_DEFAULT_MATRIX'),(484,2,'ATM_CDM','RECONCILIATION_CREATE','ATM_RECONCILIATION_CREATE','ATM / CDM - Create Reconciliation',_binary '','2026-05-09 01:28:28.137629','RBAC_DEFAULT_MATRIX'),(485,2,'CUSTOMER_MANAGEMENT','CREATE','CUSTOMER_CREATE','Customer Management - Create Customer',_binary '','2026-05-09 01:28:28.137629','RBAC_DEFAULT_MATRIX'),(486,2,'CUSTOMER_MANAGEMENT','EDIT','CUSTOMER_EDIT','Customer Management - Edit Customer',_binary '','2026-05-09 01:28:28.137629','RBAC_DEFAULT_MATRIX'),(487,2,'CUSTOMER_MANAGEMENT','ACTIVATE','CUSTOMER_ACTIVATE','Customer Management - Activate Customer',_binary '','2026-05-09 01:28:28.137629','RBAC_DEFAULT_MATRIX'),(488,2,'CUSTOMER_MANAGEMENT','BLOCK','CUSTOMER_BLOCK','Customer Management - Block Customer',_binary '','2026-05-09 01:28:28.137629','RBAC_DEFAULT_MATRIX'),(489,2,'CUSTOMER_MANAGEMENT','ADDRESS_MANAGE','CUSTOMER_ADDRESS_MANAGE','Customer Management - Manage Customer Address',_binary '','2026-05-09 01:28:28.137629','RBAC_DEFAULT_MATRIX'),(490,2,'CUSTOMER_MANAGEMENT','IDENTITY_MANAGE','CUSTOMER_IDENTITY_MANAGE','Customer Management - Manage Customer Identity',_binary '','2026-05-09 01:28:28.137629','RBAC_DEFAULT_MATRIX'),(491,2,'KYC_MANAGEMENT','CREATE','KYC_CREATE','KYC Management - Create KYC Profile',_binary '','2026-05-09 01:28:28.137629','RBAC_DEFAULT_MATRIX'),(492,2,'KYC_MANAGEMENT','EDIT','KYC_EDIT','KYC Management - Edit KYC Profile',_binary '','2026-05-09 01:28:28.137629','RBAC_DEFAULT_MATRIX'),(493,2,'KYC_MANAGEMENT','SUBMIT','KYC_SUBMIT','KYC Management - Submit KYC Profile',_binary '','2026-05-09 01:28:28.137629','RBAC_DEFAULT_MATRIX'),(494,2,'KYC_MANAGEMENT','VERIFY','KYC_VERIFY','KYC Management - Verify KYC Profile',_binary '','2026-05-09 01:28:28.137629','RBAC_DEFAULT_MATRIX'),(495,2,'KYC_MANAGEMENT','DOCUMENT_UPLOAD','KYC_DOCUMENT_UPLOAD','KYC Management - Upload KYC Document',_binary '','2026-05-09 01:28:28.137629','RBAC_DEFAULT_MATRIX'),(496,2,'ACCOUNT_MANAGEMENT','REQUEST_CREATE','ACCOUNT_REQUEST_CREATE','Account Management - Create Account Opening Request',_binary '','2026-05-09 01:28:28.137629','RBAC_DEFAULT_MATRIX'),(497,2,'ACCOUNT_MANAGEMENT','REQUEST_EDIT','ACCOUNT_REQUEST_EDIT','Account Management - Edit Account Opening Request',_binary '','2026-05-09 01:28:28.137629','RBAC_DEFAULT_MATRIX'),(498,2,'ACCOUNT_MANAGEMENT','REQUEST_SUBMIT','ACCOUNT_REQUEST_SUBMIT','Account Management - Submit Account Opening Request',_binary '','2026-05-09 01:28:28.137629','RBAC_DEFAULT_MATRIX'),(499,2,'ACCOUNT_MANAGEMENT','REQUEST_VERIFY','ACCOUNT_REQUEST_VERIFY','Account Management - Verify Account Opening Request',_binary '','2026-05-09 01:28:28.137629','RBAC_DEFAULT_MATRIX'),(500,2,'ACCOUNT_MANAGEMENT','ACCOUNT_ACTIVATE','ACCOUNT_ACTIVATE','Account Management - Activate Account',_binary '','2026-05-09 01:28:28.137629','RBAC_DEFAULT_MATRIX'),(501,2,'ACCOUNT_MANAGEMENT','ACCOUNT_BLOCK','ACCOUNT_BLOCK','Account Management - Block Account',_binary '','2026-05-09 01:28:28.137629','RBAC_DEFAULT_MATRIX'),(502,2,'ACCOUNT_MANAGEMENT','ACCOUNT_FREEZE','ACCOUNT_FREEZE','Account Management - Freeze Account',_binary '','2026-05-09 01:28:28.137629','RBAC_DEFAULT_MATRIX'),(503,2,'CARD_MANAGEMENT','CREATE','CARD_CREATE','Card Management - Create Card',_binary '','2026-05-09 01:28:28.137629','RBAC_DEFAULT_MATRIX'),(504,2,'CARD_MANAGEMENT','EDIT','CARD_EDIT','Card Management - Edit Card',_binary '','2026-05-09 01:28:28.137629','RBAC_DEFAULT_MATRIX'),(505,2,'CARD_MANAGEMENT','ACTIVATE','CARD_ACTIVATE','Card Management - Activate Card',_binary '','2026-05-09 01:28:28.137629','RBAC_DEFAULT_MATRIX'),(506,2,'CARD_MANAGEMENT','BLOCK','CARD_BLOCK','Card Management - Block Card',_binary '','2026-05-09 01:28:28.137629','RBAC_DEFAULT_MATRIX'),(507,2,'CARD_MANAGEMENT','UNBLOCK','CARD_UNBLOCK','Card Management - Unblock Card',_binary '','2026-05-09 01:28:28.137629','RBAC_DEFAULT_MATRIX'),(508,2,'CARD_MANAGEMENT','RENEW','CARD_RENEW','Card Management - Renew Card',_binary '','2026-05-09 01:28:28.137629','RBAC_DEFAULT_MATRIX'),(509,2,'CARD_MANAGEMENT','PIN_EVENT','CARD_PIN_EVENT','Card Management - Record Card PIN Event',_binary '','2026-05-09 01:28:28.137629','RBAC_DEFAULT_MATRIX'),(510,2,'STATEMENTS','CUSTOMER_REQUEST','STATEMENT_CUSTOMER_REQUEST','Statements - Request Customer Statement',_binary '','2026-05-09 01:28:28.137629','RBAC_DEFAULT_MATRIX'),(511,2,'STATEMENTS','BRANCH_REQUEST','STATEMENT_BRANCH_REQUEST','Statements - Request Branch Statement',_binary '','2026-05-09 01:28:28.137629','RBAC_DEFAULT_MATRIX'),(512,2,'FINANCING','APPLICATION_CREATE','FINANCING_APPLICATION_CREATE','Financing - Create Financing Application',_binary '','2026-05-09 01:28:28.137629','RBAC_DEFAULT_MATRIX'),(513,2,'FINANCING','APPLICATION_EDIT','FINANCING_APPLICATION_EDIT','Financing - Edit Financing Application',_binary '','2026-05-09 01:28:28.137629','RBAC_DEFAULT_MATRIX'),(514,2,'FINANCING','APPLICATION_SUBMIT','FINANCING_APPLICATION_SUBMIT','Financing - Submit Financing Application',_binary '','2026-05-09 01:28:28.137629','RBAC_DEFAULT_MATRIX'),(515,3,'CUSTOMER_MANAGEMENT','CREATE','CUSTOMER_CREATE','Customer Management - Create Customer',_binary '','2026-05-09 01:28:28.137629','RBAC_DEFAULT_MATRIX'),(516,3,'CUSTOMER_MANAGEMENT','EDIT','CUSTOMER_EDIT','Customer Management - Edit Customer',_binary '','2026-05-09 01:28:28.137629','RBAC_DEFAULT_MATRIX'),(517,3,'CUSTOMER_MANAGEMENT','ADDRESS_MANAGE','CUSTOMER_ADDRESS_MANAGE','Customer Management - Manage Customer Address',_binary '','2026-05-09 01:28:28.137629','RBAC_DEFAULT_MATRIX'),(518,3,'CUSTOMER_MANAGEMENT','IDENTITY_MANAGE','CUSTOMER_IDENTITY_MANAGE','Customer Management - Manage Customer Identity',_binary '','2026-05-09 01:28:28.137629','RBAC_DEFAULT_MATRIX'),(519,3,'ACCOUNT_MANAGEMENT','REQUEST_CREATE','ACCOUNT_REQUEST_CREATE','Account Management - Create Account Opening Request',_binary '','2026-05-09 01:28:28.137629','RBAC_DEFAULT_MATRIX'),(520,3,'ACCOUNT_MANAGEMENT','REQUEST_EDIT','ACCOUNT_REQUEST_EDIT','Account Management - Edit Account Opening Request',_binary '','2026-05-09 01:28:28.137629','RBAC_DEFAULT_MATRIX'),(521,3,'ACCOUNT_MANAGEMENT','REQUEST_SUBMIT','ACCOUNT_REQUEST_SUBMIT','Account Management - Submit Account Opening Request',_binary '','2026-05-09 01:28:28.137629','RBAC_DEFAULT_MATRIX'),(522,3,'STATEMENTS','CUSTOMER_REQUEST','STATEMENT_CUSTOMER_REQUEST','Statements - Request Customer Statement',_binary '','2026-05-09 01:28:28.137629','RBAC_DEFAULT_MATRIX'),(523,4,'BRANCH_MANAGEMENT','ASSIGN_USER','BRANCH_ASSIGN_USER','Branch Management - Assign Branch User',_binary '','2026-05-09 01:28:28.137629','RBAC_DEFAULT_MATRIX'),(524,4,'BRANCH_MANAGEMENT','TELLER_LIMIT_MANAGE','BRANCH_TELLER_LIMIT_MANAGE','Branch Management - Manage Teller Limit',_binary '','2026-05-09 01:28:28.137629','RBAC_DEFAULT_MATRIX'),(525,4,'BRANCH_MANAGEMENT','VAULT_MANAGE','BRANCH_VAULT_MANAGE','Branch Management - Manage Vault',_binary '','2026-05-09 01:28:28.137629','RBAC_DEFAULT_MATRIX'),(526,4,'ATM_CDM','TERMINAL_CREATE','ATM_TERMINAL_CREATE','ATM / CDM - Create ATM/CDM Terminal',_binary '','2026-05-09 01:28:28.137629','RBAC_DEFAULT_MATRIX'),(527,4,'ATM_CDM','TERMINAL_EDIT','ATM_TERMINAL_EDIT','ATM / CDM - Edit ATM/CDM Terminal',_binary '','2026-05-09 01:28:28.137629','RBAC_DEFAULT_MATRIX'),(528,4,'ATM_CDM','CASH_BIN_CREATE','ATM_CASH_BIN_CREATE','ATM / CDM - Create Cash Bin',_binary '','2026-05-09 01:28:28.137629','RBAC_DEFAULT_MATRIX'),(529,4,'ATM_CDM','CASH_BIN_EDIT','ATM_CASH_BIN_EDIT','ATM / CDM - Edit Cash Bin',_binary '','2026-05-09 01:28:28.137629','RBAC_DEFAULT_MATRIX'),(530,4,'ATM_CDM','REPLENISHMENT_CREATE','ATM_REPLENISHMENT_CREATE','ATM / CDM - Create Replenishment',_binary '','2026-05-09 01:28:28.137629','RBAC_DEFAULT_MATRIX'),(531,4,'ATM_CDM','RECONCILIATION_CREATE','ATM_RECONCILIATION_CREATE','ATM / CDM - Create Reconciliation',_binary '','2026-05-09 01:28:28.137629','RBAC_DEFAULT_MATRIX'),(532,4,'CUSTOMER_MANAGEMENT','CREATE','CUSTOMER_CREATE','Customer Management - Create Customer',_binary '','2026-05-09 01:28:28.137629','RBAC_DEFAULT_MATRIX'),(533,4,'CUSTOMER_MANAGEMENT','EDIT','CUSTOMER_EDIT','Customer Management - Edit Customer',_binary '','2026-05-09 01:28:28.137629','RBAC_DEFAULT_MATRIX'),(534,4,'CUSTOMER_MANAGEMENT','ACTIVATE','CUSTOMER_ACTIVATE','Customer Management - Activate Customer',_binary '','2026-05-09 01:28:28.137629','RBAC_DEFAULT_MATRIX'),(535,4,'CUSTOMER_MANAGEMENT','BLOCK','CUSTOMER_BLOCK','Customer Management - Block Customer',_binary '','2026-05-09 01:28:28.137629','RBAC_DEFAULT_MATRIX'),(536,4,'CUSTOMER_MANAGEMENT','ADDRESS_MANAGE','CUSTOMER_ADDRESS_MANAGE','Customer Management - Manage Customer Address',_binary '','2026-05-09 01:28:28.137629','RBAC_DEFAULT_MATRIX'),(537,4,'CUSTOMER_MANAGEMENT','IDENTITY_MANAGE','CUSTOMER_IDENTITY_MANAGE','Customer Management - Manage Customer Identity',_binary '','2026-05-09 01:28:28.137629','RBAC_DEFAULT_MATRIX'),(538,4,'KYC_MANAGEMENT','CREATE','KYC_CREATE','KYC Management - Create KYC Profile',_binary '','2026-05-09 01:28:28.137629','RBAC_DEFAULT_MATRIX'),(539,4,'KYC_MANAGEMENT','EDIT','KYC_EDIT','KYC Management - Edit KYC Profile',_binary '','2026-05-09 01:28:28.137629','RBAC_DEFAULT_MATRIX'),(540,4,'KYC_MANAGEMENT','SUBMIT','KYC_SUBMIT','KYC Management - Submit KYC Profile',_binary '','2026-05-09 01:28:28.137629','RBAC_DEFAULT_MATRIX'),(541,4,'KYC_MANAGEMENT','VERIFY','KYC_VERIFY','KYC Management - Verify KYC Profile',_binary '','2026-05-09 01:28:28.137629','RBAC_DEFAULT_MATRIX'),(542,4,'KYC_MANAGEMENT','APPROVE','KYC_APPROVE','KYC Management - Approve KYC Profile',_binary '','2026-05-09 01:28:28.137629','RBAC_DEFAULT_MATRIX'),(543,4,'KYC_MANAGEMENT','REJECT','KYC_REJECT','KYC Management - Reject KYC Profile',_binary '','2026-05-09 01:28:28.137629','RBAC_DEFAULT_MATRIX'),(544,4,'KYC_MANAGEMENT','RETURN','KYC_RETURN','KYC Management - Return KYC Profile',_binary '','2026-05-09 01:28:28.137629','RBAC_DEFAULT_MATRIX'),(545,4,'KYC_MANAGEMENT','DOCUMENT_UPLOAD','KYC_DOCUMENT_UPLOAD','KYC Management - Upload KYC Document',_binary '','2026-05-09 01:28:28.137629','RBAC_DEFAULT_MATRIX'),(546,4,'CARD_MANAGEMENT','CREATE','CARD_CREATE','Card Management - Create Card',_binary '','2026-05-09 01:28:28.137629','RBAC_DEFAULT_MATRIX'),(547,4,'CARD_MANAGEMENT','EDIT','CARD_EDIT','Card Management - Edit Card',_binary '','2026-05-09 01:28:28.137629','RBAC_DEFAULT_MATRIX'),(548,4,'CARD_MANAGEMENT','ACTIVATE','CARD_ACTIVATE','Card Management - Activate Card',_binary '','2026-05-09 01:28:28.137629','RBAC_DEFAULT_MATRIX'),(549,4,'CARD_MANAGEMENT','BLOCK','CARD_BLOCK','Card Management - Block Card',_binary '','2026-05-09 01:28:28.137629','RBAC_DEFAULT_MATRIX'),(550,4,'CARD_MANAGEMENT','UNBLOCK','CARD_UNBLOCK','Card Management - Unblock Card',_binary '','2026-05-09 01:28:28.137629','RBAC_DEFAULT_MATRIX'),(551,4,'CARD_MANAGEMENT','REPLACE','CARD_REPLACE','Card Management - Replace Card',_binary '','2026-05-09 01:28:28.137629','RBAC_DEFAULT_MATRIX'),(552,4,'CARD_MANAGEMENT','RENEW','CARD_RENEW','Card Management - Renew Card',_binary '','2026-05-09 01:28:28.137629','RBAC_DEFAULT_MATRIX'),(553,4,'CARD_MANAGEMENT','PIN_EVENT','CARD_PIN_EVENT','Card Management - Record Card PIN Event',_binary '','2026-05-09 01:28:28.137629','RBAC_DEFAULT_MATRIX'),(554,4,'PROFIT_MANAGEMENT','RATIO_CREATE','PROFIT_RATIO_CREATE','Profit Management - Create Profit Ratio',_binary '','2026-05-09 01:28:28.137629','RBAC_DEFAULT_MATRIX'),(555,4,'PROFIT_MANAGEMENT','RATIO_EDIT','PROFIT_RATIO_EDIT','Profit Management - Edit Profit Ratio',_binary '','2026-05-09 01:28:28.137629','RBAC_DEFAULT_MATRIX'),(556,4,'PROFIT_MANAGEMENT','SCHEDULE_CREATE','PROFIT_SCHEDULE_CREATE','Profit Management - Create Profit Schedule',_binary '','2026-05-09 01:28:28.137629','RBAC_DEFAULT_MATRIX'),(557,4,'PROFIT_MANAGEMENT','POSTING_RUN','PROFIT_POSTING_RUN','Profit Management - Run Profit Posting',_binary '','2026-05-09 01:28:28.137629','RBAC_DEFAULT_MATRIX'),(558,4,'STATEMENTS','CUSTOMER_REQUEST','STATEMENT_CUSTOMER_REQUEST','Statements - Request Customer Statement',_binary '','2026-05-09 01:28:28.137629','RBAC_DEFAULT_MATRIX'),(559,4,'STATEMENTS','BRANCH_REQUEST','STATEMENT_BRANCH_REQUEST','Statements - Request Branch Statement',_binary '','2026-05-09 01:28:28.137629','RBAC_DEFAULT_MATRIX'),(560,4,'NOTIFICATION_ALERTS','TEMPLATE_CREATE','NOTIFICATION_TEMPLATE_CREATE','Notification & Alerts - Create Notification Template',_binary '','2026-05-09 01:28:28.137629','RBAC_DEFAULT_MATRIX'),(561,4,'NOTIFICATION_ALERTS','TEMPLATE_EDIT','NOTIFICATION_TEMPLATE_EDIT','Notification & Alerts - Edit Notification Template',_binary '','2026-05-09 01:28:28.137629','RBAC_DEFAULT_MATRIX'),(562,4,'NOTIFICATION_ALERTS','EVENT_RULE_CREATE','NOTIFICATION_EVENT_RULE_CREATE','Notification & Alerts - Create Notification Event Rule',_binary '','2026-05-09 01:28:28.137629','RBAC_DEFAULT_MATRIX'),(563,4,'NOTIFICATION_ALERTS','RETRY','NOTIFICATION_RETRY','Notification & Alerts - Retry Notification Delivery',_binary '','2026-05-09 01:28:28.137629','RBAC_DEFAULT_MATRIX'),(564,4,'VERIFICATION','SEND_EMAIL_OTP','VERIFICATION_SEND_EMAIL_OTP','Verification - Send Email Verification OTP',_binary '','2026-05-09 01:28:28.137629','RBAC_DEFAULT_MATRIX'),(565,4,'VERIFICATION','SEND_MOBILE_OTP','VERIFICATION_SEND_MOBILE_OTP','Verification - Send Mobile Verification OTP',_binary '','2026-05-09 01:28:28.137629','RBAC_DEFAULT_MATRIX'),(566,4,'VERIFICATION','VERIFY_OTP','VERIFICATION_VERIFY_OTP','Verification - Verify OTP',_binary '','2026-05-09 01:28:28.137629','RBAC_DEFAULT_MATRIX'),(567,4,'VERIFICATION','RESEND_OTP','VERIFICATION_RESEND_OTP','Verification - Resend OTP',_binary '','2026-05-09 01:28:28.137629','RBAC_DEFAULT_MATRIX'),(568,4,'VERIFICATION','PROVIDER_TEST','VERIFICATION_PROVIDER_TEST','Verification - Run Verification Provider Test',_binary '','2026-05-09 01:28:28.137629','RBAC_DEFAULT_MATRIX'),(569,4,'ZAKAT_CHARITY','PROFILE_CREATE','ZAKAT_PROFILE_CREATE','Zakat & Charity - Create Zakat Profile',_binary '','2026-05-09 01:28:28.137629','RBAC_DEFAULT_MATRIX'),(570,4,'ZAKAT_CHARITY','PROFILE_EDIT','ZAKAT_PROFILE_EDIT','Zakat & Charity - Edit Zakat Profile',_binary '','2026-05-09 01:28:28.137629','RBAC_DEFAULT_MATRIX'),(571,4,'ZAKAT_CHARITY','BENEFICIARY_CREATE','CHARITY_BENEFICIARY_CREATE','Zakat & Charity - Create Charity Beneficiary',_binary '','2026-05-09 01:28:28.137629','RBAC_DEFAULT_MATRIX'),(572,4,'ZAKAT_CHARITY','BENEFICIARY_EDIT','CHARITY_BENEFICIARY_EDIT','Zakat & Charity - Edit Charity Beneficiary',_binary '','2026-05-09 01:28:28.137629','RBAC_DEFAULT_MATRIX'),(573,4,'ZAKAT_CHARITY','BENEFICIARY_ARCHIVE','CHARITY_BENEFICIARY_ARCHIVE','Zakat & Charity - Archive Charity Beneficiary',_binary '','2026-05-09 01:28:28.137629','RBAC_DEFAULT_MATRIX'),(574,4,'ZAKAT_CHARITY','BENEFICIARY_RESTORE','CHARITY_BENEFICIARY_RESTORE','Zakat & Charity - Restore Charity Beneficiary',_binary '','2026-05-09 01:28:28.137629','RBAC_DEFAULT_MATRIX'),(575,6,'CALCULATION_ENGINE','SIMULATE','CALCULATION_SIMULATE','Calculation Engine - Run Calculation Simulation',_binary '','2026-05-09 01:28:28.137629','RBAC_DEFAULT_MATRIX'),(576,6,'ACCOUNT_MANAGEMENT','REQUEST_CREATE','ACCOUNT_REQUEST_CREATE','Account Management - Create Account Opening Request',_binary '','2026-05-09 01:28:28.137629','RBAC_DEFAULT_MATRIX'),(577,6,'ACCOUNT_MANAGEMENT','REQUEST_EDIT','ACCOUNT_REQUEST_EDIT','Account Management - Edit Account Opening Request',_binary '','2026-05-09 01:28:28.137629','RBAC_DEFAULT_MATRIX'),(578,6,'ACCOUNT_MANAGEMENT','REQUEST_SUBMIT','ACCOUNT_REQUEST_SUBMIT','Account Management - Submit Account Opening Request',_binary '','2026-05-09 01:28:28.137629','RBAC_DEFAULT_MATRIX'),(579,6,'ACCOUNT_MANAGEMENT','REQUEST_VERIFY','ACCOUNT_REQUEST_VERIFY','Account Management - Verify Account Opening Request',_binary '','2026-05-09 01:28:28.137629','RBAC_DEFAULT_MATRIX'),(580,6,'ACCOUNT_MANAGEMENT','REQUEST_APPROVE','ACCOUNT_REQUEST_APPROVE','Account Management - Approve Account Opening Request',_binary '','2026-05-09 01:28:28.137629','RBAC_DEFAULT_MATRIX'),(581,6,'ACCOUNT_MANAGEMENT','REQUEST_REJECT','ACCOUNT_REQUEST_REJECT','Account Management - Reject Account Opening Request',_binary '','2026-05-09 01:28:28.137629','RBAC_DEFAULT_MATRIX'),(582,6,'ACCOUNT_MANAGEMENT','REQUEST_RETURN','ACCOUNT_REQUEST_RETURN','Account Management - Return Account Opening Request',_binary '','2026-05-09 01:28:28.137629','RBAC_DEFAULT_MATRIX'),(583,6,'DEPOSIT_SCHEMES','SCHEME_CREATE','DEPOSIT_SCHEME_CREATE','Deposit Schemes - Create Deposit Scheme',_binary '','2026-05-09 01:28:28.137629','RBAC_DEFAULT_MATRIX'),(584,6,'DEPOSIT_SCHEMES','SCHEME_EDIT','DEPOSIT_SCHEME_EDIT','Deposit Schemes - Edit Deposit Scheme',_binary '','2026-05-09 01:28:28.137629','RBAC_DEFAULT_MATRIX'),(585,6,'DEPOSIT_SCHEMES','SCHEME_ARCHIVE','DEPOSIT_SCHEME_ARCHIVE','Deposit Schemes - Archive Deposit Scheme',_binary '','2026-05-09 01:28:28.137629','RBAC_DEFAULT_MATRIX'),(586,6,'DEPOSIT_SCHEMES','SCHEME_RESTORE','DEPOSIT_SCHEME_RESTORE','Deposit Schemes - Restore Deposit Scheme',_binary '','2026-05-09 01:28:28.137629','RBAC_DEFAULT_MATRIX'),(587,6,'DEPOSIT_SCHEMES','ENROLLMENT_CREATE','DEPOSIT_SCHEME_ENROLLMENT_CREATE','Deposit Schemes - Create Deposit Scheme Enrollment',_binary '','2026-05-09 01:28:28.137629','RBAC_DEFAULT_MATRIX'),(588,6,'FINANCING','PRODUCT_CREATE','FINANCING_PRODUCT_CREATE','Financing - Create Financing Product',_binary '','2026-05-09 01:28:28.137629','RBAC_DEFAULT_MATRIX'),(589,6,'FINANCING','PRODUCT_EDIT','FINANCING_PRODUCT_EDIT','Financing - Edit Financing Product',_binary '','2026-05-09 01:28:28.137629','RBAC_DEFAULT_MATRIX'),(590,6,'FINANCING','PRODUCT_ARCHIVE','FINANCING_PRODUCT_ARCHIVE','Financing - Archive Financing Product',_binary '','2026-05-09 01:28:28.137629','RBAC_DEFAULT_MATRIX'),(591,6,'FINANCING','PRODUCT_RESTORE','FINANCING_PRODUCT_RESTORE','Financing - Restore Financing Product',_binary '','2026-05-09 01:28:28.137629','RBAC_DEFAULT_MATRIX'),(592,6,'FINANCING','APPLICATION_CREATE','FINANCING_APPLICATION_CREATE','Financing - Create Financing Application',_binary '','2026-05-09 01:28:28.137629','RBAC_DEFAULT_MATRIX'),(593,6,'FINANCING','APPLICATION_EDIT','FINANCING_APPLICATION_EDIT','Financing - Edit Financing Application',_binary '','2026-05-09 01:28:28.137629','RBAC_DEFAULT_MATRIX'),(594,6,'FINANCING','APPLICATION_SUBMIT','FINANCING_APPLICATION_SUBMIT','Financing - Submit Financing Application',_binary '','2026-05-09 01:28:28.137629','RBAC_DEFAULT_MATRIX'),(595,6,'FINANCING','DISBURSE','FINANCING_DISBURSE','Financing - Disburse Financing',_binary '','2026-05-09 01:28:28.137629','RBAC_DEFAULT_MATRIX'),(596,6,'PROFIT_MANAGEMENT','RATIO_CREATE','PROFIT_RATIO_CREATE','Profit Management - Create Profit Ratio',_binary '','2026-05-09 01:28:28.137629','RBAC_DEFAULT_MATRIX'),(597,6,'PROFIT_MANAGEMENT','RATIO_EDIT','PROFIT_RATIO_EDIT','Profit Management - Edit Profit Ratio',_binary '','2026-05-09 01:28:28.137629','RBAC_DEFAULT_MATRIX'),(598,6,'PROFIT_MANAGEMENT','RATIO_ARCHIVE','PROFIT_RATIO_ARCHIVE','Profit Management - Archive Profit Ratio',_binary '','2026-05-09 01:28:28.137629','RBAC_DEFAULT_MATRIX'),(599,6,'PROFIT_MANAGEMENT','RATIO_RESTORE','PROFIT_RATIO_RESTORE','Profit Management - Restore Profit Ratio',_binary '','2026-05-09 01:28:28.137629','RBAC_DEFAULT_MATRIX'),(600,6,'PROFIT_MANAGEMENT','SCHEDULE_CREATE','PROFIT_SCHEDULE_CREATE','Profit Management - Create Profit Schedule',_binary '','2026-05-09 01:28:28.137629','RBAC_DEFAULT_MATRIX'),(601,6,'PROFIT_MANAGEMENT','SCHEDULE_ARCHIVE','PROFIT_SCHEDULE_ARCHIVE','Profit Management - Archive Profit Schedule',_binary '','2026-05-09 01:28:28.137629','RBAC_DEFAULT_MATRIX'),(602,6,'PROFIT_MANAGEMENT','SCHEDULE_RESTORE','PROFIT_SCHEDULE_RESTORE','Profit Management - Restore Profit Schedule',_binary '','2026-05-09 01:28:28.137629','RBAC_DEFAULT_MATRIX'),(603,6,'PROFIT_MANAGEMENT','POSTING_RUN','PROFIT_POSTING_RUN','Profit Management - Run Profit Posting',_binary '','2026-05-09 01:28:28.137629','RBAC_DEFAULT_MATRIX'),(604,6,'CONTRACTS','TEMPLATE_CREATE','CONTRACT_TEMPLATE_CREATE','Contracts - Create Contract Template',_binary '','2026-05-09 01:28:28.137629','RBAC_DEFAULT_MATRIX'),(605,6,'CONTRACTS','TEMPLATE_EDIT','CONTRACT_TEMPLATE_EDIT','Contracts - Edit Contract Template',_binary '','2026-05-09 01:28:28.137629','RBAC_DEFAULT_MATRIX'),(606,6,'CONTRACTS','TEMPLATE_ARCHIVE','CONTRACT_TEMPLATE_ARCHIVE','Contracts - Archive Contract Template',_binary '','2026-05-09 01:28:28.137629','RBAC_DEFAULT_MATRIX'),(607,6,'CONTRACTS','TEMPLATE_RESTORE','CONTRACT_TEMPLATE_RESTORE','Contracts - Restore Contract Template',_binary '','2026-05-09 01:28:28.137629','RBAC_DEFAULT_MATRIX'),(608,5,'STATEMENTS','CUSTOMER_REQUEST','STATEMENT_CUSTOMER_REQUEST','Statements - Request Customer Statement',_binary '','2026-05-09 01:28:28.137629','RBAC_DEFAULT_MATRIX'),(609,5,'DEPOSIT_SCHEMES','ENROLLMENT_CREATE','DEPOSIT_SCHEME_ENROLLMENT_CREATE','Deposit Schemes - Create Deposit Scheme Enrollment',_binary '','2026-05-09 01:28:28.137629','RBAC_DEFAULT_MATRIX'),(610,5,'ZAKAT_CHARITY','PROFILE_CREATE','ZAKAT_PROFILE_CREATE','Zakat & Charity - Create Zakat Profile',_binary '','2026-05-09 01:28:28.137629','RBAC_DEFAULT_MATRIX'),(611,5,'ZAKAT_CHARITY','PROFILE_EDIT','ZAKAT_PROFILE_EDIT','Zakat & Charity - Edit Zakat Profile',_binary '','2026-05-09 01:28:28.137629','RBAC_DEFAULT_MATRIX'),(733,1,'LOOKUP_CONFIG','TYPE_CREATE','LOOKUP_TYPE_CREATE','Lookup / Config - Create Lookup Type',_binary '','2026-05-09 01:40:59.540948','SYSTEM_SYNC'),(734,1,'LOOKUP_CONFIG','TYPE_EDIT','LOOKUP_TYPE_EDIT','Lookup / Config - Edit Lookup Type',_binary '','2026-05-09 01:40:59.814948','SYSTEM_SYNC'),(735,1,'LOOKUP_CONFIG','TYPE_ARCHIVE','LOOKUP_TYPE_ARCHIVE','Lookup / Config - Archive Lookup Type',_binary '','2026-05-09 01:40:59.843949','SYSTEM_SYNC'),(736,1,'LOOKUP_CONFIG','TYPE_RESTORE','LOOKUP_TYPE_RESTORE','Lookup / Config - Restore Lookup Type',_binary '','2026-05-09 01:40:59.861947','SYSTEM_SYNC'),(737,1,'LOOKUP_CONFIG','VALUE_CREATE','LOOKUP_VALUE_CREATE','Lookup / Config - Create Lookup Value',_binary '','2026-05-09 01:40:59.881037','SYSTEM_SYNC'),(738,1,'LOOKUP_CONFIG','VALUE_EDIT','LOOKUP_VALUE_EDIT','Lookup / Config - Edit Lookup Value',_binary '','2026-05-09 01:40:59.897950','SYSTEM_SYNC'),(739,1,'LOOKUP_CONFIG','VALUE_ARCHIVE','LOOKUP_VALUE_ARCHIVE','Lookup / Config - Archive Lookup Value',_binary '','2026-05-09 01:40:59.921026','SYSTEM_SYNC'),(740,1,'LOOKUP_CONFIG','VALUE_RESTORE','LOOKUP_VALUE_RESTORE','Lookup / Config - Restore Lookup Value',_binary '','2026-05-09 01:40:59.954023','SYSTEM_SYNC'),(741,1,'BRANCH_MANAGEMENT','CREATE','BRANCH_CREATE','Branch Management - Create Branch',_binary '','2026-05-09 01:40:59.975031','SYSTEM_SYNC'),(742,1,'BRANCH_MANAGEMENT','EDIT','BRANCH_EDIT','Branch Management - Edit Branch',_binary '','2026-05-09 01:41:00.001205','SYSTEM_SYNC'),(743,1,'BRANCH_MANAGEMENT','ARCHIVE','BRANCH_ARCHIVE','Branch Management - Archive Branch',_binary '','2026-05-09 01:41:00.033024','SYSTEM_SYNC'),(744,1,'BRANCH_MANAGEMENT','RESTORE','BRANCH_RESTORE','Branch Management - Restore Branch',_binary '','2026-05-09 01:41:00.050025','SYSTEM_SYNC'),(745,1,'BRANCH_MANAGEMENT','ASSIGN_USER','BRANCH_ASSIGN_USER','Branch Management - Assign Branch User',_binary '','2026-05-09 01:41:00.082024','SYSTEM_SYNC'),(746,1,'BRANCH_MANAGEMENT','TELLER_LIMIT_MANAGE','BRANCH_TELLER_LIMIT_MANAGE','Branch Management - Manage Teller Limit',_binary '','2026-05-09 01:41:00.248024','SYSTEM_SYNC'),(747,1,'BRANCH_MANAGEMENT','VAULT_MANAGE','BRANCH_VAULT_MANAGE','Branch Management - Manage Vault',_binary '','2026-05-09 01:41:00.400024','SYSTEM_SYNC'),(748,1,'ATM_CDM','TERMINAL_CREATE','ATM_TERMINAL_CREATE','ATM / CDM - Create ATM/CDM Terminal',_binary '','2026-05-09 01:41:00.508024','SYSTEM_SYNC'),(749,1,'ATM_CDM','TERMINAL_EDIT','ATM_TERMINAL_EDIT','ATM / CDM - Edit ATM/CDM Terminal',_binary '','2026-05-09 01:41:00.574024','SYSTEM_SYNC'),(750,1,'ATM_CDM','TERMINAL_ARCHIVE','ATM_TERMINAL_ARCHIVE','ATM / CDM - Archive ATM/CDM Terminal',_binary '','2026-05-09 01:41:00.697026','SYSTEM_SYNC'),(751,1,'ATM_CDM','TERMINAL_RESTORE','ATM_TERMINAL_RESTORE','ATM / CDM - Restore ATM/CDM Terminal',_binary '','2026-05-09 01:41:00.832023','SYSTEM_SYNC'),(752,1,'ATM_CDM','CASH_BIN_CREATE','ATM_CASH_BIN_CREATE','ATM / CDM - Create Cash Bin',_binary '','2026-05-09 01:41:00.849025','SYSTEM_SYNC'),(753,1,'ATM_CDM','CASH_BIN_EDIT','ATM_CASH_BIN_EDIT','ATM / CDM - Edit Cash Bin',_binary '','2026-05-09 01:41:00.866026','SYSTEM_SYNC'),(754,1,'ATM_CDM','CASH_BIN_ARCHIVE','ATM_CASH_BIN_ARCHIVE','ATM / CDM - Archive Cash Bin',_binary '','2026-05-09 01:41:00.898026','SYSTEM_SYNC'),(755,1,'ATM_CDM','CASH_BIN_RESTORE','ATM_CASH_BIN_RESTORE','ATM / CDM - Restore Cash Bin',_binary '','2026-05-09 01:41:00.920024','SYSTEM_SYNC'),(756,1,'ATM_CDM','REPLENISHMENT_CREATE','ATM_REPLENISHMENT_CREATE','ATM / CDM - Create Replenishment',_binary '','2026-05-09 01:41:00.943026','SYSTEM_SYNC'),(757,1,'ATM_CDM','RECONCILIATION_CREATE','ATM_RECONCILIATION_CREATE','ATM / CDM - Create Reconciliation',_binary '','2026-05-09 01:41:00.966026','SYSTEM_SYNC'),(758,1,'CUSTOMER_MANAGEMENT','CREATE','CUSTOMER_CREATE','Customer Management - Create Customer',_binary '','2026-05-09 01:41:00.987028','SYSTEM_SYNC'),(759,1,'CUSTOMER_MANAGEMENT','EDIT','CUSTOMER_EDIT','Customer Management - Edit Customer',_binary '','2026-05-09 01:41:01.009024','SYSTEM_SYNC'),(760,1,'CUSTOMER_MANAGEMENT','ARCHIVE','CUSTOMER_ARCHIVE','Customer Management - Archive Customer',_binary '','2026-05-09 01:41:01.026024','SYSTEM_SYNC'),(761,1,'CUSTOMER_MANAGEMENT','RESTORE','CUSTOMER_RESTORE','Customer Management - Restore Customer',_binary '','2026-05-09 01:41:01.044023','SYSTEM_SYNC'),(762,1,'CUSTOMER_MANAGEMENT','ACTIVATE','CUSTOMER_ACTIVATE','Customer Management - Activate Customer',_binary '','2026-05-09 01:41:01.061023','SYSTEM_SYNC'),(763,1,'CUSTOMER_MANAGEMENT','BLOCK','CUSTOMER_BLOCK','Customer Management - Block Customer',_binary '','2026-05-09 01:41:01.082024','SYSTEM_SYNC'),(764,1,'CUSTOMER_MANAGEMENT','ADDRESS_MANAGE','CUSTOMER_ADDRESS_MANAGE','Customer Management - Manage Customer Address',_binary '','2026-05-09 01:41:01.099025','SYSTEM_SYNC'),(765,1,'CUSTOMER_MANAGEMENT','IDENTITY_MANAGE','CUSTOMER_IDENTITY_MANAGE','Customer Management - Manage Customer Identity',_binary '','2026-05-09 01:41:01.126027','SYSTEM_SYNC'),(766,1,'KYC_MANAGEMENT','CREATE','KYC_CREATE','KYC Management - Create KYC Profile',_binary '','2026-05-09 01:41:01.160025','SYSTEM_SYNC'),(767,1,'KYC_MANAGEMENT','EDIT','KYC_EDIT','KYC Management - Edit KYC Profile',_binary '','2026-05-09 01:41:01.181292','SYSTEM_SYNC'),(768,1,'KYC_MANAGEMENT','SUBMIT','KYC_SUBMIT','KYC Management - Submit KYC Profile',_binary '','2026-05-09 01:41:01.199026','SYSTEM_SYNC'),(769,1,'KYC_MANAGEMENT','VERIFY','KYC_VERIFY','KYC Management - Verify KYC Profile',_binary '','2026-05-09 01:41:01.215023','SYSTEM_SYNC'),(770,1,'KYC_MANAGEMENT','APPROVE','KYC_APPROVE','KYC Management - Approve KYC Profile',_binary '','2026-05-09 01:41:01.233023','SYSTEM_SYNC'),(771,1,'KYC_MANAGEMENT','REJECT','KYC_REJECT','KYC Management - Reject KYC Profile',_binary '','2026-05-09 01:41:01.257025','SYSTEM_SYNC'),(772,1,'KYC_MANAGEMENT','RETURN','KYC_RETURN','KYC Management - Return KYC Profile',_binary '','2026-05-09 01:41:01.274025','SYSTEM_SYNC'),(773,1,'KYC_MANAGEMENT','DOCUMENT_UPLOAD','KYC_DOCUMENT_UPLOAD','KYC Management - Upload KYC Document',_binary '','2026-05-09 01:41:01.292024','SYSTEM_SYNC'),(774,1,'ACCOUNT_MANAGEMENT','TYPE_CREATE','ACCOUNT_TYPE_CREATE','Account Management - Create Account Type',_binary '','2026-05-09 01:41:01.309028','SYSTEM_SYNC'),(775,1,'ACCOUNT_MANAGEMENT','TYPE_EDIT','ACCOUNT_TYPE_EDIT','Account Management - Edit Account Type',_binary '','2026-05-09 01:41:01.326027','SYSTEM_SYNC'),(776,1,'ACCOUNT_MANAGEMENT','TYPE_ARCHIVE','ACCOUNT_TYPE_ARCHIVE','Account Management - Archive Account Type',_binary '','2026-05-09 01:41:01.343023','SYSTEM_SYNC'),(777,1,'ACCOUNT_MANAGEMENT','TYPE_RESTORE','ACCOUNT_TYPE_RESTORE','Account Management - Restore Account Type',_binary '','2026-05-09 01:41:01.365025','SYSTEM_SYNC'),(778,1,'ACCOUNT_MANAGEMENT','REQUEST_CREATE','ACCOUNT_REQUEST_CREATE','Account Management - Create Account Opening Request',_binary '','2026-05-09 01:41:01.381027','SYSTEM_SYNC'),(779,1,'ACCOUNT_MANAGEMENT','REQUEST_EDIT','ACCOUNT_REQUEST_EDIT','Account Management - Edit Account Opening Request',_binary '','2026-05-09 01:41:01.400026','SYSTEM_SYNC'),(780,1,'ACCOUNT_MANAGEMENT','REQUEST_SUBMIT','ACCOUNT_REQUEST_SUBMIT','Account Management - Submit Account Opening Request',_binary '','2026-05-09 01:41:01.424035','SYSTEM_SYNC'),(781,1,'ACCOUNT_MANAGEMENT','REQUEST_VERIFY','ACCOUNT_REQUEST_VERIFY','Account Management - Verify Account Opening Request',_binary '','2026-05-09 01:41:01.448025','SYSTEM_SYNC'),(782,1,'ACCOUNT_MANAGEMENT','REQUEST_APPROVE','ACCOUNT_REQUEST_APPROVE','Account Management - Approve Account Opening Request',_binary '','2026-05-09 01:41:01.466024','SYSTEM_SYNC'),(783,1,'ACCOUNT_MANAGEMENT','REQUEST_REJECT','ACCOUNT_REQUEST_REJECT','Account Management - Reject Account Opening Request',_binary '','2026-05-09 01:41:01.483024','SYSTEM_SYNC'),(784,1,'ACCOUNT_MANAGEMENT','REQUEST_RETURN','ACCOUNT_REQUEST_RETURN','Account Management - Return Account Opening Request',_binary '','2026-05-09 01:41:01.499023','SYSTEM_SYNC'),(785,1,'ACCOUNT_MANAGEMENT','ACCOUNT_ACTIVATE','ACCOUNT_ACTIVATE','Account Management - Activate Account',_binary '','2026-05-09 01:41:01.517025','SYSTEM_SYNC'),(786,1,'ACCOUNT_MANAGEMENT','ACCOUNT_BLOCK','ACCOUNT_BLOCK','Account Management - Block Account',_binary '','2026-05-09 01:41:01.976028','SYSTEM_SYNC'),(787,1,'ACCOUNT_MANAGEMENT','ACCOUNT_FREEZE','ACCOUNT_FREEZE','Account Management - Freeze Account',_binary '','2026-05-09 01:41:01.993025','SYSTEM_SYNC'),(788,1,'ACCOUNT_MANAGEMENT','ACCOUNT_CLOSE','ACCOUNT_CLOSE','Account Management - Close Account',_binary '','2026-05-09 01:41:02.009027','SYSTEM_SYNC'),(789,1,'PROFIT_MANAGEMENT','RATIO_CREATE','PROFIT_RATIO_CREATE','Profit Management - Create Profit Ratio',_binary '','2026-05-09 01:41:02.026025','SYSTEM_SYNC'),(790,1,'PROFIT_MANAGEMENT','RATIO_EDIT','PROFIT_RATIO_EDIT','Profit Management - Edit Profit Ratio',_binary '','2026-05-09 01:41:02.043025','SYSTEM_SYNC'),(791,1,'PROFIT_MANAGEMENT','RATIO_ARCHIVE','PROFIT_RATIO_ARCHIVE','Profit Management - Archive Profit Ratio',_binary '','2026-05-09 01:41:02.060025','SYSTEM_SYNC'),(792,1,'PROFIT_MANAGEMENT','RATIO_RESTORE','PROFIT_RATIO_RESTORE','Profit Management - Restore Profit Ratio',_binary '','2026-05-09 01:41:02.076027','SYSTEM_SYNC'),(793,1,'PROFIT_MANAGEMENT','SCHEDULE_CREATE','PROFIT_SCHEDULE_CREATE','Profit Management - Create Profit Schedule',_binary '','2026-05-09 01:41:02.093027','SYSTEM_SYNC'),(794,1,'PROFIT_MANAGEMENT','SCHEDULE_ARCHIVE','PROFIT_SCHEDULE_ARCHIVE','Profit Management - Archive Profit Schedule',_binary '','2026-05-09 01:41:02.109026','SYSTEM_SYNC'),(795,1,'PROFIT_MANAGEMENT','SCHEDULE_RESTORE','PROFIT_SCHEDULE_RESTORE','Profit Management - Restore Profit Schedule',_binary '','2026-05-09 01:41:02.126027','SYSTEM_SYNC'),(796,1,'PROFIT_MANAGEMENT','POSTING_RUN','PROFIT_POSTING_RUN','Profit Management - Run Profit Posting',_binary '','2026-05-09 01:41:02.143026','SYSTEM_SYNC'),(797,1,'CARD_MANAGEMENT','CREATE','CARD_CREATE','Card Management - Create Card',_binary '','2026-05-09 01:41:02.166025','SYSTEM_SYNC'),(798,1,'CARD_MANAGEMENT','EDIT','CARD_EDIT','Card Management - Edit Card',_binary '','2026-05-09 01:41:02.190025','SYSTEM_SYNC'),(799,1,'CARD_MANAGEMENT','ARCHIVE','CARD_ARCHIVE','Card Management - Archive Card',_binary '','2026-05-09 01:41:02.210027','SYSTEM_SYNC'),(800,1,'CARD_MANAGEMENT','RESTORE','CARD_RESTORE','Card Management - Restore Card',_binary '','2026-05-09 01:41:02.227026','SYSTEM_SYNC'),(801,1,'CARD_MANAGEMENT','ACTIVATE','CARD_ACTIVATE','Card Management - Activate Card',_binary '','2026-05-09 01:41:02.244025','SYSTEM_SYNC'),(802,1,'CARD_MANAGEMENT','BLOCK','CARD_BLOCK','Card Management - Block Card',_binary '','2026-05-09 01:41:02.263025','SYSTEM_SYNC'),(803,1,'CARD_MANAGEMENT','UNBLOCK','CARD_UNBLOCK','Card Management - Unblock Card',_binary '','2026-05-09 01:41:02.281025','SYSTEM_SYNC'),(804,1,'CARD_MANAGEMENT','REPLACE','CARD_REPLACE','Card Management - Replace Card',_binary '','2026-05-09 01:41:02.300026','SYSTEM_SYNC'),(805,1,'CARD_MANAGEMENT','RENEW','CARD_RENEW','Card Management - Renew Card',_binary '','2026-05-09 01:41:02.323028','SYSTEM_SYNC'),(806,1,'CARD_MANAGEMENT','PIN_EVENT','CARD_PIN_EVENT','Card Management - Record Card PIN Event',_binary '','2026-05-09 01:41:02.357024','SYSTEM_SYNC'),(807,1,'STATEMENTS','CUSTOMER_REQUEST','STATEMENT_CUSTOMER_REQUEST','Statements - Request Customer Statement',_binary '','2026-05-09 01:41:02.375025','SYSTEM_SYNC'),(808,1,'STATEMENTS','BRANCH_REQUEST','STATEMENT_BRANCH_REQUEST','Statements - Request Branch Statement',_binary '','2026-05-09 01:41:02.392026','SYSTEM_SYNC'),(809,1,'DEPOSIT_SCHEMES','SCHEME_CREATE','DEPOSIT_SCHEME_CREATE','Deposit Schemes - Create Deposit Scheme',_binary '','2026-05-09 01:41:02.409027','SYSTEM_SYNC'),(810,1,'DEPOSIT_SCHEMES','SCHEME_EDIT','DEPOSIT_SCHEME_EDIT','Deposit Schemes - Edit Deposit Scheme',_binary '','2026-05-09 01:41:02.426024','SYSTEM_SYNC'),(811,1,'DEPOSIT_SCHEMES','SCHEME_ARCHIVE','DEPOSIT_SCHEME_ARCHIVE','Deposit Schemes - Archive Deposit Scheme',_binary '','2026-05-09 01:41:02.444024','SYSTEM_SYNC'),(812,1,'DEPOSIT_SCHEMES','SCHEME_RESTORE','DEPOSIT_SCHEME_RESTORE','Deposit Schemes - Restore Deposit Scheme',_binary '','2026-05-09 01:41:02.465025','SYSTEM_SYNC'),(813,1,'DEPOSIT_SCHEMES','ENROLLMENT_CREATE','DEPOSIT_SCHEME_ENROLLMENT_CREATE','Deposit Schemes - Create Deposit Scheme Enrollment',_binary '','2026-05-09 01:41:02.482025','SYSTEM_SYNC'),(814,1,'FINANCING','PRODUCT_CREATE','FINANCING_PRODUCT_CREATE','Financing - Create Financing Product',_binary '','2026-05-09 01:41:02.499024','SYSTEM_SYNC'),(815,1,'FINANCING','PRODUCT_EDIT','FINANCING_PRODUCT_EDIT','Financing - Edit Financing Product',_binary '','2026-05-09 01:41:02.515028','SYSTEM_SYNC'),(816,1,'FINANCING','PRODUCT_ARCHIVE','FINANCING_PRODUCT_ARCHIVE','Financing - Archive Financing Product',_binary '','2026-05-09 01:41:02.538027','SYSTEM_SYNC'),(817,1,'FINANCING','PRODUCT_RESTORE','FINANCING_PRODUCT_RESTORE','Financing - Restore Financing Product',_binary '','2026-05-09 01:41:02.559027','SYSTEM_SYNC'),(818,1,'FINANCING','APPLICATION_CREATE','FINANCING_APPLICATION_CREATE','Financing - Create Financing Application',_binary '','2026-05-09 01:41:02.576025','SYSTEM_SYNC'),(819,1,'FINANCING','APPLICATION_EDIT','FINANCING_APPLICATION_EDIT','Financing - Edit Financing Application',_binary '','2026-05-09 01:41:02.593027','SYSTEM_SYNC'),(820,1,'FINANCING','APPLICATION_SUBMIT','FINANCING_APPLICATION_SUBMIT','Financing - Submit Financing Application',_binary '','2026-05-09 01:41:02.652024','SYSTEM_SYNC'),(821,1,'FINANCING','APPLICATION_ARCHIVE','FINANCING_APPLICATION_ARCHIVE','Financing - Archive Financing Application',_binary '','2026-05-09 01:41:02.681025','SYSTEM_SYNC'),(822,1,'FINANCING','APPLICATION_RESTORE','FINANCING_APPLICATION_RESTORE','Financing - Restore Financing Application',_binary '','2026-05-09 01:41:02.699024','SYSTEM_SYNC'),(823,1,'CONTRACTS','TEMPLATE_CREATE','CONTRACT_TEMPLATE_CREATE','Contracts - Create Contract Template',_binary '','2026-05-09 01:41:02.715023','SYSTEM_SYNC'),(824,1,'CONTRACTS','TEMPLATE_EDIT','CONTRACT_TEMPLATE_EDIT','Contracts - Edit Contract Template',_binary '','2026-05-09 01:41:02.732025','SYSTEM_SYNC'),(825,1,'CONTRACTS','TEMPLATE_ARCHIVE','CONTRACT_TEMPLATE_ARCHIVE','Contracts - Archive Contract Template',_binary '','2026-05-09 01:41:02.747026','SYSTEM_SYNC'),(826,1,'CONTRACTS','TEMPLATE_RESTORE','CONTRACT_TEMPLATE_RESTORE','Contracts - Restore Contract Template',_binary '','2026-05-09 01:41:02.764025','SYSTEM_SYNC'),(827,1,'ZAKAT_CHARITY','PROFILE_CREATE','ZAKAT_PROFILE_CREATE','Zakat & Charity - Create Zakat Profile',_binary '','2026-05-09 01:41:02.781168','SYSTEM_SYNC'),(828,1,'ZAKAT_CHARITY','PROFILE_EDIT','ZAKAT_PROFILE_EDIT','Zakat & Charity - Edit Zakat Profile',_binary '','2026-05-09 01:41:02.797025','SYSTEM_SYNC'),(829,1,'ZAKAT_CHARITY','BENEFICIARY_CREATE','CHARITY_BENEFICIARY_CREATE','Zakat & Charity - Create Charity Beneficiary',_binary '','2026-05-09 01:41:02.814026','SYSTEM_SYNC'),(830,1,'ZAKAT_CHARITY','BENEFICIARY_EDIT','CHARITY_BENEFICIARY_EDIT','Zakat & Charity - Edit Charity Beneficiary',_binary '','2026-05-09 01:41:02.831164','SYSTEM_SYNC'),(831,1,'ZAKAT_CHARITY','BENEFICIARY_ARCHIVE','CHARITY_BENEFICIARY_ARCHIVE','Zakat & Charity - Archive Charity Beneficiary',_binary '','2026-05-09 01:41:02.850024','SYSTEM_SYNC'),(832,1,'ZAKAT_CHARITY','BENEFICIARY_RESTORE','CHARITY_BENEFICIARY_RESTORE','Zakat & Charity - Restore Charity Beneficiary',_binary '','2026-05-09 01:41:02.868026','SYSTEM_SYNC'),(833,1,'NOTIFICATION_ALERTS','TEMPLATE_CREATE','NOTIFICATION_TEMPLATE_CREATE','Notification & Alerts - Create Notification Template',_binary '','2026-05-09 01:41:02.892025','SYSTEM_SYNC'),(834,1,'NOTIFICATION_ALERTS','TEMPLATE_EDIT','NOTIFICATION_TEMPLATE_EDIT','Notification & Alerts - Edit Notification Template',_binary '','2026-05-09 01:41:02.908025','SYSTEM_SYNC'),(835,1,'NOTIFICATION_ALERTS','TEMPLATE_ARCHIVE','NOTIFICATION_TEMPLATE_ARCHIVE','Notification & Alerts - Archive Notification Template',_binary '','2026-05-09 01:41:02.925025','SYSTEM_SYNC'),(836,1,'NOTIFICATION_ALERTS','TEMPLATE_RESTORE','NOTIFICATION_TEMPLATE_RESTORE','Notification & Alerts - Restore Notification Template',_binary '','2026-05-09 01:41:02.941028','SYSTEM_SYNC'),(837,1,'NOTIFICATION_ALERTS','EVENT_RULE_CREATE','NOTIFICATION_EVENT_RULE_CREATE','Notification & Alerts - Create Notification Event Rule',_binary '','2026-05-09 01:41:02.957031','SYSTEM_SYNC'),(838,1,'NOTIFICATION_ALERTS','RETRY','NOTIFICATION_RETRY','Notification & Alerts - Retry Notification Delivery',_binary '','2026-05-09 01:41:02.975025','SYSTEM_SYNC'),(839,1,'INTEGRATION_MANAGEMENT','PROVIDER_CREATE','INTEGRATION_PROVIDER_CREATE','Integration Management - Create Integration Provider',_binary '','2026-05-09 01:41:02.998025','SYSTEM_SYNC'),(840,1,'INTEGRATION_MANAGEMENT','PROVIDER_EDIT','INTEGRATION_PROVIDER_EDIT','Integration Management - Edit Integration Provider',_binary '','2026-05-09 01:41:03.042024','SYSTEM_SYNC'),(841,1,'INTEGRATION_MANAGEMENT','PROVIDER_ARCHIVE','INTEGRATION_PROVIDER_ARCHIVE','Integration Management - Archive Integration Provider',_binary '','2026-05-09 01:41:03.059025','SYSTEM_SYNC'),(842,1,'INTEGRATION_MANAGEMENT','PROVIDER_RESTORE','INTEGRATION_PROVIDER_RESTORE','Integration Management - Restore Integration Provider',_binary '','2026-05-09 01:41:03.075025','SYSTEM_SYNC'),(843,1,'INTEGRATION_MANAGEMENT','PROVIDER_TEST','INTEGRATION_PROVIDER_TEST','Integration Management - Test Integration Provider',_binary '','2026-05-09 01:41:03.097024','SYSTEM_SYNC'),(844,1,'INTEGRATION_MANAGEMENT','LOG_RETRY','INTEGRATION_LOG_RETRY','Integration Management - Retry Integration Execution',_binary '','2026-05-09 01:41:03.114024','SYSTEM_SYNC'),(845,1,'SECURITY_AUDIT','INVESTIGATION_ASSIGN','SECURITY_INVESTIGATION_ASSIGN','Security / Audit - Assign Investigation Case',_binary '','2026-05-09 01:41:03.131164','SYSTEM_SYNC'),(846,1,'SECURITY_AUDIT','INVESTIGATION_CLOSE','SECURITY_INVESTIGATION_CLOSE','Security / Audit - Close Investigation Case',_binary '','2026-05-09 01:41:03.147026','SYSTEM_SYNC'),(847,1,'VERIFICATION','SEND_EMAIL_OTP','VERIFICATION_SEND_EMAIL_OTP','Verification - Send Email Verification OTP',_binary '','2026-05-09 01:41:03.164025','SYSTEM_SYNC'),(848,1,'VERIFICATION','SEND_MOBILE_OTP','VERIFICATION_SEND_MOBILE_OTP','Verification - Send Mobile Verification OTP',_binary '','2026-05-09 01:41:03.181025','SYSTEM_SYNC'),(849,1,'VERIFICATION','VERIFY_OTP','VERIFICATION_VERIFY_OTP','Verification - Verify OTP',_binary '','2026-05-09 01:41:03.199024','SYSTEM_SYNC'),(850,1,'VERIFICATION','RESEND_OTP','VERIFICATION_RESEND_OTP','Verification - Resend OTP',_binary '','2026-05-09 01:41:03.220026','SYSTEM_SYNC'),(851,1,'VERIFICATION','EXPIRE_OTP','VERIFICATION_EXPIRE_OTP','Verification - Expire OTP',_binary '','2026-05-09 01:41:03.242026','SYSTEM_SYNC'),(852,1,'VERIFICATION','MARK_FAILED','VERIFICATION_MARK_FAILED','Verification - Mark OTP Failed',_binary '','2026-05-09 01:41:03.258030','SYSTEM_SYNC'),(853,1,'VERIFICATION','PROVIDER_TEST','VERIFICATION_PROVIDER_TEST','Verification - Run Verification Provider Test',_binary '','2026-05-09 01:41:03.275027','SYSTEM_SYNC'),(854,1,'CALCULATION_ENGINE','SIMULATE','CALCULATION_SIMULATE','Calculation Engine - Run Calculation Simulation',_binary '','2026-05-09 01:41:03.300024','SYSTEM_SYNC'),(855,1,'REPORTING_REGULATORY','MONTHLY_CLOSING_CREATE','MONTHLY_CLOSING_CREATE','Reporting & Regulatory - Create Monthly Closing Run',_binary '','2026-05-15 13:17:14.607621','SYSTEM_SYNC'),(856,1,'REPORTING_REGULATORY','MONTHLY_CLOSING_SUBMIT','MONTHLY_CLOSING_SUBMIT','Reporting & Regulatory - Submit Monthly Closing Run',_binary '','2026-05-15 13:17:14.660626','SYSTEM_SYNC'),(857,1,'REPORTING_REGULATORY','MONTHLY_CLOSING_APPROVE','MONTHLY_CLOSING_APPROVE','Reporting & Regulatory - Approve Monthly Closing Run',_binary '','2026-05-15 13:17:14.695626','SYSTEM_SYNC'),(858,1,'REPORTING_REGULATORY','MONTHLY_CLOSING_REJECT','MONTHLY_CLOSING_REJECT','Reporting & Regulatory - Reject Monthly Closing Run',_binary '','2026-05-15 13:17:14.725628','SYSTEM_SYNC'),(859,1,'REPORTING_REGULATORY','MONTHLY_CLOSING_REOPEN','MONTHLY_CLOSING_REOPEN','Reporting & Regulatory - Reopen Monthly Closing Run',_binary '','2026-05-15 13:17:14.761622','SYSTEM_SYNC'),(860,5,'TRANSACTIONS','ACCESS','TRANSACTIONS_ACCESS','Transactions - Module Access',_binary '','2026-05-15 14:12:23.770063','SYSTEM_BOOTSTRAP'),(861,5,'CARD_MANAGEMENT','ACCESS','CARD_MANAGEMENT_ACCESS','Card Management - Module Access',_binary '','2026-05-15 14:12:23.789066','SYSTEM_BOOTSTRAP'),(862,25,'CUSTOMER_MANAGEMENT','ADDRESS_MANAGE','CUSTOMER_ADDRESS_MANAGE','Customer Management - Manage Customer Address',_binary '','2026-05-15 14:12:23.829075','SYSTEM_BOOTSTRAP'),(863,25,'ACCOUNT_MANAGEMENT','REQUEST_EDIT','ACCOUNT_REQUEST_EDIT','Account Management - Edit Account Opening Request',_binary '','2026-05-15 14:12:23.847063','SYSTEM_BOOTSTRAP'),(864,25,'KYC_MANAGEMENT','ACCESS','KYC_MANAGEMENT_ACCESS','KYC Management - Module Access',_binary '','2026-05-15 14:12:23.866065','SYSTEM_BOOTSTRAP'),(865,25,'KYC_MANAGEMENT','DOCUMENT_UPLOAD','KYC_DOCUMENT_UPLOAD','KYC Management - Upload KYC Document',_binary '','2026-05-15 14:12:23.883062','SYSTEM_BOOTSTRAP'),(866,25,'KYC_MANAGEMENT','EDIT','KYC_EDIT','KYC Management - Edit KYC Profile',_binary '','2026-05-15 14:12:23.900063','SYSTEM_BOOTSTRAP'),(867,25,'KYC_MANAGEMENT','CREATE','KYC_CREATE','KYC Management - Create KYC Profile',_binary '','2026-05-15 14:12:23.916063','SYSTEM_BOOTSTRAP'),(868,25,'ACCOUNT_MANAGEMENT','REQUEST_CREATE','ACCOUNT_REQUEST_CREATE','Account Management - Create Account Opening Request',_binary '','2026-05-15 14:12:23.968067','SYSTEM_BOOTSTRAP'),(869,25,'CUSTOMER_MANAGEMENT','EDIT','CUSTOMER_EDIT','Customer Management - Edit Customer',_binary '','2026-05-15 14:12:24.002063','SYSTEM_BOOTSTRAP'),(870,25,'ACCOUNT_MANAGEMENT','REQUEST_SUBMIT','ACCOUNT_REQUEST_SUBMIT','Account Management - Submit Account Opening Request',_binary '','2026-05-15 14:12:24.018064','SYSTEM_BOOTSTRAP'),(871,25,'CUSTOMER_MANAGEMENT','CREATE','CUSTOMER_CREATE','Customer Management - Create Customer',_binary '','2026-05-15 14:12:24.036069','SYSTEM_BOOTSTRAP'),(872,25,'ACCOUNT_MANAGEMENT','ACCESS','ACCOUNT_MANAGEMENT_ACCESS','Account Management - Module Access',_binary '','2026-05-15 14:12:24.053069','SYSTEM_BOOTSTRAP'),(873,25,'CUSTOMER_MANAGEMENT','ACCESS','CUSTOMER_MANAGEMENT_ACCESS','Customer Management - Module Access',_binary '','2026-05-15 14:12:24.069066','SYSTEM_BOOTSTRAP'),(874,25,'CUSTOMER_MANAGEMENT','IDENTITY_MANAGE','CUSTOMER_IDENTITY_MANAGE','Customer Management - Manage Customer Identity',_binary '','2026-05-15 14:12:24.087069','SYSTEM_BOOTSTRAP'),(875,3,'CARD_MANAGEMENT','ACCESS','CARD_MANAGEMENT_ACCESS','Card Management - Module Access',_binary '','2026-05-15 14:12:24.110067','SYSTEM_BOOTSTRAP'),(876,3,'CARD_MANAGEMENT','PIN_EVENT','CARD_PIN_EVENT','Card Management - Record Card PIN Event',_binary '','2026-05-15 14:12:24.131063','SYSTEM_BOOTSTRAP'),(877,4,'CONTRACTS','GENERATE','CONTRACT_GENERATE','Contracts - Generate Contract',_binary '','2026-05-15 14:12:24.159067','SYSTEM_BOOTSTRAP'),(878,4,'ACCOUNT_MANAGEMENT','REQUEST_REJECT','ACCOUNT_REQUEST_REJECT','Account Management - Reject Account Opening Request',_binary '','2026-05-15 14:12:24.177068','SYSTEM_BOOTSTRAP'),(879,4,'TRANSACTIONS','REVERSE','TRANSACTION_REVERSE','Transactions - Reverse Transaction',_binary '','2026-05-15 14:12:24.193064','SYSTEM_BOOTSTRAP'),(880,4,'ACCOUNT_MANAGEMENT','ACCOUNT_CLOSE','ACCOUNT_CLOSE','Account Management - Close Account',_binary '','2026-05-15 14:12:24.216064','SYSTEM_BOOTSTRAP'),(881,4,'ACCOUNT_MANAGEMENT','REQUEST_APPROVE','ACCOUNT_REQUEST_APPROVE','Account Management - Approve Account Opening Request',_binary '','2026-05-15 14:12:24.252067','SYSTEM_BOOTSTRAP'),(882,4,'ACCOUNT_MANAGEMENT','ACCOUNT_BLOCK','ACCOUNT_BLOCK','Account Management - Block Account',_binary '','2026-05-15 14:12:24.268065','SYSTEM_BOOTSTRAP'),(883,4,'ACCOUNT_MANAGEMENT','REQUEST_VERIFY','ACCOUNT_REQUEST_VERIFY','Account Management - Verify Account Opening Request',_binary '','2026-05-15 14:12:24.286067','SYSTEM_BOOTSTRAP'),(884,4,'ACCOUNT_MANAGEMENT','REQUEST_RETURN','ACCOUNT_REQUEST_RETURN','Account Management - Return Account Opening Request',_binary '','2026-05-15 14:12:24.308063','SYSTEM_BOOTSTRAP'),(885,4,'ACCOUNT_MANAGEMENT','ACCOUNT_ACTIVATE','ACCOUNT_ACTIVATE','Account Management - Activate Account',_binary '','2026-05-15 14:12:24.324062','SYSTEM_BOOTSTRAP'),(886,4,'CONTRACTS','ACCESS','CONTRACTS_ACCESS','Contracts - Module Access',_binary '','2026-05-15 14:12:24.339067','SYSTEM_BOOTSTRAP'),(887,4,'ACCOUNT_MANAGEMENT','ACCOUNT_FREEZE','ACCOUNT_FREEZE','Account Management - Freeze Account',_binary '','2026-05-15 14:12:24.355064','SYSTEM_BOOTSTRAP'),(888,4,'REPORTING_REGULATORY','ACCESS','REPORTING_REGULATORY_ACCESS','Reporting & Regulatory - Module Access',_binary '','2026-05-15 14:12:24.370066','SYSTEM_BOOTSTRAP'),(889,7,'CONTRACTS','ACCESS','CONTRACTS_ACCESS','Contracts - Module Access',_binary '','2026-05-15 14:12:24.406075','SYSTEM_BOOTSTRAP'),(890,2,'ACCOUNT_MANAGEMENT','REQUEST_REJECT','ACCOUNT_REQUEST_REJECT','Account Management - Reject Account Opening Request',_binary '','2026-05-15 14:12:24.441065','SYSTEM_BOOTSTRAP'),(891,2,'TRANSACTIONS','REVERSE','TRANSACTION_REVERSE','Transactions - Reverse Transaction',_binary '','2026-05-15 14:12:24.457071','SYSTEM_BOOTSTRAP'),(892,2,'REPORTING_REGULATORY','ACCESS','REPORTING_REGULATORY_ACCESS','Reporting & Regulatory - Module Access',_binary '','2026-05-15 14:12:24.476064','SYSTEM_BOOTSTRAP'),(893,2,'ACCOUNT_MANAGEMENT','REQUEST_RETURN','ACCOUNT_REQUEST_RETURN','Account Management - Return Account Opening Request',_binary '','2026-05-15 14:12:24.491064','SYSTEM_BOOTSTRAP'),(894,2,'ACCOUNT_MANAGEMENT','REQUEST_APPROVE','ACCOUNT_REQUEST_APPROVE','Account Management - Approve Account Opening Request',_binary '','2026-05-15 14:12:24.509065','SYSTEM_BOOTSTRAP'),(895,2,'REPORTING_REGULATORY','MONTHLY_CLOSING_CREATE','MONTHLY_CLOSING_CREATE','Reporting & Regulatory - Create Monthly Closing Run',_binary '','2026-05-15 14:12:24.525063','SYSTEM_BOOTSTRAP'),(896,2,'REPORTING_REGULATORY','MONTHLY_CLOSING_SUBMIT','MONTHLY_CLOSING_SUBMIT','Reporting & Regulatory - Submit Monthly Closing Run',_binary '','2026-05-15 14:12:24.540064','SYSTEM_BOOTSTRAP'),(897,26,'REPORTING_REGULATORY','ACCESS','REPORTING_REGULATORY_ACCESS','Reporting & Regulatory - Module Access',_binary '','2026-05-15 14:12:24.607064','SYSTEM_BOOTSTRAP'),(898,26,'STATEMENTS','ACCESS','STATEMENTS_ACCESS','Statements - Module Access',_binary '','2026-05-15 14:12:24.744063','SYSTEM_BOOTSTRAP'),(899,27,'REPORTING_REGULATORY','MONTHLY_CLOSING_APPROVE','MONTHLY_CLOSING_APPROVE','Reporting & Regulatory - Approve Monthly Closing Run',_binary '','2026-05-15 14:12:24.806065','SYSTEM_BOOTSTRAP'),(900,27,'SHARIAH_REVIEW','ACCESS','SHARIAH_REVIEW_ACCESS','Shariah Review - Module Access',_binary '','2026-05-15 14:12:24.893065','SYSTEM_BOOTSTRAP'),(901,27,'KYC_MANAGEMENT','ACCESS','KYC_MANAGEMENT_ACCESS','KYC Management - Module Access',_binary '','2026-05-15 14:12:24.919066','SYSTEM_BOOTSTRAP'),(902,27,'REPORTING_REGULATORY','ACCESS','REPORTING_REGULATORY_ACCESS','Reporting & Regulatory - Module Access',_binary '','2026-05-15 14:12:24.940064','SYSTEM_BOOTSTRAP'),(903,27,'REPORTING_REGULATORY','MONTHLY_CLOSING_REJECT','MONTHLY_CLOSING_REJECT','Reporting & Regulatory - Reject Monthly Closing Run',_binary '','2026-05-15 14:12:24.960061','SYSTEM_BOOTSTRAP'),(904,27,'SECURITY_AUDIT','ACCESS','SECURITY_AUDIT_ACCESS','Security / Audit - Module Access',_binary '','2026-05-15 14:12:24.977062','SYSTEM_BOOTSTRAP'),(905,27,'REPORTING_REGULATORY','MONTHLY_CLOSING_REOPEN','MONTHLY_CLOSING_REOPEN','Reporting & Regulatory - Reopen Monthly Closing Run',_binary '','2026-05-15 14:12:24.993066','SYSTEM_BOOTSTRAP'),(906,28,'STATEMENTS','ACCESS','STATEMENTS_ACCESS','Statements - Module Access',_binary '','2026-05-15 14:12:25.072064','SYSTEM_BOOTSTRAP'),(907,28,'SECURITY_AUDIT','ACCESS','SECURITY_AUDIT_ACCESS','Security / Audit - Module Access',_binary '','2026-05-15 14:12:25.093065','SYSTEM_BOOTSTRAP'),(908,28,'REPORTING_REGULATORY','ACCESS','REPORTING_REGULATORY_ACCESS','Reporting & Regulatory - Module Access',_binary '','2026-05-15 14:12:25.109064','SYSTEM_BOOTSTRAP'),(909,28,'VERIFICATION','ACCESS','VERIFICATION_ACCESS','Verification - Module Access',_binary '','2026-05-15 14:12:25.124063','SYSTEM_BOOTSTRAP'),(910,29,'FINANCING','ACCESS','FINANCING_ACCESS','Financing - Module Access',_binary '','2026-05-15 14:12:25.162063','SYSTEM_BOOTSTRAP'),(911,29,'FINANCING','COLLECT_PAYMENT','FINANCING_COLLECT_PAYMENT','Financing - Collect Financing Repayment',_binary '','2026-05-15 14:12:25.177064','SYSTEM_BOOTSTRAP'),(912,29,'REPORTING_REGULATORY','ACCESS','REPORTING_REGULATORY_ACCESS','Reporting & Regulatory - Module Access',_binary '','2026-05-15 14:12:25.192069','SYSTEM_BOOTSTRAP'),(913,30,'REPORTING_REGULATORY','MONTHLY_CLOSING_REOPEN','MONTHLY_CLOSING_REOPEN','Reporting & Regulatory - Reopen Monthly Closing Run',_binary '','2026-05-15 14:12:25.236065','SYSTEM_BOOTSTRAP'),(914,30,'PROFIT_MANAGEMENT','POSTING_RUN','PROFIT_POSTING_RUN','Profit Management - Run Profit Posting',_binary '','2026-05-15 14:12:25.256060','SYSTEM_BOOTSTRAP'),(915,30,'PROFIT_MANAGEMENT','ACCESS','PROFIT_MANAGEMENT_ACCESS','Profit Management - Module Access',_binary '','2026-05-15 14:12:25.270058','SYSTEM_BOOTSTRAP'),(916,30,'REPORTING_REGULATORY','MONTHLY_CLOSING_APPROVE','MONTHLY_CLOSING_APPROVE','Reporting & Regulatory - Approve Monthly Closing Run',_binary '','2026-05-15 14:12:25.285063','SYSTEM_BOOTSTRAP'),(917,30,'REPORTING_REGULATORY','ACCESS','REPORTING_REGULATORY_ACCESS','Reporting & Regulatory - Module Access',_binary '','2026-05-15 14:12:25.346070','SYSTEM_BOOTSTRAP'),(918,25,'STATEMENTS','CUSTOMER_REQUEST','STATEMENT_CUSTOMER_REQUEST','Statements - Request Customer Statement',_binary '','2026-05-15 14:29:31.585982','SYSTEM_BOOTSTRAP'),(919,25,'STATEMENTS','ACCESS','STATEMENTS_ACCESS','Statements - Module Access',_binary '','2026-05-15 14:29:31.620984','SYSTEM_BOOTSTRAP'),(920,26,'STATEMENTS','BRANCH_REQUEST','STATEMENT_BRANCH_REQUEST','Statements - Request Branch Statement',_binary '','2026-05-15 14:29:31.709980','SYSTEM_BOOTSTRAP'),(921,30,'REPORTING_REGULATORY','MONTHLY_CLOSING_REJECT','MONTHLY_CLOSING_REJECT','Reporting & Regulatory - Reject Monthly Closing Run',_binary '','2026-05-15 14:29:31.750982','SYSTEM_BOOTSTRAP'),(922,25,'KYC_MANAGEMENT','SUBMIT','KYC_SUBMIT','KYC Management - Submit KYC Profile',_binary '','2026-05-16 01:34:28.000000','SMOKE_FIX');
/*!40000 ALTER TABLE `role_permission` ENABLE KEYS */;
UNLOCK TABLES;

--
-- Table structure for table `roles`
--

DROP TABLE IF EXISTS `roles`;
/*!40101 SET @saved_cs_client     = @@character_set_client */;
/*!50503 SET character_set_client = utf8mb4 */;
CREATE TABLE `roles` (
  `id` bigint NOT NULL AUTO_INCREMENT,
  `code` varchar(50) NOT NULL,
  `created_at` datetime(6) NOT NULL,
  `description` varchar(500) DEFAULT NULL,
  `name` varchar(100) NOT NULL,
  `status` enum('ACTIVE','INACTIVE') NOT NULL,
  `updated_at` datetime(6) NOT NULL,
  `created_by` varchar(120) DEFAULT NULL,
  `updated_by` varchar(120) DEFAULT NULL,
  PRIMARY KEY (`id`),
  UNIQUE KEY `UKch1113horj4qr56f91omojv8` (`code`),
  UNIQUE KEY `uk_roles_code` (`code`)
) ENGINE=InnoDB AUTO_INCREMENT=31 DEFAULT CHARSET=utf8mb4 COLLATE=utf8mb4_0900_ai_ci;
/*!40101 SET character_set_client = @saved_cs_client */;

--
-- Dumping data for table `roles`
--

LOCK TABLES `roles` WRITE;
/*!40000 ALTER TABLE `roles` DISABLE KEYS */;
INSERT INTO `roles` VALUES (1,'SYSTEM_ADMIN','2026-04-12 15:19:19.298624','Full administrative control over role, user, configuration and module access.','System Admin','ACTIVE','2026-04-12 15:19:19.298624','MODULE_1_SEED','MODULE_1_SEED'),(2,'BRANCH_MANAGER','2026-04-12 15:20:28.731438','Oversees branch operations, staff, vault and branch performance.','Branch Manager','ACTIVE','2026-05-02 00:16:34.265852','MODULE_1_SEED','MODULE_1_SEED'),(3,'TELLER','2026-04-12 15:20:42.619890','Handles teller operations, cash movement and customer-assisted transactions.','Teller','ACTIVE','2026-04-12 15:20:42.619890','MODULE_1_SEED','MODULE_1_SEED'),(4,'OPERATIONS_OFFICER','2026-04-12 15:20:54.409585','Manages customer, KYC, account and transaction operations.','Operations Officer','ACTIVE','2026-04-12 15:20:54.409585','MODULE_1_SEED','MODULE_1_SEED'),(5,'CUSTOMER','2026-04-12 15:21:07.589375','Customer-facing access to statements, schemes, requests and self-service journeys.','Customer','ACTIVE','2026-05-02 00:16:38.526982','MODULE_1_SEED','MODULE_1_SEED'),(6,'INVESTMENT_OFFICER','2026-04-12 15:24:28.811644','Manages investment, financing, profit and contract operations.','Investment Officer','ACTIVE','2026-04-12 15:24:28.811644','MODULE_1_SEED','MODULE_1_SEED'),(7,'SHARIAH_BOARD_MEMBER','2026-04-12 15:24:42.365210','Reviews shariah compliance, decisions and supporting reports.','Shariah Board Member','ACTIVE','2026-04-12 15:24:42.365210','MODULE_1_SEED','MODULE_1_SEED'),(23,'AOP_TEST_ROLE_20260509','2026-05-09 15:57:38.363200','Temporary role for AOP verification','AOP Test Role','INACTIVE','2026-05-09 16:00:45.967757','SYSTEM','SYSTEM'),(24,'AOP_TEST_ROLE_160023','2026-05-09 16:00:23.968618','Temporary role for AOP verification','AOP Test Role 160023','ACTIVE','2026-05-15 18:41:59.239426','SYSTEM','SYSTEM'),(25,'BRANCH_STAFF','2026-05-15 14:12:23.808063','Collect onboarding documents and assist branch-side operational intake','Branch Staff','ACTIVE','2026-05-15 14:12:23.808063','SYSTEM_BOOTSTRAP','SYSTEM_BOOTSTRAP'),(26,'MIS_OFFICER','2026-05-15 14:12:24.585069','Generate and monitor enterprise reports, exports and monthly summaries','MIS Officer','ACTIVE','2026-05-15 14:12:24.585069','SYSTEM_BOOTSTRAP','SYSTEM_BOOTSTRAP'),(27,'COMPLIANCE_OFFICER','2026-05-15 14:12:24.763065','Review compliance-sensitive KYC, shariah, reporting and security outcomes','Compliance Officer','ACTIVE','2026-05-15 14:12:24.763065','SYSTEM_BOOTSTRAP','SYSTEM_BOOTSTRAP'),(28,'INTERNAL_AUDITOR','2026-05-15 14:12:25.043065','Review exported reports, statements and audit evidence across modules','Internal Auditor','ACTIVE','2026-05-15 14:12:25.043065','SYSTEM_BOOTSTRAP','SYSTEM_BOOTSTRAP'),(29,'RECOVERY_OFFICER','2026-05-15 14:12:25.143061','Track delinquent financing accounts and collect recovery payments','Recovery Officer','ACTIVE','2026-05-15 14:12:25.143061','SYSTEM_BOOTSTRAP','SYSTEM_BOOTSTRAP'),(30,'TREASURY_FINANCE_OFFICER','2026-05-15 14:12:25.210062','Run profit, treasury-style oversight and month-end financial sign-off support','Treasury / Finance Officer','ACTIVE','2026-05-15 14:12:25.210062','SYSTEM_BOOTSTRAP','SYSTEM_BOOTSTRAP');
/*!40000 ALTER TABLE `roles` ENABLE KEYS */;
UNLOCK TABLES;

--
-- Table structure for table `security_event_log`
--

DROP TABLE IF EXISTS `security_event_log`;
/*!40101 SET @saved_cs_client     = @@character_set_client */;
/*!50503 SET character_set_client = utf8mb4 */;
CREATE TABLE `security_event_log` (
  `id` bigint NOT NULL AUTO_INCREMENT,
  `description` varchar(500) DEFAULT NULL,
  `event_at` datetime(6) NOT NULL,
  `event_type` varchar(100) NOT NULL,
  `ip_address` varchar(80) DEFAULT NULL,
  `success` bit(1) NOT NULL,
  `user_id` bigint DEFAULT NULL,
  `username` varchar(100) DEFAULT NULL,
  `device_info` varchar(255) DEFAULT NULL,
  `event_code` varchar(50) NOT NULL,
  `event_name` varchar(160) NOT NULL,
  `event_time` datetime(6) NOT NULL,
  `reference_id` bigint DEFAULT NULL,
  `reference_module` varchar(80) DEFAULT NULL,
  `remarks` varchar(1000) DEFAULT NULL,
  `severity_level` enum('CRITICAL','HIGH','LOW','MEDIUM') NOT NULL,
  `status` enum('ACTIVE','ARCHIVED','PENDING') NOT NULL,
  PRIMARY KEY (`id`)
) ENGINE=InnoDB AUTO_INCREMENT=16 DEFAULT CHARSET=utf8mb4 COLLATE=utf8mb4_0900_ai_ci;
/*!40101 SET character_set_client = @saved_cs_client */;

--
-- Dumping data for table `security_event_log`
--

LOCK TABLES `security_event_log` WRITE;
/*!40000 ALTER TABLE `security_event_log` DISABLE KEYS */;
INSERT INTO `security_event_log` VALUES (1,'Repeated password failure | SECURITY_SEED','2026-05-04 08:10:00.000000','FAILED_LOGIN','10.10.1.10',_binary '\0',1,'seed.user','Chrome / Windows 11','FAILED_LOGIN','Failed Login Attempt','2026-05-04 08:10:00.000000',1001,'AUTH','Repeated password failure | SECURITY_SEED','HIGH','ACTIVE'),(2,'Five failed attempts from same IP | SECURITY_SEED','2026-05-04 08:14:00.000000','FAILED_LOGIN','10.10.1.11',_binary '\0',1,'seed.user','Edge / Windows 11','FAILED_LOGIN','Failed Login Attempt','2026-05-04 08:14:00.000000',1002,'AUTH','Five failed attempts from same IP | SECURITY_SEED','CRITICAL','ACTIVE'),(3,'Account locked after security threshold | SECURITY_SEED','2026-05-04 08:15:00.000000','LOCKED_USER','10.10.1.11',_binary '\0',1,'seed.user','Edge / Windows 11','LOCKED_USER','User Locked After Failed Login','2026-05-04 08:15:00.000000',1002,'AUTH','Account locked after security threshold | SECURITY_SEED','CRITICAL','ACTIVE'),(4,'High-value transfer pattern detected | SECURITY_SEED','2026-05-04 09:05:00.000000','SUSPICIOUS_TXN','10.20.5.14',_binary '\0',NULL,NULL,'API Gateway','SUSPICIOUS_TXN','Suspicious High Value Transfer','2026-05-04 09:05:00.000000',2001,'TRANSACTION','High-value transfer pattern detected | SECURITY_SEED','HIGH','ACTIVE'),(5,'Transaction matched AML watch rule | SECURITY_SEED','2026-05-04 09:10:00.000000','AML_FLAG','10.20.5.14',_binary '\0',NULL,NULL,'API Gateway','AML_FLAG','AML Pattern Match','2026-05-04 09:10:00.000000',2002,'TRANSACTION','Transaction matched AML watch rule | SECURITY_SEED','CRITICAL','ACTIVE'),(6,'Name matched sanction screening list | SECURITY_SEED','2026-05-04 09:20:00.000000','SANCTION_HIT','10.20.5.14',_binary '\0',NULL,NULL,'API Gateway','SANCTION_HIT','Sanction Screening Hit','2026-05-04 09:20:00.000000',3001,'CUSTOMER','Name matched sanction screening list | SECURITY_SEED','CRITICAL','ACTIVE'),(7,'Reversal spike observed on same teller | SECURITY_SEED','2026-05-04 09:45:00.000000','MULTIPLE_REVERSAL','10.20.6.15',_binary '\0',NULL,NULL,'Branch Switch','MULTIPLE_REVERSAL','Multiple Reversal Pattern','2026-05-04 09:45:00.000000',2003,'TRANSACTION','Reversal spike observed on same teller | SECURITY_SEED','HIGH','ACTIVE'),(8,'Administrative password reset triggered | SECURITY_SEED','2026-05-03 15:20:00.000000','PASSWORD_RESET','10.10.1.20',_binary '',1,'seed.user','Firefox / Windows 11','PASSWORD_RESET','Admin Password Reset','2026-05-03 15:20:00.000000',4001,'USER','Administrative password reset triggered | SECURITY_SEED','MEDIUM','ACTIVE'),(9,'Sensitive permission map changed | SECURITY_SEED','2026-05-03 16:00:00.000000','PERMISSION_CHANGE','10.10.1.21',_binary '',1,'seed.user','Chrome / Windows 11','PERMISSION_CHANGE','Role Permission Updated','2026-05-03 16:00:00.000000',5001,'ROLE','Sensitive permission map changed | SECURITY_SEED','MEDIUM','ACTIVE'),(10,'Login attempted from unusual device | SECURITY_SEED','2026-05-03 16:10:00.000000','DEVICE_MISMATCH','10.10.1.22',_binary '\0',1,'seed.user','Safari / macOS','DEVICE_MISMATCH','Device Fingerprint Mismatch','2026-05-03 16:10:00.000000',1003,'AUTH','Login attempted from unusual device | SECURITY_SEED','HIGH','ACTIVE'),(11,'Suspicious repeated mobile login failure | SECURITY_SEED','2026-05-02 10:00:00.000000','FAILED_LOGIN','10.10.1.23',_binary '\0',1,'seed.user','Chrome / Android','FAILED_LOGIN','Failed Login Attempt','2026-05-02 10:00:00.000000',1004,'AUTH','Suspicious repeated mobile login failure | SECURITY_SEED','HIGH','ACTIVE'),(12,'Rapid cash withdrawal sequence detected | SECURITY_SEED','2026-05-02 11:15:00.000000','SUSPICIOUS_TXN','10.20.7.16',_binary '\0',NULL,NULL,'ATM Switch','SUSPICIOUS_TXN','Unusual Cash Withdrawal Pattern','2026-05-02 11:15:00.000000',2004,'TRANSACTION','Rapid cash withdrawal sequence detected | SECURITY_SEED','HIGH','ACTIVE'),(13,'Layering pattern detected in txn set | SECURITY_SEED','2026-05-01 12:05:00.000000','AML_FLAG','10.20.7.16',_binary '\0',NULL,NULL,'ATM Switch','AML_FLAG','AML Scenario Triggered','2026-05-01 12:05:00.000000',2005,'TRANSACTION','Layering pattern detected in txn set | SECURITY_SEED','CRITICAL','ACTIVE'),(14,'Customer screening returned hit | SECURITY_SEED','2026-05-01 13:30:00.000000','SANCTION_HIT','10.10.1.24',_binary '\0',NULL,NULL,'Back Office','SANCTION_HIT','Sanction Screening Hit','2026-05-01 13:30:00.000000',3002,'CUSTOMER','Customer screening returned hit | SECURITY_SEED','CRITICAL','ACTIVE'),(15,'Concurrent session detected | SECURITY_SEED','2026-05-01 14:00:00.000000','SESSION_ALERT','10.10.1.25',_binary '\0',1,'seed.user','Chrome / Windows 11','SESSION_ALERT','Concurrent Session Alert','2026-05-01 14:00:00.000000',1005,'AUTH','Concurrent session detected | SECURITY_SEED','MEDIUM','ACTIVE');
/*!40000 ALTER TABLE `security_event_log` ENABLE KEYS */;
UNLOCK TABLES;

--
-- Table structure for table `shariah_checklist_item`
--

DROP TABLE IF EXISTS `shariah_checklist_item`;
/*!40101 SET @saved_cs_client     = @@character_set_client */;
/*!50503 SET character_set_client = utf8mb4 */;
CREATE TABLE `shariah_checklist_item` (
  `id` bigint NOT NULL AUTO_INCREMENT,
  `created_at` datetime(6) NOT NULL,
  `description` varchar(1000) DEFAULT NULL,
  `item_code` varchar(40) NOT NULL,
  `item_name` varchar(160) NOT NULL,
  `status` enum('ACTIVE','ARCHIVED','PENDING') NOT NULL,
  `updated_at` datetime(6) NOT NULL,
  PRIMARY KEY (`id`),
  UNIQUE KEY `uk_shariah_checklist_item_code` (`item_code`)
) ENGINE=InnoDB AUTO_INCREMENT=16 DEFAULT CHARSET=utf8mb4 COLLATE=utf8mb4_0900_ai_ci;
/*!40101 SET character_set_client = @saved_cs_client */;

--
-- Dumping data for table `shariah_checklist_item`
--

LOCK TABLES `shariah_checklist_item` WRITE;
/*!40000 ALTER TABLE `shariah_checklist_item` DISABLE KEYS */;
INSERT INTO `shariah_checklist_item` VALUES (1,'2026-04-01 09:00:00.000000','Review whether the business purpose aligns with approved Shariah banking objectives.','SCI-00001','Purpose Alignment Review','ACTIVE','2026-04-01 09:00:00.000000'),(2,'2026-04-01 09:05:00.000000','Ensure the financed or linked asset is halal, lawful and supported by source evidence.','SCI-00002','Asset Halal Validation','ACTIVE','2026-04-01 09:05:00.000000'),(3,'2026-04-01 09:10:00.000000','Check whether the contract clauses follow approved Islamic structure and wording.','SCI-00003','Contract Clause Compliance','ACTIVE','2026-04-01 09:10:00.000000'),(4,'2026-04-01 09:15:00.000000','Review markup, rental, sharing or profit rule against approved product guidance.','SCI-00004','Profit Method Review','ACTIVE','2026-04-01 09:15:00.000000'),(5,'2026-04-01 09:20:00.000000','Confirm document completeness before final board decision is recorded.','SCI-00005','Documentation Completeness','ACTIVE','2026-04-01 09:20:00.000000'),(6,'2026-04-01 09:25:00.000000','Check collateral or supporting security for prohibited elements or wording.','SCI-00006','Collateral Compliance','ACTIVE','2026-04-01 09:25:00.000000'),(7,'2026-04-01 09:30:00.000000','Verify charity late fee wording and disclosure are correctly applied.','SCI-00007','Charity Penalty Disclosure','ACTIVE','2026-04-01 09:30:00.000000'),(8,'2026-04-01 09:35:00.000000','Confirm customer declaration and disclosures are visible and traceable.','SCI-00008','Customer Disclosure Review','ACTIVE','2026-04-01 09:35:00.000000'),(9,'2026-04-01 09:40:00.000000','Check ownership and possession evidence where required before financing execution.','SCI-00009','Ownership Evidence Check','ACTIVE','2026-04-01 09:40:00.000000'),(10,'2026-04-01 09:45:00.000000','Validate supplier or vendor document support for linked purchase transaction.','SCI-00010','Supplier Validation','ACTIVE','2026-04-01 09:45:00.000000'),(11,'2026-04-01 09:50:00.000000','Review risk mitigation controls and approval note before case closure.','SCI-00011','Risk Mitigation Review','ACTIVE','2026-04-01 09:50:00.000000'),(12,'2026-04-01 09:55:00.000000','Ensure takaful or protection note is compliant where the product requires it.','SCI-00012','Takaful Compliance Note','ACTIVE','2026-04-01 09:55:00.000000'),(13,'2026-04-01 10:00:00.000000','Check early settlement wording and rebate note are fair and compliant.','SCI-00013','Early Settlement Clause','ACTIVE','2026-04-01 10:00:00.000000'),(14,'2026-04-01 10:05:00.000000','Verify late payment treatment routes charity amount outside bank income.','SCI-00014','Late Fee Charity Routing','ACTIVE','2026-04-01 10:05:00.000000'),(15,'2026-04-01 10:10:00.000000','Ensure final board note and certificate language are ready for archive and report use.','SCI-00015','Board Note Completion','ACTIVE','2026-04-01 10:10:00.000000');
/*!40000 ALTER TABLE `shariah_checklist_item` ENABLE KEYS */;
UNLOCK TABLES;

--
-- Table structure for table `shariah_review_case`
--

DROP TABLE IF EXISTS `shariah_review_case`;
/*!40101 SET @saved_cs_client     = @@character_set_client */;
/*!50503 SET character_set_client = utf8mb4 */;
CREATE TABLE `shariah_review_case` (
  `id` bigint NOT NULL AUTO_INCREMENT,
  `case_no` varchar(40) NOT NULL,
  `case_status` enum('APPROVED','PENDING_REVIEW','REJECTED','RETURNED') NOT NULL,
  `created_at` datetime(6) NOT NULL,
  `reference_id` bigint NOT NULL,
  `reference_module` varchar(80) NOT NULL,
  `remarks` varchar(1000) DEFAULT NULL,
  `status` enum('ACTIVE','ARCHIVED','PENDING') NOT NULL,
  `submitted_at` datetime(6) NOT NULL,
  `submitted_by` varchar(160) NOT NULL,
  `updated_at` datetime(6) NOT NULL,
  PRIMARY KEY (`id`),
  UNIQUE KEY `uk_shariah_review_case_no` (`case_no`)
) ENGINE=InnoDB AUTO_INCREMENT=16 DEFAULT CHARSET=utf8mb4 COLLATE=utf8mb4_0900_ai_ci;
/*!40101 SET character_set_client = @saved_cs_client */;

--
-- Dumping data for table `shariah_review_case`
--

LOCK TABLES `shariah_review_case` WRITE;
/*!40000 ALTER TABLE `shariah_review_case` DISABLE KEYS */;
INSERT INTO `shariah_review_case` VALUES (1,'SHR-00001','PENDING_REVIEW','2026-04-02 09:00:00.000000',1,'FINANCING','Murabaha transport case submitted and waiting for full board checklist completion.','ACTIVE','2026-04-02 09:00:00.000000','Review Officer 01','2026-04-02 09:00:00.000000'),(2,'SHR-00002','APPROVED','2026-04-02 09:15:00.000000',2,'FINANCING','Board approved after confirming vehicle asset, pricing and ownership evidence.','ACTIVE','2026-04-02 09:15:00.000000','Review Officer 02','2026-04-03 11:00:00.000000'),(3,'SHR-00003','REJECTED','2026-04-02 09:30:00.000000',3,'FINANCING','Rejected because asset quotation source and supporting document trail were inconsistent.','ACTIVE','2026-04-02 09:30:00.000000','Review Officer 03','2026-04-03 11:20:00.000000'),(4,'SHR-00004','RETURNED','2026-04-02 09:45:00.000000',4,'FINANCING','Returned for correction to add customer disclosure and revised charity clause wording.','ACTIVE','2026-04-02 09:45:00.000000','Review Officer 04','2026-04-03 11:40:00.000000'),(5,'SHR-00005','APPROVED','2026-04-02 10:00:00.000000',5,'CONTRACT','Contract wording cleared and certificate can be generated for archive.','ACTIVE','2026-04-02 10:00:00.000000','Review Officer 05','2026-04-03 12:00:00.000000'),(6,'SHR-00006','PENDING_REVIEW','2026-04-02 10:15:00.000000',6,'CONTRACT','Checklist updated and board note still pending before decision.','ACTIVE','2026-04-02 10:15:00.000000','Review Officer 06','2026-04-03 12:15:00.000000'),(7,'SHR-00007','APPROVED','2026-04-02 10:30:00.000000',7,'FINANCING','Approved after collateral and supplier validation completed.','ACTIVE','2026-04-02 10:30:00.000000','Review Officer 07','2026-04-03 12:30:00.000000'),(8,'SHR-00008','RETURNED','2026-04-02 10:45:00.000000',8,'CONTRACT','Returned for correction because the template omitted updated board note language.','ACTIVE','2026-04-02 10:45:00.000000','Review Officer 08','2026-04-03 12:45:00.000000'),(9,'SHR-00009','APPROVED','2026-04-02 11:00:00.000000',1,'DEPOSIT_SCHEME','Savings scheme case approved after disclosure and charity clause check.','ACTIVE','2026-04-02 11:00:00.000000','Review Officer 09','2026-04-03 13:00:00.000000'),(10,'SHR-00010','REJECTED','2026-04-02 11:15:00.000000',10,'FINANCING','Rejected due to unsupported supplier invoice and incomplete ownership note.','ACTIVE','2026-04-02 11:15:00.000000','Review Officer 10','2026-04-03 13:15:00.000000'),(11,'SHR-00011','PENDING_REVIEW','2026-04-02 11:30:00.000000',11,'CONTRACT','Customer and contract documents loaded, waiting for board review slot.','ACTIVE','2026-04-02 11:30:00.000000','Review Officer 11','2026-04-02 11:30:00.000000'),(12,'SHR-00012','APPROVED','2026-04-02 11:45:00.000000',1,'CARD_ISSUE','Card issue undertaking approved with updated disclosure wording.','ACTIVE','2026-04-02 11:45:00.000000','Review Officer 12','2026-04-03 13:45:00.000000'),(13,'SHR-00013','RETURNED','2026-04-02 12:00:00.000000',13,'ACCOUNT_OPENING','Returned to collect revised early settlement clause note and customer declaration.','ACTIVE','2026-04-02 12:00:00.000000','Review Officer 13','2026-04-03 14:00:00.000000'),(14,'SHR-00014','REJECTED','2026-04-02 12:15:00.000000',14,'FINANCING','Rejected because financing purpose narrative was not aligned with approved structure.','ACTIVE','2026-04-02 12:15:00.000000','Review Officer 14','2026-04-03 14:15:00.000000'),(15,'SHR-00015','PENDING_REVIEW','2026-04-02 12:30:00.000000',15,'GENERAL','General advisory case submitted for board comment and annual report inclusion.','ACTIVE','2026-04-02 12:30:00.000000','Review Officer 15','2026-04-02 12:30:00.000000');
/*!40000 ALTER TABLE `shariah_review_case` ENABLE KEYS */;
UNLOCK TABLES;

--
-- Table structure for table `shariah_review_checklist`
--

DROP TABLE IF EXISTS `shariah_review_checklist`;
/*!40101 SET @saved_cs_client     = @@character_set_client */;
/*!50503 SET character_set_client = utf8mb4 */;
CREATE TABLE `shariah_review_checklist` (
  `id` bigint NOT NULL AUTO_INCREMENT,
  `created_at` datetime(6) NOT NULL,
  `note` varchar(1000) DEFAULT NULL,
  `selected_flag` bit(1) NOT NULL,
  `status` enum('ACTIVE','ARCHIVED','PENDING') NOT NULL,
  `updated_at` datetime(6) NOT NULL,
  `item_id` bigint NOT NULL,
  `case_id` bigint NOT NULL,
  PRIMARY KEY (`id`),
  KEY `FK7dp9n0cy4xfgekcpl24vniedd` (`item_id`),
  KEY `FK3xc5s31u7mh0s4ka1ud2y8avf` (`case_id`),
  CONSTRAINT `FK3xc5s31u7mh0s4ka1ud2y8avf` FOREIGN KEY (`case_id`) REFERENCES `shariah_review_case` (`id`),
  CONSTRAINT `FK7dp9n0cy4xfgekcpl24vniedd` FOREIGN KEY (`item_id`) REFERENCES `shariah_checklist_item` (`id`)
) ENGINE=InnoDB AUTO_INCREMENT=46 DEFAULT CHARSET=utf8mb4 COLLATE=utf8mb4_0900_ai_ci;
/*!40101 SET character_set_client = @saved_cs_client */;

--
-- Dumping data for table `shariah_review_checklist`
--

LOCK TABLES `shariah_review_checklist` WRITE;
/*!40000 ALTER TABLE `shariah_review_checklist` DISABLE KEYS */;
INSERT INTO `shariah_review_checklist` VALUES (1,'2026-04-02 09:05:00.000000','Purpose note aligned with approved Murabaha transport activity.',_binary '','ACTIVE','2026-04-02 09:05:00.000000',1,1),(2,'2026-04-02 09:06:00.000000','Asset description verified against transport quotation.',_binary '','ACTIVE','2026-04-02 09:06:00.000000',2,1),(3,'2026-04-02 09:07:00.000000','Document set complete before final board sitting.',_binary '','ACTIVE','2026-04-02 09:07:00.000000',5,1),(4,'2026-04-02 09:20:00.000000','Purpose and transport use case align with policy.',_binary '','ACTIVE','2026-04-02 09:20:00.000000',1,2),(5,'2026-04-02 09:21:00.000000','Ownership evidence and chassis quotation matched.',_binary '','ACTIVE','2026-04-02 09:21:00.000000',9,2),(6,'2026-04-02 09:22:00.000000','Supplier records validated before approval.',_binary '','ACTIVE','2026-04-02 09:22:00.000000',10,2),(7,'2026-04-02 09:35:00.000000','Purpose acceptable but quotation trail was weak.',_binary '','ACTIVE','2026-04-02 09:35:00.000000',1,3),(8,'2026-04-02 09:36:00.000000','Asset note captured but invoice evidence incomplete.',_binary '','ACTIVE','2026-04-02 09:36:00.000000',2,3),(9,'2026-04-02 09:37:00.000000','Supplier validation failed during review.',_binary '','ACTIVE','2026-04-02 09:37:00.000000',10,3),(10,'2026-04-02 09:50:00.000000','Purpose and customer note aligned but disclosure revision needed.',_binary '','ACTIVE','2026-04-02 09:50:00.000000',1,4),(11,'2026-04-02 09:51:00.000000','Charity fee wording required updated customer-facing language.',_binary '','ACTIVE','2026-04-02 09:51:00.000000',7,4),(12,'2026-04-02 09:52:00.000000','Customer declaration needed correction and resubmission.',_binary '','ACTIVE','2026-04-02 09:52:00.000000',8,4),(13,'2026-04-02 10:05:00.000000','Contract clause wording aligned with approved board template.',_binary '','ACTIVE','2026-04-02 10:05:00.000000',3,5),(14,'2026-04-02 10:06:00.000000','Profit or fee treatment reviewed and acceptable.',_binary '','ACTIVE','2026-04-02 10:06:00.000000',4,5),(15,'2026-04-02 10:07:00.000000','Board note completion confirmed for certificate issue.',_binary '','ACTIVE','2026-04-02 10:07:00.000000',15,5),(16,'2026-04-02 10:20:00.000000','Contract text prepared for board review.',_binary '','ACTIVE','2026-04-02 10:20:00.000000',3,6),(17,'2026-04-02 10:21:00.000000','Risk mitigation note captured.',_binary '','ACTIVE','2026-04-02 10:21:00.000000',11,6),(18,'2026-04-02 10:22:00.000000','Board note completion pending final meeting.',_binary '','ACTIVE','2026-04-02 10:22:00.000000',15,6),(19,'2026-04-02 10:35:00.000000','Collateral wording accepted by board.',_binary '','ACTIVE','2026-04-02 10:35:00.000000',6,7),(20,'2026-04-02 10:36:00.000000','Supplier and vendor records reviewed.',_binary '','ACTIVE','2026-04-02 10:36:00.000000',10,7),(21,'2026-04-02 10:37:00.000000','Risk note aligned with approval condition.',_binary '','ACTIVE','2026-04-02 10:37:00.000000',11,7),(22,'2026-04-02 10:50:00.000000','Contract clause review found outdated certificate wording.',_binary '','ACTIVE','2026-04-02 10:50:00.000000',3,8),(23,'2026-04-02 10:51:00.000000','Board note required updated final archive language.',_binary '','ACTIVE','2026-04-02 10:51:00.000000',15,8),(24,'2026-04-02 10:52:00.000000','Customer disclosure needs to reflect latest template revision.',_binary '','ACTIVE','2026-04-02 10:52:00.000000',8,8),(25,'2026-04-02 11:05:00.000000','Deposit scheme purpose and disclosure are compliant.',_binary '','ACTIVE','2026-04-02 11:05:00.000000',1,9),(26,'2026-04-02 11:06:00.000000','Charity clause routed correctly outside bank income.',_binary '','ACTIVE','2026-04-02 11:06:00.000000',14,9),(27,'2026-04-02 11:07:00.000000','Board note captured for annual report use.',_binary '','ACTIVE','2026-04-02 11:07:00.000000',15,9),(28,'2026-04-02 11:20:00.000000','Supplier invoice review exposed inconsistency.',_binary '','ACTIVE','2026-04-02 11:20:00.000000',10,10),(29,'2026-04-02 11:21:00.000000','Ownership evidence was incomplete at rejection time.',_binary '','ACTIVE','2026-04-02 11:21:00.000000',9,10),(30,'2026-04-02 11:22:00.000000','Document completeness remained below threshold.',_binary '','ACTIVE','2026-04-02 11:22:00.000000',5,10),(31,'2026-04-02 11:35:00.000000','Contract checklist prepared and queued for board.',_binary '','ACTIVE','2026-04-02 11:35:00.000000',3,11),(32,'2026-04-02 11:36:00.000000','Documentation captured and waiting decision.',_binary '','ACTIVE','2026-04-02 11:36:00.000000',5,11),(33,'2026-04-02 11:37:00.000000','Board note section left open for final meeting.',_binary '','ACTIVE','2026-04-02 11:37:00.000000',15,11),(34,'2026-04-02 11:50:00.000000','Card contract clause and disclosure comply with board guidance.',_binary '','ACTIVE','2026-04-02 11:50:00.000000',3,12),(35,'2026-04-02 11:51:00.000000','Customer declaration visible and compliant.',_binary '','ACTIVE','2026-04-02 11:51:00.000000',8,12),(36,'2026-04-02 11:52:00.000000','Board note completed for certificate archive.',_binary '','ACTIVE','2026-04-02 11:52:00.000000',15,12),(37,'2026-04-02 12:05:00.000000','Account opening declaration required correction.',_binary '','ACTIVE','2026-04-02 12:05:00.000000',8,13),(38,'2026-04-02 12:06:00.000000','Early settlement wording needed updated note.',_binary '','ACTIVE','2026-04-02 12:06:00.000000',13,13),(39,'2026-04-02 12:07:00.000000','Board returned case for corrected customer wording.',_binary '','ACTIVE','2026-04-02 12:07:00.000000',15,13),(40,'2026-04-02 12:20:00.000000','Purpose wording did not align with approved structure.',_binary '','ACTIVE','2026-04-02 12:20:00.000000',1,14),(41,'2026-04-02 12:21:00.000000','Profit method note conflicted with approved rule.',_binary '','ACTIVE','2026-04-02 12:21:00.000000',4,14),(42,'2026-04-02 12:22:00.000000','Risk mitigation note was insufficient for approval.',_binary '','ACTIVE','2026-04-02 12:22:00.000000',11,14),(43,'2026-04-02 12:35:00.000000','General advisory purpose logged for board comment.',_binary '','ACTIVE','2026-04-02 12:35:00.000000',1,15),(44,'2026-04-02 12:36:00.000000','Document completeness acceptable for initial queue.',_binary '','ACTIVE','2026-04-02 12:36:00.000000',5,15),(45,'2026-04-02 12:37:00.000000','Board note to be finalized after review meeting.',_binary '','ACTIVE','2026-04-02 12:37:00.000000',15,15);
/*!40000 ALTER TABLE `shariah_review_checklist` ENABLE KEYS */;
UNLOCK TABLES;

--
-- Table structure for table `shariah_review_decision`
--

DROP TABLE IF EXISTS `shariah_review_decision`;
/*!40101 SET @saved_cs_client     = @@character_set_client */;
/*!50503 SET character_set_client = utf8mb4 */;
CREATE TABLE `shariah_review_decision` (
  `id` bigint NOT NULL AUTO_INCREMENT,
  `created_at` datetime(6) NOT NULL,
  `decision` enum('APPROVED','CHECKLIST_UPDATED','REJECTED','RETURNED','SUBMITTED') NOT NULL,
  `decision_at` datetime(6) NOT NULL,
  `decision_by` varchar(160) NOT NULL,
  `remarks` varchar(1000) DEFAULT NULL,
  `status` enum('ACTIVE','ARCHIVED','PENDING') NOT NULL,
  `case_id` bigint NOT NULL,
  PRIMARY KEY (`id`),
  KEY `FK47x9grvfjjvrdywojnncrj56o` (`case_id`),
  CONSTRAINT `FK47x9grvfjjvrdywojnncrj56o` FOREIGN KEY (`case_id`) REFERENCES `shariah_review_case` (`id`)
) ENGINE=InnoDB AUTO_INCREMENT=16 DEFAULT CHARSET=utf8mb4 COLLATE=utf8mb4_0900_ai_ci;
/*!40101 SET character_set_client = @saved_cs_client */;

--
-- Dumping data for table `shariah_review_decision`
--

LOCK TABLES `shariah_review_decision` WRITE;
/*!40000 ALTER TABLE `shariah_review_decision` DISABLE KEYS */;
INSERT INTO `shariah_review_decision` VALUES (1,'2026-04-02 09:00:00.000000','SUBMITTED','2026-04-02 09:00:00.000000','Review Officer 01','Case submitted to Shariah board queue.','ACTIVE',1),(2,'2026-04-03 11:00:00.000000','APPROVED','2026-04-03 11:00:00.000000','Board Member A','Approved after full transport asset and purpose validation.','ACTIVE',2),(3,'2026-04-03 11:20:00.000000','REJECTED','2026-04-03 11:20:00.000000','Board Member B','Rejected due to inconsistent quotation trail.','ACTIVE',3),(4,'2026-04-03 11:40:00.000000','RETURNED','2026-04-03 11:40:00.000000','Board Member C','Returned for revised disclosure wording and correction note.','ACTIVE',4),(5,'2026-04-03 12:00:00.000000','APPROVED','2026-04-03 12:00:00.000000','Board Member D','Approved and certificate language is ready.','ACTIVE',5),(6,'2026-04-03 12:15:00.000000','CHECKLIST_UPDATED','2026-04-03 12:15:00.000000','Board Member E','Checklist reviewed and waiting final meeting note.','ACTIVE',6),(7,'2026-04-03 12:30:00.000000','APPROVED','2026-04-03 12:30:00.000000','Board Member F','Approved after collateral and supplier validation.','ACTIVE',7),(8,'2026-04-03 12:45:00.000000','RETURNED','2026-04-03 12:45:00.000000','Board Member G','Returned to update contract template note.','ACTIVE',8),(9,'2026-04-03 13:00:00.000000','APPROVED','2026-04-03 13:00:00.000000','Board Member H','Approved for savings scheme execution.','ACTIVE',9),(10,'2026-04-03 13:15:00.000000','REJECTED','2026-04-03 13:15:00.000000','Board Member I','Rejected because supplier evidence remained incomplete.','ACTIVE',10),(11,'2026-04-02 11:30:00.000000','SUBMITTED','2026-04-02 11:30:00.000000','Review Officer 11','Case submitted and waiting board agenda.','ACTIVE',11),(12,'2026-04-03 13:45:00.000000','APPROVED','2026-04-03 13:45:00.000000','Board Member J','Approved with compliant disclosure and certificate note.','ACTIVE',12),(13,'2026-04-03 14:00:00.000000','RETURNED','2026-04-03 14:00:00.000000','Board Member K','Returned to collect revised customer declaration.','ACTIVE',13),(14,'2026-04-03 14:15:00.000000','REJECTED','2026-04-03 14:15:00.000000','Board Member L','Rejected because purpose wording did not align with approved structure.','ACTIVE',14),(15,'2026-04-02 12:30:00.000000','SUBMITTED','2026-04-02 12:30:00.000000','Review Officer 15','General case submitted for board comment.','ACTIVE',15);
/*!40000 ALTER TABLE `shariah_review_decision` ENABLE KEYS */;
UNLOCK TABLES;

--
-- Table structure for table `standing_instruction`
--

DROP TABLE IF EXISTS `standing_instruction`;
/*!40101 SET @saved_cs_client     = @@character_set_client */;
/*!50503 SET character_set_client = utf8mb4 */;
CREATE TABLE `standing_instruction` (
  `id` bigint NOT NULL AUTO_INCREMENT,
  `amount` decimal(18,2) NOT NULL,
  `branch_id` bigint NOT NULL,
  `created_at` datetime(6) NOT NULL,
  `frequency` varchar(30) NOT NULL,
  `from_account_id` bigint NOT NULL,
  `instruction_code` varchar(40) NOT NULL,
  `instruction_status` enum('ACTIVE','CANCELLED','EXECUTED','PAUSED') NOT NULL,
  `next_execution_date` date DEFAULT NULL,
  `remarks` varchar(500) DEFAULT NULL,
  `schedule_date` date NOT NULL,
  `status` enum('ACTIVE','ARCHIVED','PENDING') NOT NULL,
  `to_account_id` bigint NOT NULL,
  `transfer_mode` enum('BEFTN','INTERNAL','RTGS') NOT NULL,
  PRIMARY KEY (`id`),
  UNIQUE KEY `uk_standing_instruction_code` (`instruction_code`)
) ENGINE=InnoDB AUTO_INCREMENT=16 DEFAULT CHARSET=utf8mb4 COLLATE=utf8mb4_0900_ai_ci;
/*!40101 SET character_set_client = @saved_cs_client */;

--
-- Dumping data for table `standing_instruction`
--

LOCK TABLES `standing_instruction` WRITE;
/*!40000 ALTER TABLE `standing_instruction` DISABLE KEYS */;
INSERT INTO `standing_instruction` VALUES (1,1000.00,1,'2026-05-01 13:00:00.000000','MONTHLY',1,'SI-0001','ACTIVE','2026-05-02','Monthly family transfer','2026-05-02','ACTIVE',2,'INTERNAL'),(2,1500.00,2,'2026-05-01 13:01:00.000000','WEEKLY',2,'SI-0002','ACTIVE','2026-05-03','Weekly repayment transfer','2026-05-03','ACTIVE',3,'INTERNAL'),(3,800.00,1,'2026-05-01 13:02:00.000000','MONTHLY',3,'SI-0003','PAUSED','2026-05-04','Paused corporate sweep','2026-05-04','ACTIVE',4,'RTGS'),(4,2500.00,2,'2026-05-01 13:03:00.000000','MONTHLY',4,'SI-0004','ACTIVE','2026-05-05','SME supplier settlement','2026-05-05','ACTIVE',5,'BEFTN'),(5,3000.00,2,'2026-05-01 13:04:00.000000','DAILY',5,'SI-0005','ACTIVE','2026-05-06','Corporate to savings provisioning','2026-05-06','ACTIVE',6,'INTERNAL'),(6,700.00,1,'2026-05-01 13:05:00.000000','MONTHLY',6,'SI-0006','EXECUTED','2026-05-07','Executed hajj contribution setup','2026-05-07','ACTIVE',7,'INTERNAL'),(7,650.00,2,'2026-05-01 13:06:00.000000','MONTHLY',7,'SI-0007','ACTIVE','2026-05-08','Umrah to student helper transfer','2026-05-08','ACTIVE',8,'INTERNAL'),(8,400.00,1,'2026-05-01 13:07:00.000000','WEEKLY',8,'SI-0008','ACTIVE','2026-05-09','Weekly payroll savings top-up','2026-05-09','ACTIVE',9,'INTERNAL'),(9,1200.00,3,'2026-05-01 13:08:00.000000','MONTHLY',9,'SI-0009','PAUSED','2026-05-10','Paused payroll settlement','2026-05-10','ACTIVE',10,'BEFTN'),(10,5000.00,2,'2026-05-01 13:09:00.000000','MONTHLY',10,'SI-0010','ACTIVE','2026-05-11','Business current monthly support','2026-05-11','ACTIVE',11,'RTGS'),(11,900.00,1,'2026-05-01 13:10:00.000000','MONTHLY',11,'SI-0011','ACTIVE','2026-05-12','Women to senior care transfer','2026-05-12','ACTIVE',12,'INTERNAL'),(12,1100.00,3,'2026-05-01 13:11:00.000000','MONTHLY',12,'SI-0012','CANCELLED','2026-05-13','Cancelled cross-currency support','2026-05-13','ACTIVE',13,'BEFTN'),(13,100.00,2,'2026-05-01 13:12:00.000000','MONTHLY',13,'SI-0013','ACTIVE','2026-05-14','NRB FC to deposit lite setup','2026-05-14','ACTIVE',14,'INTERNAL'),(14,450.00,1,'2026-05-01 13:13:00.000000','MONTHLY',14,'SI-0014','ACTIVE','2026-05-15','Deposit lite to digital savings','2026-05-15','ACTIVE',15,'INTERNAL'),(15,1300.00,3,'2026-05-01 13:14:00.000000','MONTHLY',15,'SI-0015','ACTIVE','2026-05-16','Digital savings high value standing setup','2026-05-16','ACTIVE',1,'RTGS');
/*!40000 ALTER TABLE `standing_instruction` ENABLE KEYS */;
UNLOCK TABLES;

--
-- Table structure for table `step_up_verification_challenge`
--

DROP TABLE IF EXISTS `step_up_verification_challenge`;
/*!40101 SET @saved_cs_client     = @@character_set_client */;
/*!50503 SET character_set_client = utf8mb4 */;
CREATE TABLE `step_up_verification_challenge` (
  `id` bigint NOT NULL AUTO_INCREMENT,
  `action_code` varchar(120) NOT NULL,
  `consumed_at` datetime(6) DEFAULT NULL,
  `created_at` datetime(6) NOT NULL,
  `status` enum('ACTIVE','ARCHIVED','PENDING') NOT NULL,
  `target_id` bigint DEFAULT NULL,
  `target_module` varchar(120) NOT NULL,
  `token_expires_at` datetime(6) DEFAULT NULL,
  `updated_at` datetime(6) NOT NULL,
  `verification_token` varchar(120) DEFAULT NULL,
  `verified_at` datetime(6) DEFAULT NULL,
  `request_id` bigint NOT NULL,
  `user_id` bigint NOT NULL,
  PRIMARY KEY (`id`),
  KEY `FK8ij027onr29xl1t7pn4ojmq7m` (`request_id`),
  KEY `FKfoob0edu17yqahx9g4hiracu8` (`user_id`),
  CONSTRAINT `FK8ij027onr29xl1t7pn4ojmq7m` FOREIGN KEY (`request_id`) REFERENCES `otp_verification_request` (`id`),
  CONSTRAINT `FKfoob0edu17yqahx9g4hiracu8` FOREIGN KEY (`user_id`) REFERENCES `users` (`id`)
) ENGINE=InnoDB AUTO_INCREMENT=3 DEFAULT CHARSET=utf8mb4 COLLATE=utf8mb4_0900_ai_ci;
/*!40101 SET character_set_client = @saved_cs_client */;

--
-- Dumping data for table `step_up_verification_challenge`
--

LOCK TABLES `step_up_verification_challenge` WRITE;
/*!40000 ALTER TABLE `step_up_verification_challenge` DISABLE KEYS */;
INSERT INTO `step_up_verification_challenge` VALUES (1,'FINANCING_DISBURSE',NULL,'2026-05-09 00:42:34.270110','ACTIVE',15,'FINANCING_APPLICATION',NULL,'2026-05-09 00:42:34.270110',NULL,NULL,22,3),(2,'FINANCING_DISBURSE',NULL,'2026-05-09 00:42:38.434511','ACTIVE',15,'FINANCING_APPLICATION',NULL,'2026-05-09 00:42:38.434511',NULL,NULL,23,3);
/*!40000 ALTER TABLE `step_up_verification_challenge` ENABLE KEYS */;
UNLOCK TABLES;

--
-- Table structure for table `teller_limit`
--

DROP TABLE IF EXISTS `teller_limit`;
/*!40101 SET @saved_cs_client     = @@character_set_client */;
/*!50503 SET character_set_client = utf8mb4 */;
CREATE TABLE `teller_limit` (
  `id` bigint NOT NULL AUTO_INCREMENT,
  `approved_at` datetime(6) DEFAULT NULL,
  `approved_by` bigint DEFAULT NULL,
  `branch_id` bigint NOT NULL,
  `created_at` datetime(6) DEFAULT NULL,
  `daily_deposit_limit` decimal(18,2) NOT NULL,
  `daily_withdraw_limit` decimal(18,2) NOT NULL,
  `limit_date` date NOT NULL,
  `single_txn_limit` decimal(18,2) NOT NULL,
  `status` varchar(30) DEFAULT NULL,
  `user_id` bigint NOT NULL,
  PRIMARY KEY (`id`)
) ENGINE=InnoDB AUTO_INCREMENT=16 DEFAULT CHARSET=utf8mb4 COLLATE=utf8mb4_0900_ai_ci;
/*!40101 SET character_set_client = @saved_cs_client */;

--
-- Dumping data for table `teller_limit`
--

LOCK TABLES `teller_limit` WRITE;
/*!40000 ALTER TABLE `teller_limit` DISABLE KEYS */;
INSERT INTO `teller_limit` VALUES (1,'2026-04-25 07:57:27.699867',101,1,'2026-04-25 07:57:27.704865',500000.00,300000.00,'2026-04-25',50000.00,'ACTIVE',201),(2,'2026-04-26 03:30:14.029789',1,1,'2026-04-26 03:30:14.035789',100000.00,80000.00,'2026-04-26',20000.00,'ACTIVE',201),(3,'2026-04-26 03:30:47.633932',1,2,'2026-04-26 03:30:47.634934',200000.00,150000.00,'2026-04-27',40000.00,'ACTIVE',203),(4,'2026-04-26 03:32:52.279009',1,1,'2026-04-26 03:32:52.279009',120000.00,90000.00,'2026-04-27',25000.00,'ACTIVE',201),(5,'2026-04-26 03:33:01.463600',1,1,'2026-04-26 03:33:01.464599',130000.00,100000.00,'2026-04-27',30000.00,'ACTIVE',202),(6,'2026-04-26 03:33:14.040014',1,2,'2026-04-26 03:33:14.041015',220000.00,170000.00,'2026-04-28',45000.00,'ACTIVE',203),(7,'2026-04-26 03:33:22.227384',1,3,'2026-04-26 03:33:22.227384',280000.00,230000.00,'2026-04-28',55000.00,'ACTIVE',204),(8,'2026-04-26 03:33:32.096992',1,4,'2026-04-26 03:33:32.097994',260000.00,210000.00,'2026-04-29',50000.00,'ACTIVE',205),(9,'2026-04-26 03:33:43.812287',1,2,'2026-04-26 03:33:43.813289',210000.00,160000.00,'2026-04-29',40000.00,'ACTIVE',203),(10,'2026-04-26 03:33:51.793012',1,3,'2026-04-26 03:33:51.793012',300000.00,250000.00,'2026-04-30',60000.00,'ACTIVE',204),(11,'2026-04-26 03:34:03.916028',1,4,'2026-04-26 03:34:03.916028',270000.00,220000.00,'2026-04-30',55000.00,'ACTIVE',205),(12,'2026-05-08 15:04:47.000000',3,12,'2026-05-08 15:04:47.000000',600000.00,450000.00,'2026-05-08',150000.00,'ACTIVE',11),(13,'2026-05-08 15:04:47.000000',3,13,'2026-05-08 15:04:47.000000',550000.00,400000.00,'2026-05-08',140000.00,'ACTIVE',12),(14,'2026-05-08 15:04:47.000000',3,14,'2026-05-08 15:04:47.000000',720000.00,500000.00,'2026-05-08',175000.00,'ACTIVE',13),(15,'2026-05-08 15:04:47.000000',3,15,'2026-05-08 15:04:47.000000',800000.00,650000.00,'2026-05-08',200000.00,'ACTIVE',16);
/*!40000 ALTER TABLE `teller_limit` ENABLE KEYS */;
UNLOCK TABLES;

--
-- Table structure for table `terminal`
--

DROP TABLE IF EXISTS `terminal`;
/*!40101 SET @saved_cs_client     = @@character_set_client */;
/*!50503 SET character_set_client = utf8mb4 */;
CREATE TABLE `terminal` (
  `id` bigint NOT NULL AUTO_INCREMENT,
  `branch_id` bigint NOT NULL,
  `created_at` datetime(6) NOT NULL,
  `install_date` date DEFAULT NULL,
  `ip_address` varchar(50) DEFAULT NULL,
  `location_note` varchar(255) DEFAULT NULL,
  `serial_no` varchar(100) DEFAULT NULL,
  `status` enum('ACTIVE','ARCHIVED','INACTIVE','MAINTENANCE','OUT_OF_SERVICE') NOT NULL,
  `terminal_code` varchar(50) NOT NULL,
  `terminal_name` varchar(150) NOT NULL,
  `terminal_type` enum('ATM','ATM_CDM','CDM') NOT NULL,
  `updated_at` datetime(6) DEFAULT NULL,
  `vendor_name` varchar(100) DEFAULT NULL,
  PRIMARY KEY (`id`),
  UNIQUE KEY `UK8vymb75c1oc8h1g31de1hn4ei` (`terminal_code`)
) ENGINE=InnoDB AUTO_INCREMENT=14 DEFAULT CHARSET=utf8mb4 COLLATE=utf8mb4_0900_ai_ci;
/*!40101 SET character_set_client = @saved_cs_client */;

--
-- Dumping data for table `terminal`
--

LOCK TABLES `terminal` WRITE;
/*!40000 ALTER TABLE `terminal` DISABLE KEYS */;
INSERT INTO `terminal` VALUES (1,1,'2026-04-27 06:55:35.863297','2024-01-10','192.168.1.10','Main entrance','SN-ATM-001','ACTIVE','ATM001','Dhaka Main ATM','ATM',NULL,'NCR'),(2,1,'2026-04-27 06:55:50.957042','2024-02-15','192.168.1.11','Inside branch','SN-CDM-001','ACTIVE','CDM001','Dhaka CDM Booth','CDM',NULL,'Diebold'),(3,2,'2026-04-27 06:56:01.954876','2024-03-01','192.168.2.10','Roadside booth','SN-ATM-002','ACTIVE','ATM002','Gulshan ATM','ATM',NULL,'NCR'),(4,2,'2026-04-27 06:56:12.003164','2024-04-05','192.168.2.20','Shopping mall','SN-HYBRID-001','ACTIVE','ATMCDM001','Banani Smart Machine','ATM_CDM',NULL,'GRG'),(5,3,'2026-04-27 06:56:21.884145','2024-05-10','192.168.3.10','Bus stand','SN-ATM-003','MAINTENANCE','ATM003','Uttara ATM','ATM',NULL,'NCR'),(6,3,'2026-04-27 06:56:31.634070','2024-06-15','192.168.3.11','Inside branch','SN-CDM-002','ACTIVE','CDM002','Uttara CDM','CDM',NULL,'Diebold'),(7,4,'2026-04-27 06:56:40.458781','2024-07-01','192.168.4.10','University gate','SN-ATM-004','OUT_OF_SERVICE','ATM004','Dhanmondi ATM','ATM',NULL,'NCR'),(8,5,'2026-04-27 06:56:51.329298','2024-08-20','192.168.5.10','Market area','SN-ATM-005','ACTIVE','ATM005','Mirpur ATM','ATM',NULL,'GRG'),(9,5,'2026-04-27 06:57:28.044087','2024-09-10','192.168.5.11','Branch lobby','SN-CDM-003','ACTIVE','CDM003','Mirpur CDM','CDM',NULL,'Diebold'),(10,6,'2026-04-27 06:57:37.411220','2024-10-01','192.168.6.10','Port area','SN-ATM-006','ACTIVE','ATM006','Chattogram ATM','ATM',NULL,'NCR'),(11,1,'2026-04-27 09:29:21.600850','2024-11-01','192.168.1.20','Head office main gate','SN-ATM-007','ACTIVE','ATM007','Motijheel ATM Booth','ATM',NULL,'NCR'),(12,2,'2026-05-01 08:51:11.000000','2026-03-18','10.50.12.12','North Atrium Booth','SN-M5-ATM-012','ACTIVE','ATMM5-012','North Atrium ATM','ATM','2026-05-01 08:51:11.000000','NCR'),(13,4,'2026-05-01 08:51:11.000000','2026-03-26','10.50.13.13','Corporate Annex Zone','SN-M5-CDM-013','ACTIVE','CDMM5-013','Corporate Annex CDM','CDM','2026-05-05 10:16:32.549704','GRG');
/*!40000 ALTER TABLE `terminal` ENABLE KEYS */;
UNLOCK TABLES;

--
-- Table structure for table `terminal_cash_bin`
--

DROP TABLE IF EXISTS `terminal_cash_bin`;
/*!40101 SET @saved_cs_client     = @@character_set_client */;
/*!50503 SET character_set_client = utf8mb4 */;
CREATE TABLE `terminal_cash_bin` (
  `id` bigint NOT NULL AUTO_INCREMENT,
  `bin_no` varchar(30) NOT NULL,
  `created_at` datetime(6) NOT NULL,
  `current_count` int NOT NULL,
  `denomination` decimal(19,2) NOT NULL,
  `max_capacity` int NOT NULL,
  `status` enum('ACTIVE','ARCHIVED','FULL','INACTIVE','LOW_CASH') NOT NULL,
  `terminal_id` bigint NOT NULL,
  PRIMARY KEY (`id`)
) ENGINE=InnoDB AUTO_INCREMENT=14 DEFAULT CHARSET=utf8mb4 COLLATE=utf8mb4_0900_ai_ci;
/*!40101 SET character_set_client = @saved_cs_client */;

--
-- Dumping data for table `terminal_cash_bin`
--

LOCK TABLES `terminal_cash_bin` WRITE;
/*!40000 ALTER TABLE `terminal_cash_bin` DISABLE KEYS */;
INSERT INTO `terminal_cash_bin` VALUES (1,'BIN-A','2026-04-27 09:47:46.575674',900,1000.00,2000,'ACTIVE',1),(2,'BIN-B','2026-04-27 09:48:51.106179',1000,500.00,3000,'ACTIVE',1),(3,'BIN-1','2026-04-27 09:49:02.670180',2500,1000.00,2500,'FULL',2),(4,'BIN-2','2026-04-27 09:49:11.753182',1500,200.00,4000,'ACTIVE',2),(5,'CASH-01','2026-04-27 09:49:19.988180',500,1000.00,1500,'ACTIVE',3),(6,'CASH-02','2026-04-27 09:49:28.749182',1900,500.00,2000,'ACTIVE',3),(7,'MAIN-01','2026-04-27 09:49:38.300182',3000,1000.00,3000,'FULL',4),(8,'CDM-01','2026-04-27 09:49:55.998177',500,1000.00,2000,'ACTIVE',6),(9,'HIGH-01','2026-04-27 09:50:54.096466',3950,1000.00,4000,'ACTIVE',8),(10,'LOW-01','2026-04-27 09:51:05.795465',550,50.00,6000,'ACTIVE',9),(11,'M5-A1','2026-05-01 08:51:11.000000',180,500.00,2000,'LOW_CASH',12),(12,'M5-A2','2026-05-01 08:51:11.000000',1100,1000.00,2200,'ACTIVE',12),(13,'M5-C1','2026-05-01 08:51:11.000000',2400,200.00,2400,'FULL',13);
/*!40000 ALTER TABLE `terminal_cash_bin` ENABLE KEYS */;
UNLOCK TABLES;

--
-- Table structure for table `terminal_reconciliation`
--

DROP TABLE IF EXISTS `terminal_reconciliation`;
/*!40101 SET @saved_cs_client     = @@character_set_client */;
/*!50503 SET character_set_client = utf8mb4 */;
CREATE TABLE `terminal_reconciliation` (
  `id` bigint NOT NULL AUTO_INCREMENT,
  `approved_at` datetime(6) DEFAULT NULL,
  `approved_by` bigint DEFAULT NULL,
  `created_at` datetime(6) NOT NULL,
  `physical_amount` decimal(19,2) NOT NULL,
  `recon_date` date NOT NULL,
  `remarks` varchar(500) DEFAULT NULL,
  `status` enum('APPROVED','MATCHED','VARIANCE_FOUND') NOT NULL,
  `system_amount` decimal(19,2) NOT NULL,
  `terminal_id` bigint NOT NULL,
  `variance_amount` decimal(19,2) NOT NULL,
  PRIMARY KEY (`id`)
) ENGINE=InnoDB AUTO_INCREMENT=15 DEFAULT CHARSET=utf8mb4 COLLATE=utf8mb4_0900_ai_ci;
/*!40101 SET character_set_client = @saved_cs_client */;

--
-- Dumping data for table `terminal_reconciliation`
--

LOCK TABLES `terminal_reconciliation` WRITE;
/*!40000 ALTER TABLE `terminal_reconciliation` DISABLE KEYS */;
INSERT INTO `terminal_reconciliation` VALUES (1,NULL,NULL,'2026-05-01 08:51:11.000000',250000.00,'2026-04-15','Balanced end-of-day reconciliation','MATCHED',250000.00,1,0.00),(2,NULL,NULL,'2026-05-01 08:51:11.000000',179500.00,'2026-04-16','Minor shortage identified during vault balancing','VARIANCE_FOUND',180000.00,2,-500.00),(3,'2026-05-01 08:51:11.000000',3,'2026-05-01 08:51:11.000000',320000.00,'2026-04-17','Approved after physical and system amount matched','APPROVED',320000.00,3,0.00),(4,NULL,NULL,'2026-05-01 08:51:11.000000',497500.00,'2026-04-18','Expected cassette gap recorded for follow-up','VARIANCE_FOUND',500000.00,4,-2500.00),(5,'2026-05-01 08:51:11.000000',1,'2026-05-01 08:51:11.000000',150000.00,'2026-04-19','Maintenance-day balance approved by supervisor','APPROVED',150000.00,5,0.00),(6,NULL,NULL,'2026-05-01 08:51:11.000000',88000.00,'2026-04-20','Matched after cash loading close review','MATCHED',88000.00,6,0.00),(7,NULL,NULL,'2026-05-01 08:51:11.000000',124000.00,'2026-04-21','Out-of-service terminal requires variance investigation','VARIANCE_FOUND',125000.00,7,-1000.00),(8,'2026-05-01 08:51:11.000000',2,'2026-05-01 08:51:11.000000',412000.00,'2026-04-22','Large branch balance verified and approved','APPROVED',412000.00,8,0.00),(9,NULL,NULL,'2026-05-01 08:51:11.000000',235000.00,'2026-04-23','Matched Mirpur ATM cash review','MATCHED',235000.00,9,0.00),(10,NULL,NULL,'2026-05-01 08:51:11.000000',556500.00,'2026-04-24','Slight overage recorded during branch cash close','VARIANCE_FOUND',555000.00,10,1500.00),(11,'2026-05-01 08:51:11.000000',3,'2026-05-01 08:51:11.000000',268000.00,'2026-04-25','Motijheel booth end-of-day approved','APPROVED',268000.00,11,0.00),(12,NULL,NULL,'2026-05-01 08:51:11.000000',218000.00,'2026-04-26','New terminal matched after soft launch monitoring','MATCHED',218000.00,12,0.00),(13,NULL,NULL,'2026-05-01 08:51:11.000000',96400.00,'2026-04-27','Inactive CDM variance entered for operator review','VARIANCE_FOUND',98000.00,13,-1600.00);
/*!40000 ALTER TABLE `terminal_reconciliation` ENABLE KEYS */;
UNLOCK TABLES;

--
-- Table structure for table `terminal_replenishment`
--

DROP TABLE IF EXISTS `terminal_replenishment`;
/*!40101 SET @saved_cs_client     = @@character_set_client */;
/*!50503 SET character_set_client = utf8mb4 */;
CREATE TABLE `terminal_replenishment` (
  `id` bigint NOT NULL AUTO_INCREMENT,
  `amount_added` decimal(19,2) NOT NULL,
  `bin_no` varchar(30) NOT NULL,
  `created_at` datetime(6) NOT NULL,
  `denomination` decimal(19,2) NOT NULL,
  `performed_by` bigint NOT NULL,
  `quantity_added` int NOT NULL,
  `remarks` varchar(500) DEFAULT NULL,
  `replenishment_date` date NOT NULL,
  `status` enum('CANCELLED','COMPLETED') NOT NULL,
  `terminal_id` bigint NOT NULL,
  PRIMARY KEY (`id`)
) ENGINE=InnoDB AUTO_INCREMENT=14 DEFAULT CHARSET=utf8mb4 COLLATE=utf8mb4_0900_ai_ci;
/*!40101 SET character_set_client = @saved_cs_client */;

--
-- Dumping data for table `terminal_replenishment`
--

LOCK TABLES `terminal_replenishment` WRITE;
/*!40000 ALTER TABLE `terminal_replenishment` DISABLE KEYS */;
INSERT INTO `terminal_replenishment` VALUES (1,100000.00,'BIN-A','2026-04-27 15:12:02.356060',1000.00,1,100,'Scheduled refill after cash low alert','2026-04-27','COMPLETED',1),(2,150000.00,'BIN-A','2026-04-27 15:12:36.339158',1000.00,2,150,'Morning refill','2026-04-27','COMPLETED',1),(3,100000.00,'BIN-A','2026-04-27 15:26:52.360983',1000.00,1,100,'Safe refill for BIN-A','2026-04-27','COMPLETED',1),(4,100000.00,'BIN-B','2026-04-27 15:27:03.559989',500.00,1,200,'Low cash refill for BIN-B','2026-04-27','COMPLETED',1),(5,60000.00,'BIN-2','2026-04-27 15:27:17.253470',200.00,2,300,'Routine refill for BIN-2','2026-04-27','COMPLETED',2),(6,200000.00,'CASH-01','2026-04-27 15:27:33.860021',1000.00,2,200,'Cash low refill for CASH-01','2026-04-27','COMPLETED',3),(7,50000.00,'CASH-02','2026-04-27 15:27:43.600721',500.00,3,100,'Small top-up for CASH-02','2026-04-27','COMPLETED',3),(8,500000.00,'CDM-01','2026-04-27 15:27:52.636084',1000.00,3,500,'Initial refill for empty CDM bin','2026-04-27','COMPLETED',6),(9,50000.00,'HIGH-01','2026-04-27 15:28:01.334786',1000.00,4,50,'Small refill near capacity','2026-04-27','COMPLETED',8),(10,25000.00,'LOW-01','2026-04-27 15:28:13.576815',50.00,4,500,'Low denomination refill','2026-04-27','COMPLETED',9),(11,50000.00,'BIN-A','2026-04-27 15:28:25.693340',1000.00,5,50,'Second safe top-up for BIN-A','2026-04-28','COMPLETED',1),(12,40000.00,'BIN-2','2026-04-27 15:28:38.523196',200.00,5,200,'Second routine refill for BIN-2','2026-04-28','COMPLETED',2),(13,600000.00,'M5-A2','2026-05-01 08:51:11.000000',1000.00,3,600,'Manual module 5 seed replenishment entry','2026-04-29','COMPLETED',12);
/*!40000 ALTER TABLE `terminal_replenishment` ENABLE KEYS */;
UNLOCK TABLES;

--
-- Table structure for table `transaction_journal`
--

DROP TABLE IF EXISTS `transaction_journal`;
/*!40101 SET @saved_cs_client     = @@character_set_client */;
/*!50503 SET character_set_client = utf8mb4 */;
CREATE TABLE `transaction_journal` (
  `id` bigint NOT NULL AUTO_INCREMENT,
  `amount` decimal(18,2) NOT NULL,
  `approved_by` varchar(100) DEFAULT NULL,
  `branch_id` bigint NOT NULL,
  `channel_type` enum('BRANCH_COUNTER','CHEQUE_COUNTER','INTERNAL_TRANSFER','SCHEDULED','SYSTEM') NOT NULL,
  `created_at` datetime(6) NOT NULL,
  `narration` varchar(500) DEFAULT NULL,
  `posted_by` varchar(100) NOT NULL,
  `reversal_flag` bit(1) NOT NULL,
  `status` enum('ACTIVE','ARCHIVED','PENDING') NOT NULL,
  `terminal_id` bigint DEFAULT NULL,
  `transaction_date` datetime(6) NOT NULL,
  `transaction_ref` varchar(40) NOT NULL,
  `transaction_status` enum('FAILED','PENDING_REVIEW','POSTED','REVERSED') NOT NULL,
  `transaction_type` enum('CHEQUE_CLEARING','DEPOSIT','REVERSAL','STANDING_INSTRUCTION','TRANSFER','WITHDRAWAL') NOT NULL,
  `credit_account_id` bigint DEFAULT NULL,
  `debit_account_id` bigint DEFAULT NULL,
  `parent_transaction_id` bigint DEFAULT NULL,
  PRIMARY KEY (`id`),
  UNIQUE KEY `uk_transaction_journal_ref` (`transaction_ref`),
  KEY `FKemoj074j3cpadhqsgsjf9ody5` (`credit_account_id`),
  KEY `FKnbbgwreqolw24i2lqtqt68swh` (`debit_account_id`),
  KEY `FKpjjg2j9nggkf04fgx7x0rxco4` (`parent_transaction_id`),
  CONSTRAINT `FKemoj074j3cpadhqsgsjf9ody5` FOREIGN KEY (`credit_account_id`) REFERENCES `account` (`id`),
  CONSTRAINT `FKnbbgwreqolw24i2lqtqt68swh` FOREIGN KEY (`debit_account_id`) REFERENCES `account` (`id`),
  CONSTRAINT `FKpjjg2j9nggkf04fgx7x0rxco4` FOREIGN KEY (`parent_transaction_id`) REFERENCES `transaction_journal` (`id`)
) ENGINE=InnoDB AUTO_INCREMENT=22 DEFAULT CHARSET=utf8mb4 COLLATE=utf8mb4_0900_ai_ci;
/*!40101 SET character_set_client = @saved_cs_client */;

--
-- Dumping data for table `transaction_journal`
--

LOCK TABLES `transaction_journal` WRITE;
/*!40000 ALTER TABLE `transaction_journal` DISABLE KEYS */;
INSERT INTO `transaction_journal` VALUES (1,15000.00,'SYSTEM_SUPERVISOR',1,'BRANCH_COUNTER','2026-05-01 09:00:00.000000','Branch counter cash deposit for account 1','SYSTEM_TELLER',_binary '\0','ACTIVE',101,'2026-05-01 09:00:00.000000','TXN-000001','POSTED','DEPOSIT',1,NULL,NULL),(2,2500.00,'SYSTEM_SUPERVISOR',2,'BRANCH_COUNTER','2026-05-01 09:15:00.000000','Customer withdrawal at Gulshan branch','SYSTEM_TELLER',_binary '','ACTIVE',102,'2026-05-01 09:15:00.000000','TXN-000002','REVERSED','WITHDRAWAL',NULL,2,NULL),(3,5000.00,'SYSTEM_SUPERVISOR',1,'INTERNAL_TRANSFER','2026-05-01 09:30:00.000000','Internal transfer between customer accounts','SYSTEM_TELLER',_binary '','ACTIVE',NULL,'2026-05-01 09:30:00.000000','TXN-000003','REVERSED','TRANSFER',4,3,NULL),(4,8000.00,'SYSTEM_SUPERVISOR',2,'CHEQUE_COUNTER','2026-05-01 09:45:00.000000','Cheque clearing credit for corporate account','SYSTEM_TELLER',_binary '\0','ACTIVE',NULL,'2026-05-01 09:45:00.000000','TXN-000004','POSTED','CHEQUE_CLEARING',5,NULL,NULL),(5,3200.00,'SYSTEM_SUPERVISOR',1,'BRANCH_COUNTER','2026-05-01 10:00:00.000000','Savings cash deposit','SYSTEM_TELLER',_binary '\0','ACTIVE',103,'2026-05-01 10:00:00.000000','TXN-000005','POSTED','DEPOSIT',6,NULL,NULL),(6,1400.00,'SYSTEM_SUPERVISOR',2,'BRANCH_COUNTER','2026-05-01 10:15:00.000000','Umrah savings withdrawal','SYSTEM_TELLER',_binary '\0','ACTIVE',104,'2026-05-01 10:15:00.000000','TXN-000006','POSTED','WITHDRAWAL',NULL,7,NULL),(7,2200.00,'SYSTEM_SUPERVISOR',1,'INTERNAL_TRANSFER','2026-05-01 10:30:00.000000','Student to payroll transfer sample','SYSTEM_TELLER',_binary '\0','ACTIVE',NULL,'2026-05-01 10:30:00.000000','TXN-000007','POSTED','TRANSFER',9,8,NULL),(8,18000.00,'SYSTEM_SUPERVISOR',2,'CHEQUE_COUNTER','2026-05-01 10:45:00.000000','Business current cheque clearing','SYSTEM_TELLER',_binary '\0','ACTIVE',NULL,'2026-05-01 10:45:00.000000','TXN-000008','POSTED','CHEQUE_CLEARING',10,NULL,NULL),(9,4300.00,'SYSTEM_SUPERVISOR',1,'BRANCH_COUNTER','2026-05-01 11:00:00.000000','Women savings deposit sample','SYSTEM_TELLER',_binary '\0','ACTIVE',105,'2026-05-01 11:00:00.000000','TXN-000009','POSTED','DEPOSIT',11,NULL,NULL),(10,1600.00,'SYSTEM_SUPERVISOR',3,'BRANCH_COUNTER','2026-05-01 11:15:00.000000','Senior citizen cash withdrawal','SYSTEM_TELLER',_binary '\0','ACTIVE',106,'2026-05-01 11:15:00.000000','TXN-000010','POSTED','WITHDRAWAL',NULL,12,NULL),(11,300.00,'SYSTEM_SUPERVISOR',2,'INTERNAL_TRANSFER','2026-05-01 11:30:00.000000','NRB FC to monthly deposit transfer','SYSTEM_TELLER',_binary '\0','ACTIVE',NULL,'2026-05-01 11:30:00.000000','TXN-000011','POSTED','TRANSFER',14,13,NULL),(12,1100.00,'SYSTEM_SUPERVISOR',3,'CHEQUE_COUNTER','2026-05-01 11:45:00.000000','Digital savings cheque in review','SYSTEM_TELLER',_binary '\0','ACTIVE',NULL,'2026-05-01 11:45:00.000000','TXN-000012','PENDING_REVIEW','CHEQUE_CLEARING',15,NULL,NULL),(13,2500.00,'SYSTEM_SUPERVISOR',2,'SYSTEM','2026-05-01 12:00:00.000000','Reversal of TXN-000002 due to teller entry correction','SYSTEM_TELLER',_binary '','ACTIVE',NULL,'2026-05-01 12:00:00.000000','TXN-000013','POSTED','REVERSAL',2,NULL,2),(14,5000.00,'SYSTEM_SUPERVISOR',1,'SYSTEM','2026-05-01 12:10:00.000000','Reversal of TXN-000003 after duplicate transfer detect','SYSTEM_TELLER',_binary '','ACTIVE',NULL,'2026-05-01 12:10:00.000000','TXN-000014','POSTED','REVERSAL',3,4,3),(15,125000.00,'SYSTEM_SUPERVISOR',2,'BRANCH_COUNTER','2026-05-01 12:25:00.000000','High value suspicious deposit sample','SYSTEM_TELLER',_binary '\0','ACTIVE',107,'2026-05-01 12:25:00.000000','TXN-000015','POSTED','DEPOSIT',5,NULL,NULL),(16,500.00,'SYSTEM_SUPERVISOR',1,'BRANCH_COUNTER','2026-05-16 01:36:37.878062','Smoke test opening deposit','teller.013629',_binary '','ACTIVE',NULL,'2026-05-16 01:36:37.000000','TXN-000016','REVERSED','DEPOSIT',17,NULL,NULL),(17,500.00,'SYSTEM_SUPERVISOR',1,'SYSTEM','2026-05-16 01:36:44.002059','Reversal of TXN-000016: Smoke reversal validation','ops.officer01',_binary '','ACTIVE',NULL,'2026-05-16 01:36:44.002059','TXN-000017','POSTED','REVERSAL',NULL,17,16),(18,500.00,'SYSTEM_SUPERVISOR',1,'BRANCH_COUNTER','2026-05-16 08:07:21.714753','Smoke test opening deposit','teller.080710',_binary '','ACTIVE',NULL,'2026-05-16 08:07:21.000000','TXN-000018','REVERSED','DEPOSIT',18,NULL,NULL),(19,500.00,'SYSTEM_SUPERVISOR',1,'SYSTEM','2026-05-16 08:07:30.431109','Reversal of TXN-000018: Smoke reversal validation','ops.officer01',_binary '','ACTIVE',NULL,'2026-05-16 08:07:30.431109','TXN-000019','POSTED','REVERSAL',NULL,18,18),(20,500.00,'SYSTEM_SUPERVISOR',1,'BRANCH_COUNTER','2026-05-16 08:10:00.845416','Smoke test opening deposit','teller.080951',_binary '','ACTIVE',NULL,'2026-05-16 08:10:00.000000','TXN-000020','REVERSED','DEPOSIT',19,NULL,NULL),(21,500.00,'SYSTEM_SUPERVISOR',1,'SYSTEM','2026-05-16 08:10:08.634421','Reversal of TXN-000020: Smoke reversal validation','ops.officer01',_binary '','ACTIVE',NULL,'2026-05-16 08:10:08.634421','TXN-000021','POSTED','REVERSAL',NULL,19,20);
/*!40000 ALTER TABLE `transaction_journal` ENABLE KEYS */;
UNLOCK TABLES;

--
-- Table structure for table `transaction_reversal`
--

DROP TABLE IF EXISTS `transaction_reversal`;
/*!40101 SET @saved_cs_client     = @@character_set_client */;
/*!50503 SET character_set_client = utf8mb4 */;
CREATE TABLE `transaction_reversal` (
  `id` bigint NOT NULL AUTO_INCREMENT,
  `approved_at` datetime(6) DEFAULT NULL,
  `approved_by` varchar(100) DEFAULT NULL,
  `created_at` datetime(6) NOT NULL,
  `reason` varchar(500) NOT NULL,
  `requested_at` datetime(6) NOT NULL,
  `requested_by` varchar(100) NOT NULL,
  `status` enum('APPROVED','PENDING','REJECTED') NOT NULL,
  `original_transaction_id` bigint NOT NULL,
  `reversal_transaction_id` bigint DEFAULT NULL,
  PRIMARY KEY (`id`),
  KEY `FKv99p0xcd3te67hm9rul49p3u` (`original_transaction_id`),
  KEY `FK1teb8mb7quf6xu4ofbox9dwk4` (`reversal_transaction_id`),
  CONSTRAINT `FK1teb8mb7quf6xu4ofbox9dwk4` FOREIGN KEY (`reversal_transaction_id`) REFERENCES `transaction_journal` (`id`),
  CONSTRAINT `FKv99p0xcd3te67hm9rul49p3u` FOREIGN KEY (`original_transaction_id`) REFERENCES `transaction_journal` (`id`)
) ENGINE=InnoDB AUTO_INCREMENT=19 DEFAULT CHARSET=utf8mb4 COLLATE=utf8mb4_0900_ai_ci;
/*!40101 SET character_set_client = @saved_cs_client */;

--
-- Dumping data for table `transaction_reversal`
--

LOCK TABLES `transaction_reversal` WRITE;
/*!40000 ALTER TABLE `transaction_reversal` DISABLE KEYS */;
INSERT INTO `transaction_reversal` VALUES (1,NULL,NULL,'2026-05-01 12:30:00.000000','Pending review on high cash deposit validation','2026-05-01 12:30:00.000000','SYSTEM_TELLER','PENDING',1,NULL),(2,'2026-05-01 12:40:00.000000','SYSTEM_SUPERVISOR','2026-05-01 12:31:00.000000','Approved reversal for wrong cash payout','2026-05-01 12:31:00.000000','SYSTEM_TELLER','APPROVED',2,13),(3,'2026-05-01 12:41:00.000000','SYSTEM_SUPERVISOR','2026-05-01 12:32:00.000000','Approved reversal after duplicate transfer detect','2026-05-01 12:32:00.000000','SYSTEM_TELLER','APPROVED',3,14),(4,NULL,NULL,'2026-05-01 12:33:00.000000','Pending cheque dispute review','2026-05-01 12:33:00.000000','SYSTEM_TELLER','PENDING',4,NULL),(5,NULL,NULL,'2026-05-01 12:34:00.000000','Pending teller narration correction','2026-05-01 12:34:00.000000','SYSTEM_TELLER','PENDING',5,NULL),(6,'2026-05-01 12:45:00.000000','SYSTEM_SUPERVISOR','2026-05-01 12:35:00.000000','Approved operational correction','2026-05-01 12:35:00.000000','SYSTEM_TELLER','APPROVED',6,NULL),(7,NULL,NULL,'2026-05-01 12:36:00.000000','Pending branch maker-checker','2026-05-01 12:36:00.000000','SYSTEM_TELLER','PENDING',7,NULL),(8,'2026-05-01 12:46:00.000000','SYSTEM_SUPERVISOR','2026-05-01 12:37:00.000000','Approved after cheque clearing return','2026-05-01 12:37:00.000000','SYSTEM_TELLER','APPROVED',8,NULL),(9,'2026-05-01 12:47:00.000000','SYSTEM_SUPERVISOR','2026-05-01 12:38:00.000000','Approved duplicate deposit cleanup','2026-05-01 12:38:00.000000','SYSTEM_TELLER','APPROVED',9,NULL),(10,'2026-05-01 12:48:00.000000','SYSTEM_SUPERVISOR','2026-05-01 12:39:00.000000','Approved teller cash shortage adjustment','2026-05-01 12:39:00.000000','SYSTEM_TELLER','APPROVED',10,NULL),(11,NULL,NULL,'2026-05-01 12:40:00.000000','Rejected because source branch mismatch not proven','2026-05-01 12:40:00.000000','SYSTEM_TELLER','REJECTED',11,NULL),(12,NULL,NULL,'2026-05-01 12:41:00.000000','Rejected until cheque finality available','2026-05-01 12:41:00.000000','SYSTEM_TELLER','REJECTED',12,NULL),(13,NULL,NULL,'2026-05-01 12:42:00.000000','Rejected, reversal voucher itself cannot reverse again','2026-05-01 12:42:00.000000','SYSTEM_TELLER','REJECTED',13,NULL),(14,NULL,NULL,'2026-05-01 12:43:00.000000','Rejected, reversal voucher itself cannot reverse again','2026-05-01 12:43:00.000000','SYSTEM_TELLER','REJECTED',14,NULL),(15,NULL,NULL,'2026-05-01 12:44:00.000000','Pending compliance review for high value cash deposit','2026-05-01 12:44:00.000000','SYSTEM_TELLER','PENDING',15,NULL),(16,'2026-05-16 01:36:44.003063','SYSTEM_SUPERVISOR','2026-05-16 01:36:44.004062','Smoke reversal validation','2026-05-16 01:36:44.003063','ops.officer01','APPROVED',16,17),(17,'2026-05-16 08:07:30.433108','SYSTEM_SUPERVISOR','2026-05-16 08:07:30.433108','Smoke reversal validation','2026-05-16 08:07:30.433108','ops.officer01','APPROVED',18,19),(18,'2026-05-16 08:10:08.636419','SYSTEM_SUPERVISOR','2026-05-16 08:10:08.636419','Smoke reversal validation','2026-05-16 08:10:08.636419','ops.officer01','APPROVED',20,21);
/*!40000 ALTER TABLE `transaction_reversal` ENABLE KEYS */;
UNLOCK TABLES;

--
-- Table structure for table `user_role`
--

DROP TABLE IF EXISTS `user_role`;
/*!40101 SET @saved_cs_client     = @@character_set_client */;
/*!50503 SET character_set_client = utf8mb4 */;
CREATE TABLE `user_role` (
  `id` bigint NOT NULL AUTO_INCREMENT,
  `created_at` datetime(6) NOT NULL,
  `created_by` varchar(120) DEFAULT NULL,
  `role_id` bigint NOT NULL,
  `user_id` bigint NOT NULL,
  PRIMARY KEY (`id`),
  KEY `FKt7e7djp752sqn6w22i6ocqy6q` (`role_id`),
  KEY `FKj345gk1bovqvfame88rcx7yyx` (`user_id`),
  CONSTRAINT `FKj345gk1bovqvfame88rcx7yyx` FOREIGN KEY (`user_id`) REFERENCES `users` (`id`),
  CONSTRAINT `FKt7e7djp752sqn6w22i6ocqy6q` FOREIGN KEY (`role_id`) REFERENCES `roles` (`id`)
) ENGINE=InnoDB AUTO_INCREMENT=111 DEFAULT CHARSET=utf8mb4 COLLATE=utf8mb4_0900_ai_ci;
/*!40101 SET character_set_client = @saved_cs_client */;

--
-- Dumping data for table `user_role`
--

LOCK TABLES `user_role` WRITE;
/*!40000 ALTER TABLE `user_role` DISABLE KEYS */;
INSERT INTO `user_role` VALUES (63,'2026-05-08 09:13:27.000000','MODULE_2_SEED',1,3),(64,'2026-05-08 09:13:27.000000','MODULE_2_SEED',1,9),(65,'2026-05-08 09:13:27.000000','MODULE_2_SEED',1,20),(66,'2026-05-08 09:13:27.000000','MODULE_2_SEED',2,4),(67,'2026-05-08 09:13:27.000000','MODULE_2_SEED',3,2),(68,'2026-05-08 09:13:27.000000','MODULE_2_SEED',3,14),(69,'2026-05-08 09:13:27.000000','MODULE_2_SEED',4,1),(70,'2026-05-08 09:13:27.000000','MODULE_2_SEED',4,5),(71,'2026-05-08 09:13:27.000000','MODULE_2_SEED',4,10),(72,'2026-05-08 09:13:27.000000','MODULE_2_SEED',4,11),(73,'2026-05-08 09:13:27.000000','MODULE_2_SEED',4,12),(74,'2026-05-08 09:13:27.000000','MODULE_2_SEED',4,13),(75,'2026-05-08 09:13:27.000000','MODULE_2_SEED',4,16),(76,'2026-05-08 09:13:27.000000','MODULE_2_SEED',4,17),(77,'2026-05-08 09:13:27.000000','MODULE_2_SEED',5,6),(78,'2026-05-08 09:13:27.000000','MODULE_2_SEED',6,7),(79,'2026-05-08 09:13:27.000000','MODULE_2_SEED',6,15),(80,'2026-05-08 09:13:27.000000','MODULE_2_SEED',6,18),(81,'2026-05-08 09:13:27.000000','MODULE_2_SEED',6,19),(82,'2026-05-08 09:13:27.000000','MODULE_2_SEED',7,8),(83,'2026-05-13 06:12:39.379472','Admin01',1,9),(84,'2026-05-13 06:34:52.798212','Admin01',1,3),(85,'2026-05-14 19:22:01.753760','Admin01',6,19),(86,'2026-05-14 19:41:49.967885','Admin01',4,17),(87,'2026-05-16 01:19:00.555888','Admin01',25,35),(88,'2026-05-16 01:19:00.985879','Admin01',3,36),(89,'2026-05-16 01:24:23.488100','Admin01',25,37),(90,'2026-05-16 01:24:24.075100','Admin01',3,38),(91,'2026-05-16 01:28:01.686714','Admin01',25,39),(92,'2026-05-16 01:28:02.170444','Admin01',3,40),(93,'2026-05-16 01:29:03.060515','Admin01',25,41),(94,'2026-05-16 01:29:03.649510','Admin01',3,42),(95,'2026-05-16 01:29:36.570759','Admin01',25,43),(96,'2026-05-16 01:29:37.249763','Admin01',3,44),(97,'2026-05-16 01:30:12.564272','Admin01',25,45),(98,'2026-05-16 01:30:13.112273','Admin01',3,46),(99,'2026-05-16 01:30:48.915703','Admin01',25,47),(100,'2026-05-16 01:30:49.750706','Admin01',3,48),(101,'2026-05-16 01:31:22.626342','Admin01',25,49),(102,'2026-05-16 01:31:23.744344','Admin01',3,50),(103,'2026-05-16 01:32:44.548755','Admin01',25,51),(104,'2026-05-16 01:32:45.047759','Admin01',3,52),(105,'2026-05-16 01:36:29.492060','Admin01',25,53),(106,'2026-05-16 01:36:29.802059','Admin01',3,54),(107,'2026-05-16 08:07:10.959817','Admin01',25,55),(108,'2026-05-16 08:07:11.379826','Admin01',3,56),(109,'2026-05-16 08:09:51.309373','Admin01',25,57),(110,'2026-05-16 08:09:51.985373','Admin01',3,58);
/*!40000 ALTER TABLE `user_role` ENABLE KEYS */;
UNLOCK TABLES;

--
-- Table structure for table `user_session`
--

DROP TABLE IF EXISTS `user_session`;
/*!40101 SET @saved_cs_client     = @@character_set_client */;
/*!50503 SET character_set_client = utf8mb4 */;
CREATE TABLE `user_session` (
  `id` bigint NOT NULL AUTO_INCREMENT,
  `device_info` varchar(255) DEFAULT NULL,
  `ip_address` varchar(80) DEFAULT NULL,
  `jwt_id` varchar(180) DEFAULT NULL,
  `login_time` datetime(6) NOT NULL,
  `logout_time` datetime(6) DEFAULT NULL,
  `status` varchar(40) DEFAULT NULL,
  `user_id` bigint NOT NULL,
  PRIMARY KEY (`id`),
  KEY `FKlr29o11uswdgcnn8swu3q15f8` (`user_id`),
  CONSTRAINT `FKlr29o11uswdgcnn8swu3q15f8` FOREIGN KEY (`user_id`) REFERENCES `users` (`id`)
) ENGINE=InnoDB AUTO_INCREMENT=234 DEFAULT CHARSET=utf8mb4 COLLATE=utf8mb4_0900_ai_ci;
/*!40101 SET character_set_client = @saved_cs_client */;

--
-- Dumping data for table `user_session`
--

LOCK TABLES `user_session` WRITE;
/*!40000 ALTER TABLE `user_session` DISABLE KEYS */;
INSERT INTO `user_session` VALUES (32,'Web Portal','10.10.0.1','MODULE2-1','2026-05-07 09:12:59.000000','2026-05-07 11:12:59.000000','SUCCESS',1),(33,'Web Portal','10.10.0.2','MODULE2-2','2026-05-06 09:12:59.000000','2026-05-06 11:12:59.000000','SUCCESS',2),(34,'Web Portal','10.10.0.3','MODULE2-3','2026-05-08 05:12:59.000000','2026-05-08 07:12:59.000000','SUCCESS',3),(35,'Web Portal','10.10.0.4','MODULE2-4','2026-05-08 02:59:44.000000','2026-05-08 04:59:44.000000','SUCCESS',4),(36,'Web Portal','10.10.0.5','MODULE2-5','2026-05-07 08:59:44.000000','2026-05-07 10:59:44.000000','SUCCESS',5),(37,'Android App','10.10.0.6','MODULE2-6','2026-05-06 08:59:44.000000','2026-05-06 10:59:44.000000','SUCCESS',6),(38,'Web Portal','10.10.0.7','MODULE2-7','2026-05-05 08:59:44.000000','2026-05-05 10:59:44.000000','SUCCESS',7),(39,'Web Portal','10.10.0.8','MODULE2-8','2026-05-04 08:59:44.000000','2026-05-04 10:59:44.000000','SUCCESS',8),(40,'Web Portal','10.10.0.9','MODULE2-9','2026-05-03 08:59:44.000000','2026-05-03 10:59:44.000000','SUCCESS',9),(41,'Web Portal','10.10.0.10','MODULE2-10','2026-05-02 08:59:44.000000','2026-05-02 10:59:44.000000','SUCCESS',10),(42,'Web Portal','10.10.0.11','MODULE2-11','2026-05-01 08:59:44.000000','2026-05-01 10:59:44.000000','SUCCESS',11),(43,'Web Portal','10.10.0.12','MODULE2-12','2026-04-30 08:59:44.000000','2026-04-30 10:59:44.000000','SUCCESS',12),(44,'Web Portal','10.10.0.13','MODULE2-13','2026-04-29 08:59:44.000000','2026-04-29 10:59:44.000000','SUCCESS',13),(45,'Web Portal - Locked Attempt','10.10.0.14','MODULE2-14','2026-04-28 08:59:44.000000','2026-04-28 10:59:44.000000','LOCKED',14),(46,'Web Portal','10.10.0.15','MODULE2-15','2026-04-27 08:59:44.000000','2026-04-27 10:59:44.000000','SUCCESS',15),(47,'Web Portal','10.10.0.16','MODULE2-16','2026-04-26 08:59:44.000000','2026-04-26 10:59:44.000000','SUCCESS',16),(48,'Web Portal','10.10.0.17','MODULE2-17','2026-04-25 08:59:44.000000','2026-04-25 10:59:44.000000','SUCCESS',17),(49,'Web Portal','10.10.0.18','MODULE2-18','2026-04-24 08:59:44.000000','2026-04-24 10:59:44.000000','SUCCESS',18),(50,'Web Portal','10.10.0.19','MODULE2-19','2026-04-23 08:59:44.000000','2026-04-23 10:59:44.000000','SUCCESS',19),(51,'Web Portal - Locked Attempt','10.10.0.20','MODULE2-20','2026-04-22 08:59:44.000000','2026-04-22 10:59:44.000000','LOCKED',20),(63,'Mozilla/5.0 (Windows NT; Windows NT 10.0; en-US) WindowsPowerShell/5.1.19041.6456','0:0:0:0:0:0:0:1','21b9e618-85f9-4ddf-86d9-e2fe861ce028-7b441c94-63d4-4524-8daa-352db76a15b5','2026-05-08 09:57:17.545871',NULL,'SUCCESS',3),(64,'Mozilla/5.0 (Windows NT; Windows NT 10.0; en-US) WindowsPowerShell/5.1.19041.6456','0:0:0:0:0:0:0:1','0b953a7d-d4f1-40c7-8e83-b9037ad0b8cd-848df017-ccf7-4edc-9a23-4c67b34cb154','2026-05-08 09:57:37.227709',NULL,'SUCCESS',3),(65,'Mozilla/5.0 (Windows NT; Windows NT 10.0; en-US) WindowsPowerShell/5.1.19041.6456','0:0:0:0:0:0:0:1','51e1cdb3-1cfb-452d-891c-3d8fd716fdbd-c6ed7c2c-09c6-4930-a4bd-3e350b1a31c4','2026-05-08 09:59:35.710069',NULL,'SUCCESS',3),(66,'Mozilla/5.0 (Windows NT 10.0; Win64; x64) AppleWebKit/537.36 (KHTML, like Gecko) Chrome/147.0.0.0 Safari/537.36','0:0:0:0:0:0:0:1','5c514cbe-775a-4488-a1e5-bf15b3f0dfa5-e4feab80-d411-460c-a331-dadfafbc4ce4','2026-05-08 10:17:32.142070','2026-05-08 17:55:58.002290','LOGOUT',3),(67,'Mozilla/5.0 (Windows NT; Windows NT 10.0; en-US) WindowsPowerShell/5.1.19041.6456','0:0:0:0:0:0:0:1','59ecea46-19ac-4fb6-ab79-97c9b7c51b7d-71c4dfb2-945a-44e3-b905-05acd19fc23f','2026-05-08 10:34:12.281285',NULL,'SUCCESS',3),(68,'Mozilla/5.0 (Windows NT; Windows NT 10.0; en-US) WindowsPowerShell/5.1.19041.6456','0:0:0:0:0:0:0:1','9e4a8959-6f21-4e33-99ec-75029d1ac7f5-3638e457-4cf4-41ed-add6-be20197ba7a0','2026-05-08 10:34:41.326415',NULL,'SUCCESS',4),(69,'Mozilla/5.0 (Windows NT; Windows NT 10.0; en-US) WindowsPowerShell/5.1.19041.6456','0:0:0:0:0:0:0:1','248d9132-2a84-4873-a33e-21146b4d87e1-6eb1f45a-3edb-43c8-bb19-80e7111c4af2','2026-05-08 10:34:41.430419',NULL,'SUCCESS',4),(70,'Mozilla/5.0 (Windows NT; Windows NT 10.0; en-US) WindowsPowerShell/5.1.19041.6456','0:0:0:0:0:0:0:1','ccd16ffb-165f-4b59-b914-85f0876c8d8c-4d9542b4-bb39-4670-a6df-b0029c7e9ddf','2026-05-08 10:34:41.792418',NULL,'SUCCESS',3),(71,'Mozilla/5.0 (Windows NT; Windows NT 10.0; en-US) WindowsPowerShell/5.1.19041.6456','0:0:0:0:0:0:0:1','81ec4a2b-0fe2-4298-af79-1f32d46caa2a-99c56415-42fd-4698-83cd-90f7fbfdc104','2026-05-08 14:10:04.484801',NULL,'SUCCESS',5),(72,'Mozilla/5.0 (Windows NT; Windows NT 10.0; en-US) WindowsPowerShell/5.1.19041.6456','0:0:0:0:0:0:0:1','09c50a9e-ebdb-4f04-b3c0-bf087584be5a-f96bf7eb-ca15-49ec-a8db-a3e78d6121f0','2026-05-08 14:10:04.490798',NULL,'SUCCESS',3),(73,'Mozilla/5.0 (Windows NT; Windows NT 10.0; en-US) WindowsPowerShell/5.1.19041.6456','0:0:0:0:0:0:0:1','5c8b171a-fe0d-4d6b-acfa-76aa4b989a11-eacaf7a2-9d3c-4e22-be1a-3fa4cee0f553','2026-05-08 14:10:04.485800',NULL,'SUCCESS',4),(74,'Mozilla/5.0 (Windows NT; Windows NT 10.0; en-US) WindowsPowerShell/5.1.19041.6456','0:0:0:0:0:0:0:1','6bff82dd-2d85-490f-85fd-b6f81e502414-e76b7fae-5fbf-44a9-8f95-bef10ba8dfaa','2026-05-08 14:10:20.351498',NULL,'SUCCESS',7),(75,'Mozilla/5.0 (Windows NT; Windows NT 10.0; en-US) WindowsPowerShell/5.1.19041.6456','0:0:0:0:0:0:0:1','fe1871e4-acce-4710-8d74-79a2ef68983d-3726f673-9f14-406d-9e36-5f90aa3dddc1','2026-05-08 14:10:20.354498',NULL,'SUCCESS',8),(76,'Mozilla/5.0 (Windows NT; Windows NT 10.0; en-US) WindowsPowerShell/5.1.19041.6456','0:0:0:0:0:0:0:1','6ec340e2-c6e6-4e7c-97e4-e46b5657299c-46df9d56-7d2f-4590-a95e-48fc4df62bc2','2026-05-08 14:10:48.867022',NULL,'SUCCESS',6),(77,'Mozilla/5.0 (Windows NT; Windows NT 10.0; en-US) WindowsPowerShell/5.1.19041.6456','0:0:0:0:0:0:0:1','8c0796d2-42b5-4e7e-be5b-2531b28a5898-41acfa42-4ca2-4e7d-92fe-36d3352aa9b9','2026-05-08 14:10:49.026017',NULL,'SUCCESS',4),(78,'Mozilla/5.0 (Windows NT; Windows NT 10.0; en-US) WindowsPowerShell/5.1.19041.6456','0:0:0:0:0:0:0:1','0013aab8-bbd9-469f-9ba6-968532167f33-ce1e404f-a5e3-49d8-b857-c0d309dfac25','2026-05-08 14:11:17.208179',NULL,'SUCCESS',8),(79,'Mozilla/5.0 (Windows NT; Windows NT 10.0; en-US) WindowsPowerShell/5.1.19041.6456','0:0:0:0:0:0:0:1','70dbbd15-e4a1-400c-b03f-a35ecca6571e-9b3be6f6-4df1-4e7f-b012-a93651a177f3','2026-05-08 14:11:17.251182',NULL,'SUCCESS',4),(80,'Mozilla/5.0 (Windows NT; Windows NT 10.0; en-US) WindowsPowerShell/5.1.19041.6456','0:0:0:0:0:0:0:1','7ab5a2fc-96f3-4407-a4ae-a107d89ccafa-1ce91d84-bb1f-4004-99aa-9a5c71717fb8','2026-05-08 14:11:17.352180',NULL,'SUCCESS',5),(81,'Mozilla/5.0 (Windows NT; Windows NT 10.0; en-US) WindowsPowerShell/5.1.19041.6456','0:0:0:0:0:0:0:1','3ff1f373-afa2-4365-9ec6-3098cdbe9194-e394db51-82c6-417d-8045-4a4beccafd69','2026-05-08 14:11:17.543182',NULL,'SUCCESS',4),(82,'Mozilla/5.0 (Windows NT; Windows NT 10.0; en-US) WindowsPowerShell/5.1.19041.6456','0:0:0:0:0:0:0:1','54c66c76-01c1-49b7-8a29-e5d4b4988e11-43cf26d5-decb-48d9-beec-c217e9654863','2026-05-08 14:11:18.286182',NULL,'SUCCESS',4),(83,'Mozilla/5.0 (Windows NT; Windows NT 10.0; en-US) WindowsPowerShell/5.1.19041.6456','0:0:0:0:0:0:0:1','e01a6c0f-b9b8-4285-bbbc-5ea56ab723b8-6fba8a60-dc93-4d4e-afad-8db8f6b66aae','2026-05-08 17:54:14.319978',NULL,'SUCCESS',3),(84,'Mozilla/5.0 (Windows NT 10.0; Win64; x64) AppleWebKit/537.36 (KHTML, like Gecko) Chrome/147.0.0.0 Safari/537.36','0:0:0:0:0:0:0:1','2aff2376-7f3d-47a3-99e5-5e79e85ec560-c4fa1a7f-186e-4d59-8fbf-c1d7f457a8bf','2026-05-08 18:11:13.536219','2026-05-08 23:48:31.348302','LOGOUT',3),(85,'Mozilla/5.0 (Windows NT 10.0; Win64; x64) AppleWebKit/537.36 (KHTML, like Gecko) Chrome/147.0.0.0 Safari/537.36','0:0:0:0:0:0:0:1','085d8b07-e329-4aa8-a26a-769f4523befc-d131b960-d88b-4f6e-9fca-304b42d44a08','2026-05-09 00:19:36.785466',NULL,'SUCCESS',3),(93,'Mozilla/5.0 (Windows NT 10.0; Win64; x64) AppleWebKit/537.36 (KHTML, like Gecko) Chrome/147.0.0.0 Safari/537.36','0:0:0:0:0:0:0:1','8159915b-0044-4de0-a27e-e5d5b2f7da39-9e015755-f8b0-4e1c-8272-7fd99a882663','2026-05-09 13:28:34.863163',NULL,'SUCCESS',3),(94,'Mozilla/5.0 (Windows NT; Windows NT 10.0; en-US) WindowsPowerShell/5.1.19041.6456','0:0:0:0:0:0:0:1','c64c3859-5af9-42a6-b74e-2b7e80e32464-7baa0e43-760f-4163-907a-d108283735b2','2026-05-09 15:57:18.580031',NULL,'SUCCESS',3),(95,'Mozilla/5.0 (Windows NT; Windows NT 10.0; en-US) WindowsPowerShell/5.1.19041.6456','0:0:0:0:0:0:0:1','14b3a879-a343-4c10-a570-d9bcdc4202d9-53df354c-a9e9-46a6-86c6-2c830f94da14','2026-05-09 16:00:23.560617',NULL,'SUCCESS',3),(96,'Mozilla/5.0 (Windows NT; Windows NT 10.0; en-US) WindowsPowerShell/5.1.19041.6456','0:0:0:0:0:0:0:1','1bbbe4e0-419d-4e21-bd0d-cd68bc61c29f-f19fc4b2-4300-4b84-96dd-f2dbcfc544b3','2026-05-09 16:00:45.828024',NULL,'SUCCESS',3),(97,'Mozilla/5.0 (Windows NT 10.0; Win64; x64) AppleWebKit/537.36 (KHTML, like Gecko) Chrome/148.0.0.0 Safari/537.36','0:0:0:0:0:0:0:1','76263d58-20d5-4bc2-92b8-f3e1ea071dc3-d7b2aba5-6114-456f-836f-771767af88db','2026-05-13 06:07:13.968091',NULL,'SUCCESS',3),(98,'Mozilla/5.0 (Windows NT 10.0; Win64; x64) AppleWebKit/537.36 (KHTML, like Gecko) Chrome/148.0.0.0 Safari/537.36','0:0:0:0:0:0:0:1','86a6a887-3936-4c54-b560-29d37dd74c0a-f262d447-3764-40de-980f-f8e99bd96e93','2026-05-14 19:09:12.935078','2026-05-14 19:12:02.278153','LOGOUT',3),(99,'Mozilla/5.0 (Windows NT 10.0; Win64; x64) AppleWebKit/537.36 (KHTML, like Gecko) Chrome/148.0.0.0 Safari/537.36','0:0:0:0:0:0:0:1','3d31f5ed-be09-4b76-85b9-2da44af3ee3c-df2679d0-0b9f-45a1-a789-f5c95774f0ba','2026-05-14 19:13:54.475807',NULL,'SUCCESS',3),(100,'Mozilla/5.0 (Windows NT 10.0; Win64; x64) AppleWebKit/537.36 (KHTML, like Gecko) Chrome/148.0.0.0 Safari/537.36','0:0:0:0:0:0:0:1','2bd498b7-631a-4b20-8bcd-a7bc00c53dee-1d9338e1-57d2-4f5f-ae6b-fb01a644e512','2026-05-15 09:17:55.023202','2026-05-15 12:58:24.436594','LOGOUT',3),(101,'Mozilla/5.0 (Windows NT 10.0; Win64; x64) AppleWebKit/537.36 (KHTML, like Gecko) Chrome/148.0.0.0 Safari/537.36','0:0:0:0:0:0:0:1','1adbeb7c-1c80-40d7-a0ef-6d82017649a7-65a04b78-f135-487e-80b9-e24f045672b0','2026-05-15 13:57:44.906369',NULL,'SUCCESS',3),(102,'Mozilla/5.0 (Windows NT; Windows NT 10.0; en-US) WindowsPowerShell/5.1.19041.6456','0:0:0:0:0:0:0:1','8892c014-7294-430d-96aa-a5d3f69d8365-f398bc0c-0513-44a1-9b4b-e158ddd8dbc6','2026-05-16 01:10:40.576834',NULL,'SUCCESS',3),(103,'Mozilla/5.0 (Windows NT; Windows NT 10.0; en-US) WindowsPowerShell/5.1.19041.6456','0:0:0:0:0:0:0:1','64ac9023-1143-48fd-b373-4e6fe967bf6b-bc089f9f-c4bd-4ff0-9630-3218bb7d1003','2026-05-16 01:10:41.306833',NULL,'SUCCESS',4),(104,'Mozilla/5.0 (Windows NT; Windows NT 10.0; en-US) WindowsPowerShell/5.1.19041.6456','0:0:0:0:0:0:0:1','dd1ed0bf-a688-4fe1-aa3a-476eccd576df-d70a2ea3-fa4d-4fb2-ac65-178001996223','2026-05-16 01:10:41.882834',NULL,'SUCCESS',5),(105,'Mozilla/5.0 (Windows NT; Windows NT 10.0; en-US) WindowsPowerShell/5.1.19041.6456','0:0:0:0:0:0:0:1','d06dc565-d85e-4fc5-a8c8-710aa315a3ea-876a5bd5-ed8f-45b4-b7d2-a9579f19b28f','2026-05-16 01:10:42.497835',NULL,'SUCCESS',7),(106,'Mozilla/5.0 (Windows NT; Windows NT 10.0; en-US) WindowsPowerShell/5.1.19041.6456','0:0:0:0:0:0:0:1','0d2699a9-7008-4670-abca-a70595533ee4-418038e2-ab71-4001-86d5-b59e0a147ee4','2026-05-16 01:10:43.195835',NULL,'SUCCESS',8),(107,'Mozilla/5.0 (Windows NT; Windows NT 10.0; en-US) WindowsPowerShell/5.1.19041.6456','0:0:0:0:0:0:0:1','ee6543f0-e54a-47d3-8e81-e80fef335be9-2b288ed1-3bfe-47fa-ab92-b5b9453339ad','2026-05-16 01:10:43.871840',NULL,'SUCCESS',6),(108,'Mozilla/5.0 (Windows NT; Windows NT 10.0; en-US) WindowsPowerShell/5.1.19041.6456','0:0:0:0:0:0:0:1','12efdfd0-b098-4b4c-8a20-fbe6041d0ac1-2150685d-bd28-48f4-ae0d-171ac3a84429','2026-05-16 01:18:56.503882',NULL,'SUCCESS',3),(109,'Mozilla/5.0 (Windows NT; Windows NT 10.0; en-US) WindowsPowerShell/5.1.19041.6456','0:0:0:0:0:0:0:1','c77b31cf-852e-4f7e-be58-cdbf7cda705a-e5360ad9-a069-49e4-840d-c29f548ac9d7','2026-05-16 01:18:57.242884',NULL,'SUCCESS',4),(110,'Mozilla/5.0 (Windows NT; Windows NT 10.0; en-US) WindowsPowerShell/5.1.19041.6456','0:0:0:0:0:0:0:1','53729e95-366d-462a-8f6d-82361f34a193-ffa6439d-2dac-443f-9810-132e21a21ac8','2026-05-16 01:18:57.909877',NULL,'SUCCESS',5),(111,'Mozilla/5.0 (Windows NT; Windows NT 10.0; en-US) WindowsPowerShell/5.1.19041.6456','0:0:0:0:0:0:0:1','5489b7e7-489d-4746-b7d4-792a96f8f89e-8cede15c-a160-4256-ac97-ef782c62f47d','2026-05-16 01:18:58.464876',NULL,'SUCCESS',7),(112,'Mozilla/5.0 (Windows NT; Windows NT 10.0; en-US) WindowsPowerShell/5.1.19041.6456','0:0:0:0:0:0:0:1','d5f153e7-bcdf-4305-bbd3-12eb59508f58-b725c43f-f857-42a0-b5f4-546491a8a3ee','2026-05-16 01:18:59.109880',NULL,'SUCCESS',8),(113,'Mozilla/5.0 (Windows NT; Windows NT 10.0; en-US) WindowsPowerShell/5.1.19041.6456','0:0:0:0:0:0:0:1','ab20e848-ddfd-4ab7-b392-3b04977f3e84-a504b1c0-1dc5-4ebe-9ede-9c45e4c4b9ae','2026-05-16 01:18:59.645881',NULL,'SUCCESS',6),(114,'Mozilla/5.0 (Windows NT; Windows NT 10.0; en-US) WindowsPowerShell/5.1.19041.6456','0:0:0:0:0:0:0:1','9c6a0424-2339-4069-9bab-788ca3121acb-e9819221-1f99-4f68-a2a5-8a420bf2a907','2026-05-16 01:24:01.643649',NULL,'SUCCESS',5),(115,'Mozilla/5.0 (Windows NT; Windows NT 10.0; en-US) WindowsPowerShell/5.1.19041.6456','0:0:0:0:0:0:0:1','18df2c16-db3d-492a-939b-851291fae6f5-968558a1-caeb-4e02-9ce8-0f3778145856','2026-05-16 01:24:02.692653',NULL,'SUCCESS',7),(116,'Mozilla/5.0 (Windows NT; Windows NT 10.0; en-US) WindowsPowerShell/5.1.19041.6456','0:0:0:0:0:0:0:1','7bfa21c1-d239-4d66-ad04-ac7f18a1e4e5-887ea8f4-9e86-4440-a664-d634a428de45','2026-05-16 01:24:03.468696',NULL,'SUCCESS',8),(117,'Mozilla/5.0 (Windows NT; Windows NT 10.0; en-US) WindowsPowerShell/5.1.19041.6456','0:0:0:0:0:0:0:1','15281fae-2850-42ce-b6d2-607f4f3259eb-43edfe8d-7118-454c-81d2-c2f1454ee852','2026-05-16 01:24:04.008681',NULL,'SUCCESS',6),(118,'Mozilla/5.0 (Windows NT; Windows NT 10.0; en-US) WindowsPowerShell/5.1.19041.6456','0:0:0:0:0:0:0:1','697de2c9-5c64-4af8-ad23-ecd9ebaf66e5-5717d1ec-0cf8-4707-bda0-9539fef36962','2026-05-16 01:24:19.585550',NULL,'SUCCESS',3),(119,'Mozilla/5.0 (Windows NT; Windows NT 10.0; en-US) WindowsPowerShell/5.1.19041.6456','0:0:0:0:0:0:0:1','571ebb94-e8c3-4696-8138-80ab833ab30a-2f03fc34-6aed-4638-9659-5cae413105b5','2026-05-16 01:24:20.141551',NULL,'SUCCESS',4),(120,'Mozilla/5.0 (Windows NT; Windows NT 10.0; en-US) WindowsPowerShell/5.1.19041.6456','0:0:0:0:0:0:0:1','1c363839-7707-40b6-a0da-28e285acc73f-d9901e95-cacd-4c44-905f-2dd2c902d23e','2026-05-16 01:24:20.600313',NULL,'SUCCESS',5),(121,'Mozilla/5.0 (Windows NT; Windows NT 10.0; en-US) WindowsPowerShell/5.1.19041.6456','0:0:0:0:0:0:0:1','fa1b075a-a567-46f7-8ecd-58519e004bda-b3539b3e-f883-4eca-b923-be825963ffe0','2026-05-16 01:24:21.164098',NULL,'SUCCESS',7),(122,'Mozilla/5.0 (Windows NT; Windows NT 10.0; en-US) WindowsPowerShell/5.1.19041.6456','0:0:0:0:0:0:0:1','33055c1e-08e2-4fe1-a2f8-93f95b873ffc-bd53d617-d8af-45d6-adae-2b7120eb0d4a','2026-05-16 01:24:21.740096',NULL,'SUCCESS',8),(123,'Mozilla/5.0 (Windows NT; Windows NT 10.0; en-US) WindowsPowerShell/5.1.19041.6456','0:0:0:0:0:0:0:1','db6791da-d852-43e5-be88-783f8106cc0c-1dbed22b-ba9a-4da7-8c7c-7adf3409bfdc','2026-05-16 01:24:22.563100',NULL,'SUCCESS',6),(124,'Mozilla/5.0 (Windows NT; Windows NT 10.0; en-US) WindowsPowerShell/5.1.19041.6456','0:0:0:0:0:0:0:1','932415af-f0e1-475e-94ac-c0c2817dda09-f8a73db6-d11a-4869-ac8e-dae3dd118454','2026-05-16 01:24:24.662097',NULL,'SUCCESS',37),(125,'Mozilla/5.0 (Windows NT; Windows NT 10.0; en-US) WindowsPowerShell/5.1.19041.6456','0:0:0:0:0:0:0:1','2495e365-d44c-4ece-889d-7c62400d8e9f-c7cdec35-2796-4917-b341-be7947beefaa','2026-05-16 01:24:24.867095',NULL,'SUCCESS',38),(126,'Mozilla/5.0 (Windows NT; Windows NT 10.0; en-US) WindowsPowerShell/5.1.19041.6456','0:0:0:0:0:0:0:1','7b55517f-38fe-495d-b88b-bc5358ec6113-be1e408d-8790-4f48-b97a-661e4c845c40','2026-05-16 01:27:44.026932',NULL,'SUCCESS',5),(127,'Mozilla/5.0 (Windows NT; Windows NT 10.0; en-US) WindowsPowerShell/5.1.19041.6456','0:0:0:0:0:0:0:1','71e8ec8a-ca18-4e57-8671-041838049ad2-20017e55-345b-4a98-b4b5-14fd5e823954','2026-05-16 01:27:44.613927',NULL,'SUCCESS',7),(128,'Mozilla/5.0 (Windows NT; Windows NT 10.0; en-US) WindowsPowerShell/5.1.19041.6456','0:0:0:0:0:0:0:1','83ca13f8-4277-4fef-bbb0-346cf59a93b5-8b0f640f-8858-4d46-b9df-9785307ddb99','2026-05-16 01:27:45.148929',NULL,'SUCCESS',8),(129,'Mozilla/5.0 (Windows NT; Windows NT 10.0; en-US) WindowsPowerShell/5.1.19041.6456','0:0:0:0:0:0:0:1','b0573278-e20e-4fc4-b704-66d1590709cc-49fa8da7-39bd-446a-9337-50fd063f9556','2026-05-16 01:27:45.688933',NULL,'SUCCESS',6),(130,'Mozilla/5.0 (Windows NT; Windows NT 10.0; en-US) WindowsPowerShell/5.1.19041.6456','0:0:0:0:0:0:0:1','f88992a9-d2dc-4c11-94aa-4815cd56cbf3-cf08c8ba-351e-4aae-9f5b-7777f3b40d63','2026-05-16 01:27:58.073653',NULL,'SUCCESS',3),(131,'Mozilla/5.0 (Windows NT; Windows NT 10.0; en-US) WindowsPowerShell/5.1.19041.6456','0:0:0:0:0:0:0:1','68561af0-7fdd-413a-a971-1c46c8147066-e5ba67da-a001-4905-8f37-212fbe83815e','2026-05-16 01:27:58.601713',NULL,'SUCCESS',4),(132,'Mozilla/5.0 (Windows NT; Windows NT 10.0; en-US) WindowsPowerShell/5.1.19041.6456','0:0:0:0:0:0:0:1','d42b23c7-8aa7-43a3-b886-d4d15504ffb4-7dae5c7b-4b0e-4b39-9535-5773746afe4d','2026-05-16 01:27:59.111714',NULL,'SUCCESS',5),(133,'Mozilla/5.0 (Windows NT; Windows NT 10.0; en-US) WindowsPowerShell/5.1.19041.6456','0:0:0:0:0:0:0:1','e95fee3d-1b2a-4f76-8ef5-b970a43b67bd-df92a796-3c17-43bb-ad0a-d0df6868b11b','2026-05-16 01:27:59.688717',NULL,'SUCCESS',7),(134,'Mozilla/5.0 (Windows NT; Windows NT 10.0; en-US) WindowsPowerShell/5.1.19041.6456','0:0:0:0:0:0:0:1','407dfd9c-33df-4464-b6b7-c25f80d61569-f4d79bec-63e8-4023-aa7c-3800db834d63','2026-05-16 01:28:00.300714',NULL,'SUCCESS',8),(135,'Mozilla/5.0 (Windows NT; Windows NT 10.0; en-US) WindowsPowerShell/5.1.19041.6456','0:0:0:0:0:0:0:1','83eb0469-4c9f-4196-b4ec-bc2d84da31ba-b3515aff-7a8b-43f3-b33a-cf3bf7cbcf36','2026-05-16 01:28:00.843712',NULL,'SUCCESS',6),(136,'Mozilla/5.0 (Windows NT; Windows NT 10.0; en-US) WindowsPowerShell/5.1.19041.6456','0:0:0:0:0:0:0:1','9237b47c-69cb-4149-8b29-92e46a7350e4-9517a4f8-6033-4db1-8f95-e4083311f4a6','2026-05-16 01:28:02.708815',NULL,'SUCCESS',39),(137,'Mozilla/5.0 (Windows NT; Windows NT 10.0; en-US) WindowsPowerShell/5.1.19041.6456','0:0:0:0:0:0:0:1','b4c460b2-8f9d-4df6-8b79-9860e3bbd200-2b29bfca-e279-4f71-9b36-6c7d3ca4ad4b','2026-05-16 01:28:02.924819',NULL,'SUCCESS',40),(138,'Mozilla/5.0 (Windows NT; Windows NT 10.0; en-US) WindowsPowerShell/5.1.19041.6456','0:0:0:0:0:0:0:1','2f88e623-0bb5-4dcb-a38d-483a628e086f-283f061e-8393-4e0e-803e-72c1e0ea973d','2026-05-16 01:28:59.662852',NULL,'SUCCESS',3),(139,'Mozilla/5.0 (Windows NT; Windows NT 10.0; en-US) WindowsPowerShell/5.1.19041.6456','0:0:0:0:0:0:0:1','82ca7f04-3847-419f-b130-e11b9376531b-f1acc99b-311f-4e36-88f2-be44708ed560','2026-05-16 01:29:00.280856',NULL,'SUCCESS',4),(140,'Mozilla/5.0 (Windows NT; Windows NT 10.0; en-US) WindowsPowerShell/5.1.19041.6456','0:0:0:0:0:0:0:1','f51b7898-faac-4a8b-a746-2eb205977f74-848cf4fe-3736-483d-96f0-a2832076829b','2026-05-16 01:29:00.879857',NULL,'SUCCESS',5),(141,'Mozilla/5.0 (Windows NT; Windows NT 10.0; en-US) WindowsPowerShell/5.1.19041.6456','0:0:0:0:0:0:0:1','2cf5eef2-7cfb-4f62-ab5f-415b902d23e0-d69f4326-850a-43db-84f5-2bfe1af41676','2026-05-16 01:29:01.354236',NULL,'SUCCESS',7),(142,'Mozilla/5.0 (Windows NT; Windows NT 10.0; en-US) WindowsPowerShell/5.1.19041.6456','0:0:0:0:0:0:0:1','fd6ede5a-63c8-4c6d-b059-6d8c87f6345d-fcbb39d7-6d36-45bd-81d1-8aeaa6f47f29','2026-05-16 01:29:01.794840',NULL,'SUCCESS',8),(143,'Mozilla/5.0 (Windows NT; Windows NT 10.0; en-US) WindowsPowerShell/5.1.19041.6456','0:0:0:0:0:0:0:1','ef24836e-b8e3-434e-900e-8640c6a7ed8a-a5aee87c-ce02-4fcc-99e1-29755314ad6e','2026-05-16 01:29:02.255508',NULL,'SUCCESS',6),(144,'Mozilla/5.0 (Windows NT; Windows NT 10.0; en-US) WindowsPowerShell/5.1.19041.6456','0:0:0:0:0:0:0:1','b2eb114f-50b1-4d1b-b5ef-d4b74f9b02ab-ef72a59d-96b7-4585-9f5d-8c786200fb53','2026-05-16 01:29:04.294786',NULL,'SUCCESS',41),(145,'Mozilla/5.0 (Windows NT; Windows NT 10.0; en-US) WindowsPowerShell/5.1.19041.6456','0:0:0:0:0:0:0:1','706ae078-ae4e-4859-aae1-d78c4da7be07-864a3a9e-fe3e-4a7c-b7fe-c75d2d8a87c5','2026-05-16 01:29:04.492789',NULL,'SUCCESS',42),(146,'Mozilla/5.0 (Windows NT; Windows NT 10.0; en-US) WindowsPowerShell/5.1.19041.6456','0:0:0:0:0:0:0:1','f308e853-b006-45e2-add6-48a2e50b808a-0731562c-b2ee-4698-9b60-0cccd088d8f8','2026-05-16 01:29:32.826295',NULL,'SUCCESS',3),(147,'Mozilla/5.0 (Windows NT; Windows NT 10.0; en-US) WindowsPowerShell/5.1.19041.6456','0:0:0:0:0:0:0:1','9a503af4-b30d-4a69-b722-836a4889c61a-8f6886af-120b-45a5-a571-0875121d040e','2026-05-16 01:29:33.514768',NULL,'SUCCESS',4),(148,'Mozilla/5.0 (Windows NT; Windows NT 10.0; en-US) WindowsPowerShell/5.1.19041.6456','0:0:0:0:0:0:0:1','120b865d-3a26-4465-a5f6-ec4b9d3961b8-5ede9171-ff6c-41bc-b798-52b13409c41d','2026-05-16 01:29:33.995759',NULL,'SUCCESS',5),(149,'Mozilla/5.0 (Windows NT; Windows NT 10.0; en-US) WindowsPowerShell/5.1.19041.6456','0:0:0:0:0:0:0:1','bacdc889-f654-4bf7-aac1-ff8d2f05cc6b-77b50fa8-8a7f-4a75-9369-a539d4900dfb','2026-05-16 01:29:34.659761',NULL,'SUCCESS',7),(150,'Mozilla/5.0 (Windows NT; Windows NT 10.0; en-US) WindowsPowerShell/5.1.19041.6456','0:0:0:0:0:0:0:1','7e45e451-cebd-465a-ad65-708a76a42e9e-7980a4e1-760c-40bf-be5d-6bbbec0c14a0','2026-05-16 01:29:35.237764',NULL,'SUCCESS',8),(151,'Mozilla/5.0 (Windows NT; Windows NT 10.0; en-US) WindowsPowerShell/5.1.19041.6456','0:0:0:0:0:0:0:1','f856e027-e63e-426d-967f-a594bd5727d2-939249b8-d6c9-409a-96ed-bbe7fb88338a','2026-05-16 01:29:35.790766',NULL,'SUCCESS',6),(152,'Mozilla/5.0 (Windows NT; Windows NT 10.0; en-US) WindowsPowerShell/5.1.19041.6456','0:0:0:0:0:0:0:1','166f22c6-1c95-4f12-90b0-db4a9df5c062-e6ffa7d3-fb0d-4875-8171-0862f50ebc9d','2026-05-16 01:29:37.878761',NULL,'SUCCESS',43),(153,'Mozilla/5.0 (Windows NT; Windows NT 10.0; en-US) WindowsPowerShell/5.1.19041.6456','0:0:0:0:0:0:0:1','4e00f671-8c3c-4dab-aca6-a3cc8d577d36-bbc04a03-9d06-4dcb-a73b-1ef03b67c1bd','2026-05-16 01:29:38.080763',NULL,'SUCCESS',44),(154,'Mozilla/5.0 (Windows NT; Windows NT 10.0; en-US) WindowsPowerShell/5.1.19041.6456','0:0:0:0:0:0:0:1','31d2597c-2e8e-45c6-bc44-d067da1b5cfa-fe1c3fb6-a77f-49a8-9e1f-3161182b1d75','2026-05-16 01:30:09.010271',NULL,'SUCCESS',3),(155,'Mozilla/5.0 (Windows NT; Windows NT 10.0; en-US) WindowsPowerShell/5.1.19041.6456','0:0:0:0:0:0:0:1','143fce42-d8c5-46cf-a48e-37735c0de323-b4355135-d98e-4e92-b514-15bdb98205e1','2026-05-16 01:30:09.566276',NULL,'SUCCESS',4),(156,'Mozilla/5.0 (Windows NT; Windows NT 10.0; en-US) WindowsPowerShell/5.1.19041.6456','0:0:0:0:0:0:0:1','e719bdd1-6fab-4d9d-8816-5626c89d5f40-78392943-5bef-4297-861b-907135b552f3','2026-05-16 01:30:10.120272',NULL,'SUCCESS',5),(157,'Mozilla/5.0 (Windows NT; Windows NT 10.0; en-US) WindowsPowerShell/5.1.19041.6456','0:0:0:0:0:0:0:1','8393811e-126f-48e4-af6d-d6d909f36f9c-a744e313-a385-4b6c-97e7-7b0703ef90ce','2026-05-16 01:30:10.664269',NULL,'SUCCESS',7),(158,'Mozilla/5.0 (Windows NT; Windows NT 10.0; en-US) WindowsPowerShell/5.1.19041.6456','0:0:0:0:0:0:0:1','119a6dd8-6399-4be5-b0f5-ba3109e90e3d-f3d18e16-6540-45ad-b26e-05be70681b2d','2026-05-16 01:30:11.180270',NULL,'SUCCESS',8),(159,'Mozilla/5.0 (Windows NT; Windows NT 10.0; en-US) WindowsPowerShell/5.1.19041.6456','0:0:0:0:0:0:0:1','674f4f09-e05c-4c22-82a7-80fc54b94842-1c938d43-bdb5-44fe-be7c-8dd996c2c3cd','2026-05-16 01:30:11.845281',NULL,'SUCCESS',6),(160,'Mozilla/5.0 (Windows NT; Windows NT 10.0; en-US) WindowsPowerShell/5.1.19041.6456','0:0:0:0:0:0:0:1','04b8cc35-f3f4-4b2e-a4fb-ab1b2ad8f81c-7b99b14e-ea1c-47f7-a727-7aa55eceec7a','2026-05-16 01:30:13.696277',NULL,'SUCCESS',45),(161,'Mozilla/5.0 (Windows NT; Windows NT 10.0; en-US) WindowsPowerShell/5.1.19041.6456','0:0:0:0:0:0:0:1','43714ae0-073e-41a2-b8dc-235944228eb6-5f4f2e83-a44d-4b08-8e57-7c098e5e0d17','2026-05-16 01:30:13.894272',NULL,'SUCCESS',46),(162,'Mozilla/5.0 (Windows NT; Windows NT 10.0; en-US) WindowsPowerShell/5.1.19041.6456','0:0:0:0:0:0:0:1','bb7b6155-5eba-44dc-a4b8-65b962658a17-c82fc47a-729f-4b93-b5e0-c9e17306e24c','2026-05-16 01:30:45.072704',NULL,'SUCCESS',3),(163,'Mozilla/5.0 (Windows NT; Windows NT 10.0; en-US) WindowsPowerShell/5.1.19041.6456','0:0:0:0:0:0:0:1','db7c3f17-8bb5-42d8-96d8-b499201637fd-930d22b7-8b14-45d2-aac5-82893eae64df','2026-05-16 01:30:45.692703',NULL,'SUCCESS',4),(164,'Mozilla/5.0 (Windows NT; Windows NT 10.0; en-US) WindowsPowerShell/5.1.19041.6456','0:0:0:0:0:0:0:1','d3ea528c-94a8-4b1a-86f2-8b0a0aa21bd1-abe3045c-5022-4f8e-a376-720f78c44e54','2026-05-16 01:30:46.172707',NULL,'SUCCESS',5),(165,'Mozilla/5.0 (Windows NT; Windows NT 10.0; en-US) WindowsPowerShell/5.1.19041.6456','0:0:0:0:0:0:0:1','6df54a81-4230-48a6-acec-46826cd7b019-0c99e685-d744-4a91-9c11-350eb41a951c','2026-05-16 01:30:46.774702',NULL,'SUCCESS',7),(166,'Mozilla/5.0 (Windows NT; Windows NT 10.0; en-US) WindowsPowerShell/5.1.19041.6456','0:0:0:0:0:0:0:1','83566617-f146-4e34-b33f-45668ebef524-ffb91233-5331-4a63-ba51-00d769db09c8','2026-05-16 01:30:47.306705',NULL,'SUCCESS',8),(167,'Mozilla/5.0 (Windows NT; Windows NT 10.0; en-US) WindowsPowerShell/5.1.19041.6456','0:0:0:0:0:0:0:1','7286a6ac-1222-476e-8c27-a1bbe83bcb6c-eadb1cf9-ca76-4d4b-b442-d45ac2ed3746','2026-05-16 01:30:48.089707',NULL,'SUCCESS',6),(168,'Mozilla/5.0 (Windows NT; Windows NT 10.0; en-US) WindowsPowerShell/5.1.19041.6456','0:0:0:0:0:0:0:1','d9d067f9-3f3f-4f5b-9341-0f2392245f56-ce60f0e3-acf5-475b-bd52-702c0937f28f','2026-05-16 01:30:50.285706',NULL,'SUCCESS',47),(169,'Mozilla/5.0 (Windows NT; Windows NT 10.0; en-US) WindowsPowerShell/5.1.19041.6456','0:0:0:0:0:0:0:1','faa6e737-4468-4b78-8d48-8575d9acb378-d113fbf4-c8ed-452f-859d-c32c09a35415','2026-05-16 01:30:50.482704',NULL,'SUCCESS',48),(170,'Mozilla/5.0 (Windows NT; Windows NT 10.0; en-US) WindowsPowerShell/5.1.19041.6456','0:0:0:0:0:0:0:1','4286c21d-4f02-430b-a33e-c013ba169211-c4e6d172-1d45-4ecb-b90c-2e8ba4cb97da','2026-05-16 01:31:18.748342',NULL,'SUCCESS',3),(171,'Mozilla/5.0 (Windows NT; Windows NT 10.0; en-US) WindowsPowerShell/5.1.19041.6456','0:0:0:0:0:0:0:1','2b1a5316-675e-4243-96e1-9e2f7a4606f4-aef646ca-1005-4790-94b7-156ad85a1718','2026-05-16 01:31:19.393341',NULL,'SUCCESS',4),(172,'Mozilla/5.0 (Windows NT; Windows NT 10.0; en-US) WindowsPowerShell/5.1.19041.6456','0:0:0:0:0:0:0:1','0ce7681c-e669-4a82-9ab9-e7a88dd26170-12bd09ec-cfbb-40ae-ab36-cc0d932a9973','2026-05-16 01:31:19.920343',NULL,'SUCCESS',5),(173,'Mozilla/5.0 (Windows NT; Windows NT 10.0; en-US) WindowsPowerShell/5.1.19041.6456','0:0:0:0:0:0:0:1','3c27b32c-6d2c-4bec-9c64-9402f713a7c3-47a1a637-5cfc-4a4c-a23a-072fb1012901','2026-05-16 01:31:20.449342',NULL,'SUCCESS',7),(174,'Mozilla/5.0 (Windows NT; Windows NT 10.0; en-US) WindowsPowerShell/5.1.19041.6456','0:0:0:0:0:0:0:1','4cf6dc5b-a784-4bb8-bc8a-b159f38f9a27-325cea9d-6a75-4614-8fd3-068fe1a42dd9','2026-05-16 01:31:21.051342',NULL,'SUCCESS',8),(175,'Mozilla/5.0 (Windows NT; Windows NT 10.0; en-US) WindowsPowerShell/5.1.19041.6456','0:0:0:0:0:0:0:1','33352739-484a-4ea9-bbf5-b313431e07bc-099ac71b-075e-40b2-8d58-02f291ca8502','2026-05-16 01:31:21.630338',NULL,'SUCCESS',6),(176,'Mozilla/5.0 (Windows NT; Windows NT 10.0; en-US) WindowsPowerShell/5.1.19041.6456','0:0:0:0:0:0:0:1','cc61c511-77db-493a-8689-faee32277234-8f5b8ad7-91f2-47a1-a376-8d694783e39b','2026-05-16 01:31:24.659342',NULL,'SUCCESS',49),(177,'Mozilla/5.0 (Windows NT; Windows NT 10.0; en-US) WindowsPowerShell/5.1.19041.6456','0:0:0:0:0:0:0:1','20737ef6-1a4a-4ac9-bf85-e3a344585b8b-231ab30f-c9e0-495b-bc65-e8cf42eb9cd1','2026-05-16 01:31:24.880338',NULL,'SUCCESS',50),(178,'Mozilla/5.0 (Windows NT; Windows NT 10.0; en-US) WindowsPowerShell/5.1.19041.6456','0:0:0:0:0:0:0:1','8ed9a042-b029-4ff8-bd2f-c9644eaebb8d-4e6382bd-5460-46c9-b9fe-08961e2f1cf7','2026-05-16 01:32:40.546760',NULL,'SUCCESS',3),(179,'Mozilla/5.0 (Windows NT; Windows NT 10.0; en-US) WindowsPowerShell/5.1.19041.6456','0:0:0:0:0:0:0:1','58b6984b-8551-43ca-ae6b-d69a17da4d79-aec93c89-26f6-4b8f-a490-43f6a74d9264','2026-05-16 01:32:41.135757',NULL,'SUCCESS',4),(180,'Mozilla/5.0 (Windows NT; Windows NT 10.0; en-US) WindowsPowerShell/5.1.19041.6456','0:0:0:0:0:0:0:1','07870c92-45ae-4df5-94d5-67af7b7c4cc5-7674e54d-2f99-4f43-b5c1-334ca8adb69b','2026-05-16 01:32:41.604758',NULL,'SUCCESS',5),(181,'Mozilla/5.0 (Windows NT; Windows NT 10.0; en-US) WindowsPowerShell/5.1.19041.6456','0:0:0:0:0:0:0:1','f6e57932-fe4b-4aa2-9440-85dff9155220-2d4fd8c6-4992-428c-9792-e2d09b5d183f','2026-05-16 01:32:42.547756',NULL,'SUCCESS',7),(182,'Mozilla/5.0 (Windows NT; Windows NT 10.0; en-US) WindowsPowerShell/5.1.19041.6456','0:0:0:0:0:0:0:1','d22885a0-e247-4a42-b256-447d501c2878-162c3c8b-18bd-4249-a5f1-825ac8a5b44a','2026-05-16 01:32:43.111763',NULL,'SUCCESS',8),(183,'Mozilla/5.0 (Windows NT; Windows NT 10.0; en-US) WindowsPowerShell/5.1.19041.6456','0:0:0:0:0:0:0:1','62fe4bd5-c713-412a-b8fc-33bd5cd573fb-9d7685d1-af4e-450d-bf07-31d2877c0da5','2026-05-16 01:32:43.825762',NULL,'SUCCESS',6),(184,'Mozilla/5.0 (Windows NT; Windows NT 10.0; en-US) WindowsPowerShell/5.1.19041.6456','0:0:0:0:0:0:0:1','525e9745-1916-4a39-b6c5-dfcafc047411-baa7c7bb-b1b9-4017-98a1-e09fbeed8ed2','2026-05-16 01:32:45.413762',NULL,'SUCCESS',51),(185,'Mozilla/5.0 (Windows NT; Windows NT 10.0; en-US) WindowsPowerShell/5.1.19041.6456','0:0:0:0:0:0:0:1','f3215f10-7198-4720-be4e-f0147b603e3e-76a11270-d842-4f68-8e46-344f117fd0a3','2026-05-16 01:32:45.602643',NULL,'SUCCESS',52),(186,'Mozilla/5.0 (Windows NT; Windows NT 10.0; en-US) WindowsPowerShell/5.1.19041.6456','0:0:0:0:0:0:0:1','e0858cd9-b0d9-4b0f-a95c-8292774aaf98-be01ada6-9192-404d-bdc4-a8be5450761a','2026-05-16 01:36:26.243743',NULL,'SUCCESS',3),(187,'Mozilla/5.0 (Windows NT; Windows NT 10.0; en-US) WindowsPowerShell/5.1.19041.6456','0:0:0:0:0:0:0:1','7065c593-49b2-4b38-bc66-87712a3b94db-4466d254-e00b-4f77-bf71-65737b5aea8e','2026-05-16 01:36:26.916741',NULL,'SUCCESS',4),(188,'Mozilla/5.0 (Windows NT; Windows NT 10.0; en-US) WindowsPowerShell/5.1.19041.6456','0:0:0:0:0:0:0:1','e50681f0-d54f-497f-93fd-1c8775945175-0c032edc-b874-4c39-9f90-90913a23b9a1','2026-05-16 01:36:27.348964',NULL,'SUCCESS',5),(189,'Mozilla/5.0 (Windows NT; Windows NT 10.0; en-US) WindowsPowerShell/5.1.19041.6456','0:0:0:0:0:0:0:1','bfb725fb-4bd2-4c42-b73c-70a68616d0fa-9a9ea0ed-323d-4d79-bdf3-26f6fba91e3b','2026-05-16 01:36:27.769962',NULL,'SUCCESS',7),(190,'Mozilla/5.0 (Windows NT; Windows NT 10.0; en-US) WindowsPowerShell/5.1.19041.6456','0:0:0:0:0:0:0:1','98dcc4d6-b887-4bc8-b41b-1da601973ce1-4b3635ab-8e21-483c-9c67-5769410808c2','2026-05-16 01:36:28.229962',NULL,'SUCCESS',8),(191,'Mozilla/5.0 (Windows NT; Windows NT 10.0; en-US) WindowsPowerShell/5.1.19041.6456','0:0:0:0:0:0:0:1','31b3d17d-b3ec-41e5-81fa-b22b6b3e8dc4-7e169a02-9a61-4370-94aa-ed7f918a10c1','2026-05-16 01:36:28.633031',NULL,'SUCCESS',6),(192,'Mozilla/5.0 (Windows NT; Windows NT 10.0; en-US) WindowsPowerShell/5.1.19041.6456','0:0:0:0:0:0:0:1','9b269f4e-d724-45c5-80f1-42605ef4cc1f-ce018f19-ae26-4d3c-81d3-65230fdc9f38','2026-05-16 01:36:30.177061',NULL,'SUCCESS',53),(193,'Mozilla/5.0 (Windows NT; Windows NT 10.0; en-US) WindowsPowerShell/5.1.19041.6456','0:0:0:0:0:0:0:1','06d60d9e-29a7-4e55-8f34-02fb24b09243-6b3ae90f-38b8-4954-998c-0d6e461561ca','2026-05-16 01:36:30.415062',NULL,'SUCCESS',54),(194,'Mozilla/5.0 (Windows NT; Windows NT 10.0; en-US) WindowsPowerShell/5.1.19041.6456','0:0:0:0:0:0:0:1','772ec164-3359-407a-af8d-078ac9c29b65-3f10d4e6-f630-455f-9010-2013e58ba58b','2026-05-16 08:07:06.945819',NULL,'SUCCESS',3),(195,'Mozilla/5.0 (Windows NT; Windows NT 10.0; en-US) WindowsPowerShell/5.1.19041.6456','0:0:0:0:0:0:0:1','f7b345ad-8e93-41d2-8365-cb4d83844e05-24e7b18d-b130-48ab-a272-f6bc0afca724','2026-05-16 08:07:07.643818',NULL,'SUCCESS',4),(196,'Mozilla/5.0 (Windows NT; Windows NT 10.0; en-US) WindowsPowerShell/5.1.19041.6456','0:0:0:0:0:0:0:1','cca02e0d-ea9f-4c49-957c-9088f02eeebb-d84a531c-6e12-4d8b-ae96-7b3bdff55bf9','2026-05-16 08:07:08.247817',NULL,'SUCCESS',5),(197,'Mozilla/5.0 (Windows NT; Windows NT 10.0; en-US) WindowsPowerShell/5.1.19041.6456','0:0:0:0:0:0:0:1','cd25a0f4-fc56-421f-9200-6fc72d5f1940-d0bfaaed-d950-4212-b775-7ab3a1f5745c','2026-05-16 08:07:08.775827',NULL,'SUCCESS',7),(198,'Mozilla/5.0 (Windows NT; Windows NT 10.0; en-US) WindowsPowerShell/5.1.19041.6456','0:0:0:0:0:0:0:1','68db370a-ac7f-4034-b1e0-cf070d3cbd10-5adb91f2-721e-4f8e-8aab-96c9cc88ee63','2026-05-16 08:07:09.336823',NULL,'SUCCESS',8),(199,'Mozilla/5.0 (Windows NT; Windows NT 10.0; en-US) WindowsPowerShell/5.1.19041.6456','0:0:0:0:0:0:0:1','ad079f8e-b3da-46e6-9cef-8f86c7f1c1e7-9bc710e8-13ba-409f-8cad-0229298cf8f9','2026-05-16 08:07:09.835823',NULL,'SUCCESS',6),(200,'Mozilla/5.0 (Windows NT; Windows NT 10.0; en-US) WindowsPowerShell/5.1.19041.6456','0:0:0:0:0:0:0:1','2ea964db-c6c1-41d9-b860-0d73fa41f8f6-c84451a1-a4b8-4ab9-908c-a4237610a0de','2026-05-16 08:07:11.822821',NULL,'SUCCESS',55),(201,'Mozilla/5.0 (Windows NT; Windows NT 10.0; en-US) WindowsPowerShell/5.1.19041.6456','0:0:0:0:0:0:0:1','c24c442d-e61b-4c80-8d67-2a1a3c0c47a5-ecb182dd-0dd7-4c2e-84de-d98226b62b8a','2026-05-16 08:07:12.038819',NULL,'SUCCESS',56),(202,'Mozilla/5.0 (Windows NT; Windows NT 10.0; en-US) WindowsPowerShell/5.1.19041.6456','0:0:0:0:0:0:0:1','0b2c923f-a064-4ac4-b21b-cf1714900ecb-6060f261-c8f2-4055-a994-b8c329e0ee3a','2026-05-16 08:09:47.515213',NULL,'SUCCESS',3),(203,'Mozilla/5.0 (Windows NT; Windows NT 10.0; en-US) WindowsPowerShell/5.1.19041.6456','0:0:0:0:0:0:0:1','a1ac3bd8-2bc4-42ed-beb1-de0bb16a475b-f5f220a1-c6e3-4b7f-aaf7-f897b7cbe576','2026-05-16 08:09:48.072212',NULL,'SUCCESS',4),(204,'Mozilla/5.0 (Windows NT; Windows NT 10.0; en-US) WindowsPowerShell/5.1.19041.6456','0:0:0:0:0:0:0:1','828411b8-cae7-43d0-88b3-d2195ed266cf-fc1c042f-e7d6-47f5-a714-c071b8916e52','2026-05-16 08:09:48.579796',NULL,'SUCCESS',5),(205,'Mozilla/5.0 (Windows NT; Windows NT 10.0; en-US) WindowsPowerShell/5.1.19041.6456','0:0:0:0:0:0:0:1','7a158a5d-c2c6-4f1c-9de6-3e605e3728b3-036962f7-eb0a-4a0c-a29d-9bb615fd4d64','2026-05-16 08:09:49.305794',NULL,'SUCCESS',7),(206,'Mozilla/5.0 (Windows NT; Windows NT 10.0; en-US) WindowsPowerShell/5.1.19041.6456','0:0:0:0:0:0:0:1','a6ebfde0-14ba-44a6-8e43-66c6c7a49ef3-ba91614c-e2d5-4298-9191-725e28e2e24c','2026-05-16 08:09:49.833792',NULL,'SUCCESS',8),(207,'Mozilla/5.0 (Windows NT; Windows NT 10.0; en-US) WindowsPowerShell/5.1.19041.6456','0:0:0:0:0:0:0:1','c465aad8-7852-4eb6-b668-629d75d0036c-0ffe3467-cbee-4e66-bd20-ad3dd3165be1','2026-05-16 08:09:50.351369',NULL,'SUCCESS',6),(208,'Mozilla/5.0 (Windows NT; Windows NT 10.0; en-US) WindowsPowerShell/5.1.19041.6456','0:0:0:0:0:0:0:1','ebe6250f-32d2-4767-8b1e-3b7ad9abddb6-7830c504-c463-4d4d-a5f6-d2ed139c8a1e','2026-05-16 08:09:52.340367',NULL,'SUCCESS',57),(209,'Mozilla/5.0 (Windows NT; Windows NT 10.0; en-US) WindowsPowerShell/5.1.19041.6456','0:0:0:0:0:0:0:1','292a012c-0609-44bb-a21d-bb132fc9e995-2f704ce7-1bff-4a7e-8f07-13f725c26549','2026-05-16 08:09:52.554417',NULL,'SUCCESS',58),(210,'Mozilla/5.0 (Windows NT; Windows NT 10.0; en-US) WindowsPowerShell/5.1.19041.6456','0:0:0:0:0:0:0:1','cf954880-ecd4-4fbb-b9fe-022414eab572-cbc015b0-e938-479c-bbbd-48c7b2209a6e','2026-05-16 08:15:23.611699',NULL,'SUCCESS',3),(211,'Mozilla/5.0 (Windows NT; Windows NT 10.0; en-US) WindowsPowerShell/5.1.19041.6456','0:0:0:0:0:0:0:1','088434ef-7e1c-47a8-b311-54ff6ef55947-b9a885cc-9120-4bd7-a061-edd178ce7b57','2026-05-16 08:16:04.084356',NULL,'SUCCESS',3),(212,'Mozilla/5.0 (Windows NT; Windows NT 10.0; en-US) WindowsPowerShell/5.1.19041.6456','0:0:0:0:0:0:0:1','e50f42f5-263f-45d3-a79e-0b3824d94161-4c227c5c-740b-4e85-a7bf-c16ba8f4abfe','2026-05-16 08:16:04.670359',NULL,'SUCCESS',7),(213,'Mozilla/5.0 (Windows NT; Windows NT 10.0; en-US) WindowsPowerShell/5.1.19041.6456','0:0:0:0:0:0:0:1','440b0aaf-a8c0-4f67-b800-fec84784d249-4367d2f6-6000-4a51-bfdf-a772b6d6b344','2026-05-16 08:16:05.153615',NULL,'SUCCESS',5),(214,'Mozilla/5.0 (Windows NT; Windows NT 10.0; en-US) WindowsPowerShell/5.1.19041.6456','0:0:0:0:0:0:0:1','f93eed17-3ece-43c3-9e46-9bceed5bbca5-3a21c875-3cc2-44e0-976c-4fce3112de29','2026-05-16 08:16:05.675612',NULL,'SUCCESS',4),(215,'Mozilla/5.0 (Windows NT; Windows NT 10.0; en-US) WindowsPowerShell/5.1.19041.6456','0:0:0:0:0:0:0:1','25ef71b2-c5f4-4a78-bec4-301dc0acb006-44806e51-6311-4c89-99b8-971d4fe48316','2026-05-16 08:17:22.011245',NULL,'SUCCESS',3),(216,'Mozilla/5.0 (Windows NT; Windows NT 10.0; en-US) WindowsPowerShell/5.1.19041.6456','0:0:0:0:0:0:0:1','862bf8f6-68c3-475c-84c5-b1a9574696a1-88a771f2-2412-4647-b31a-ffafaf5adc45','2026-05-16 08:17:22.474115',NULL,'SUCCESS',7),(217,'Mozilla/5.0 (Windows NT; Windows NT 10.0; en-US) WindowsPowerShell/5.1.19041.6456','0:0:0:0:0:0:0:1','ddcfac09-111f-4022-8c22-8e59fce26acb-7677580f-9632-4bbb-9ac5-59aac686b0e3','2026-05-16 08:17:23.274560',NULL,'SUCCESS',5),(218,'Mozilla/5.0 (Windows NT; Windows NT 10.0; en-US) WindowsPowerShell/5.1.19041.6456','0:0:0:0:0:0:0:1','5e3b339f-8366-4a1c-90c2-0e2103f19464-791e2ecd-5e06-48e7-b558-e499800fd8a0','2026-05-16 08:18:25.337108',NULL,'SUCCESS',3),(219,'Mozilla/5.0 (Windows NT; Windows NT 10.0; en-US) WindowsPowerShell/5.1.19041.6456','0:0:0:0:0:0:0:1','0a3e0f6d-d362-4f62-bfdc-91d92d4b3051-7fbc4cf8-0061-4410-9a04-241b10a7ca30','2026-05-16 08:18:26.269110',NULL,'SUCCESS',7),(220,'Mozilla/5.0 (Windows NT; Windows NT 10.0; en-US) WindowsPowerShell/5.1.19041.6456','0:0:0:0:0:0:0:1','42fd3d30-0261-425d-95d6-df6127427202-4d38acaa-a7c6-4d29-b966-6b55069ddfcc','2026-05-16 08:18:27.096111',NULL,'SUCCESS',5),(226,'Mozilla/5.0 (Windows NT 10.0; Win64; x64) AppleWebKit/537.36 (KHTML, like Gecko) Chrome/148.0.0.0 Safari/537.36','0:0:0:0:0:0:0:1','d45ec3b5-2c46-4ffc-a058-ddf091c7a39f-82b8802a-e4cd-4889-b01a-da14cf67da10','2026-05-16 09:22:59.100910','2026-05-16 09:48:35.165202','LOGOUT',3),(227,'Mozilla/5.0 (Windows NT 10.0; Win64; x64) AppleWebKit/537.36 (KHTML, like Gecko) Chrome/148.0.0.0 Safari/537.36','0:0:0:0:0:0:0:1','2e5ad9f7-7160-4997-a7c6-19591373f59a-e8508e83-91f8-430d-8652-c9d0850e7744','2026-05-16 09:50:51.250474','2026-05-16 10:04:08.579887','LOGOUT',3),(228,'Mozilla/5.0 (Windows NT 10.0; Win64; x64) AppleWebKit/537.36 (KHTML, like Gecko) Chrome/148.0.0.0 Safari/537.36','0:0:0:0:0:0:0:1','6a04db48-a86a-46a9-897b-d91ff424e31f-79c699df-7fe9-4b03-a8b3-2457dbb15a41','2026-05-16 10:05:36.839090',NULL,'SUCCESS',3),(229,'Mozilla/5.0 (Windows NT 10.0; Win64; x64) AppleWebKit/537.36 (KHTML, like Gecko) Chrome/148.0.0.0 Safari/537.36','0:0:0:0:0:0:0:1','9a4a233a-18e8-44ad-8503-060c8c981340-3a8254ce-c40d-4e2e-9645-4cdb852dc243','2026-05-16 20:55:35.772640',NULL,'SUCCESS',3),(231,'Mozilla/5.0 (Windows NT 10.0; Win64; x64) AppleWebKit/537.36 (KHTML, like Gecko) Chrome/148.0.0.0 Safari/537.36','0:0:0:0:0:0:0:1','e3c65146-6e93-40ab-9f23-de37fc44451d-366b4793-12f5-4fef-a252-e53b946b3eef','2026-05-17 08:58:46.401153',NULL,'SUCCESS',3),(232,'Mozilla/5.0 (Windows NT 10.0; Win64; x64) AppleWebKit/537.36 (KHTML, like Gecko) Chrome/148.0.0.0 Safari/537.36','0:0:0:0:0:0:0:1','f53355de-5b97-4a6a-b4fe-6c33fce23e00-74866b6d-f66a-489b-a69d-c6f1ed1b3751','2026-05-17 23:38:07.614768',NULL,'SUCCESS',3),(233,'Mozilla/5.0 (Windows NT 10.0; Win64; x64) AppleWebKit/537.36 (KHTML, like Gecko) Chrome/148.0.0.0 Safari/537.36','0:0:0:0:0:0:0:1','1f17c3e7-f624-4964-8449-06c56adf5c16-40629e9b-ffd4-4b26-a844-d31130c8b836','2026-05-18 07:57:48.009684',NULL,'SUCCESS',3);
/*!40000 ALTER TABLE `user_session` ENABLE KEYS */;
UNLOCK TABLES;

--
-- Table structure for table `users`
--

DROP TABLE IF EXISTS `users`;
/*!40101 SET @saved_cs_client     = @@character_set_client */;
/*!50503 SET character_set_client = utf8mb4 */;
CREATE TABLE `users` (
  `id` bigint NOT NULL AUTO_INCREMENT,
  `created_at` datetime(6) NOT NULL,
  `email` varchar(150) DEFAULT NULL,
  `failed_login_count` int DEFAULT NULL,
  `full_name` varchar(150) DEFAULT NULL,
  `last_login_at` datetime(6) DEFAULT NULL,
  `locked_at` datetime(6) DEFAULT NULL,
  `mobile` varchar(30) DEFAULT NULL,
  `password_changed_at` datetime(6) DEFAULT NULL,
  `password_hash` varchar(255) DEFAULT NULL,
  `status` enum('ACTIVE','INACTIVE','LOCKED') NOT NULL,
  `updated_at` datetime(6) DEFAULT NULL,
  `user_type` enum('CUSTOMER','STAFF') NOT NULL,
  `username` varchar(100) DEFAULT NULL,
  `role_id` bigint DEFAULT NULL,
  `branch_id` bigint DEFAULT NULL,
  `must_change_password` bit(1) NOT NULL,
  `email_verified` bit(1) NOT NULL,
  `mobile_verified` bit(1) NOT NULL,
  `is_active` bit(1) NOT NULL,
  `created_by` varchar(120) DEFAULT NULL,
  `designation` varchar(120) DEFAULT NULL,
  `employee_no` varchar(60) DEFAULT NULL,
  `is_locked` bit(1) NOT NULL,
  `updated_by` varchar(120) DEFAULT NULL,
  `user_code` varchar(40) DEFAULT NULL,
  `profile_image_name` varchar(180) DEFAULT NULL,
  PRIMARY KEY (`id`),
  UNIQUE KEY `UKr43af9ap4edm43mmtq01oddj6` (`username`),
  UNIQUE KEY `idx_users_username` (`username`),
  UNIQUE KEY `UK6dotkott2kjsp8vw4d0m25fb7` (`email`),
  UNIQUE KEY `UK63cf888pmqtt5tipcne79xsbm` (`mobile`),
  KEY `fk_users_role` (`role_id`),
  CONSTRAINT `fk_users_role` FOREIGN KEY (`role_id`) REFERENCES `roles` (`id`)
) ENGINE=InnoDB AUTO_INCREMENT=59 DEFAULT CHARSET=utf8mb4 COLLATE=utf8mb4_0900_ai_ci;
/*!40101 SET character_set_client = @saved_cs_client */;

--
-- Dumping data for table `users`
--

LOCK TABLES `users` WRITE;
/*!40000 ALTER TABLE `users` DISABLE KEYS */;
INSERT INTO `users` VALUES (1,'2026-04-13 14:55:54.131397','erterw',0,'erte','2026-05-07 09:12:59.000000',NULL,'ewrtewrt','2026-05-08 09:47:11.000000','6cf0ea55e5fd5e692e007b16339a83f4319370cdb8b6193c1630820119cbba50','ACTIVE','2026-04-13 14:55:54.131397','STAFF','retwer',4,1,_binary '\0',_binary '\0',_binary '\0',_binary '','MODULE_2_SEED','Seeded User','EMP-0001',_binary '\0','MODULE_2_SEED','USR-00001',NULL),(2,'2026-04-13 14:58:12.007905','asfasfasf',0,'asdfasd','2026-05-06 09:12:59.000000',NULL,'fasdfasdf','2026-05-08 09:47:11.000000','6cf0ea55e5fd5e692e007b16339a83f4319370cdb8b6193c1630820119cbba50','ACTIVE','2026-04-13 14:58:12.007905','STAFF','fasf',3,2,_binary '\0',_binary '\0',_binary '\0',_binary '','MODULE_2_SEED','Seeded User','EMP-0002',_binary '\0','MODULE_2_SEED','USR-00002',NULL),(3,'2026-04-13 15:26:57.308483','masud.jee68@gmail.com',0,'Md. Masud Rana','2026-05-18 07:57:48.008682',NULL,'01575634380','2026-05-16 09:16:23.056067','$2a$10$sX4cc3VUr7T5tAyJAknCw.RCJz5ovANYe.9WlxmR2meRou4uwRM/C','ACTIVE','2026-05-18 07:57:48.122684','STAFF','admin01',1,1,_binary '\0',_binary '',_binary '',_binary '','MODULE_2_SEED','Seeded User','EMP-0003',_binary '\0','admin01','USR-00003','ac6e8a7e-288e-4ef7-afa7-7a40b99d24c9.jpg'),(4,'2026-05-08 08:59:44.000000','masud.jee68+branch.manager01@gmail.com',0,'Dhaka Branch Manager','2026-05-16 08:16:05.675612',NULL,'01710000004','2026-05-16 09:16:23.556067','$2a$10$feUjLRmoE9O3fgDWN5PWI.GBngk6deAl2dVMwkqDnBhdBUbrmfbJK','ACTIVE','2026-05-16 09:16:23.590066','STAFF','branch.manager01',2,1,_binary '\0',_binary '',_binary '',_binary '','MODULE_2_SEED','Branch Manager','EMP-0004',_binary '\0','branch.manager01','USR-00004',NULL),(5,'2026-05-08 08:59:44.000000','masud.jee68+ops.officer01@gmail.com',0,'Operations Officer One','2026-05-16 08:18:27.096111',NULL,'01710000005','2026-05-16 09:16:24.039068','$2a$10$qwZi.9YFxLckCH0/vnF4/.hhzTds0IhuBOr.7qWkQ52ZwJqUQCc1u','ACTIVE','2026-05-16 09:16:24.064070','STAFF','ops.officer01',4,1,_binary '\0',_binary '',_binary '',_binary '','MODULE_2_SEED','Operations Officer','EMP-0005',_binary '\0','ops.officer01','USR-00005',NULL),(6,'2026-05-08 08:59:44.000000','masud.jee68+customer.seed01@gmail.com',0,'Retail Customer One','2026-05-16 08:09:50.351369',NULL,'01710000006','2026-05-16 09:16:25.440067','$2a$10$n.adavdQt0U4t.qiGSyTouu03NLEL5aqkvuADMLRoF6Opaz5mwcFa','ACTIVE','2026-05-16 09:16:25.470068','CUSTOMER','customer.seed01',5,NULL,_binary '\0',_binary '',_binary '',_binary '','MODULE_2_SEED','Retail Customer','CUS-0006',_binary '\0','customer.seed01','USR-00006',NULL),(7,'2026-05-08 08:59:44.000000','masud.jee68+investment.officer01@gmail.com',0,'Investment Officer One','2026-05-16 08:18:26.268108',NULL,'01710000007','2026-05-16 09:16:24.477067','$2a$10$Oi.rhj4Ir5byYAebjRpZk.c8P4tRvHltYP2KRtnvAT35rEkP./W8e','ACTIVE','2026-05-16 09:16:24.504067','STAFF','investment.officer01',6,3,_binary '\0',_binary '',_binary '',_binary '','MODULE_2_SEED','Investment Officer','EMP-0007',_binary '\0','investment.officer01','USR-00007',NULL),(8,'2026-05-08 08:59:44.000000','masud.jee68+shariah.board01@gmail.com',0,'Shariah Board Member One','2026-05-16 08:09:49.832795',NULL,'01710000008','2026-05-16 09:16:24.964076','$2a$10$WhQJ2tNkLb7P4P/iEVwXau9.OISoSuW4QlR8MZpU.CmBsOeNNTLfW','ACTIVE','2026-05-16 09:16:25.009068','STAFF','shariah.board01',7,3,_binary '\0',_binary '',_binary '',_binary '','MODULE_2_SEED','Shariah Board Member','EMP-0008',_binary '\0','shariah.board01','USR-00008',NULL),(9,'2026-05-08 08:59:44.000000','masud.jee68+u.audit.reviewer01@gmail.com',0,'Audit Reviewer One','2026-05-03 08:59:44.000000',NULL,'01710000009','2026-05-08 09:47:11.000000','6cf0ea55e5fd5e692e007b16339a83f4319370cdb8b6193c1630820119cbba50','ACTIVE','2026-05-13 06:12:39.391472','STAFF','audit.reviewer01',1,4,_binary '\0',_binary '',_binary '',_binary '','MODULE_2_SEED','Audit Reviewer','EMP-0009',_binary '\0','Admin01','USR-00009','94a43d90-56ae-4bc3-9fc4-206a50898ed8.jpg'),(10,'2026-05-08 08:59:44.000000','masud.jee68+u.compliance.analyst01@gmail.com',0,'Compliance Analyst One','2026-05-02 08:59:44.000000',NULL,'01710000010','2026-05-08 09:47:11.000000','6cf0ea55e5fd5e692e007b16339a83f4319370cdb8b6193c1630820119cbba50','ACTIVE','2026-05-08 08:59:44.000000','STAFF','compliance.analyst01',4,4,_binary '\0',_binary '',_binary '',_binary '','MODULE_2_SEED','Compliance Analyst','EMP-0010',_binary '\0','MODULE_2_SEED','USR-00010',NULL),(11,'2026-05-08 08:59:44.000000','masud.jee68+u.cso.seed01@gmail.com',0,'Customer Service Officer One','2026-05-01 08:59:44.000000',NULL,'01710000011','2026-05-08 09:47:11.000000','6cf0ea55e5fd5e692e007b16339a83f4319370cdb8b6193c1630820119cbba50','ACTIVE','2026-05-08 08:59:44.000000','STAFF','cso.seed01',4,5,_binary '\0',_binary '',_binary '',_binary '','MODULE_2_SEED','Customer Service Officer','EMP-0011',_binary '\0','MODULE_2_SEED','USR-00011',NULL),(12,'2026-05-08 08:59:44.000000','masud.jee68+u.kyc.reviewer01@gmail.com',0,'KYC Reviewer One','2026-04-30 08:59:44.000000',NULL,'01710000012','2026-05-08 09:47:11.000000','6cf0ea55e5fd5e692e007b16339a83f4319370cdb8b6193c1630820119cbba50','ACTIVE','2026-05-08 08:59:44.000000','STAFF','kyc.reviewer01',4,5,_binary '\0',_binary '',_binary '',_binary '','MODULE_2_SEED','KYC Reviewer','EMP-0012',_binary '\0','MODULE_2_SEED','USR-00012',NULL),(13,'2026-05-08 08:59:44.000000','masud.jee68+u.acct.supervisor01@gmail.com',0,'Account Supervisor One','2026-04-29 08:59:44.000000',NULL,'01710000013','2026-05-08 09:47:11.000000','6cf0ea55e5fd5e692e007b16339a83f4319370cdb8b6193c1630820119cbba50','ACTIVE','2026-05-08 08:59:44.000000','STAFF','acct.supervisor01',4,6,_binary '\0',_binary '',_binary '',_binary '','MODULE_2_SEED','Account Supervisor','EMP-0013',_binary '\0','MODULE_2_SEED','USR-00013',NULL),(14,'2026-05-08 08:59:44.000000','masud.jee68+u.txn.supervisor01@gmail.com',4,'Transaction Supervisor One','2026-04-28 08:59:44.000000',NULL,'01710000014','2026-04-26 08:59:44.000000','b6bc7b58510319a151d168ba3d5aecb3ac0a9708d06dd930f37fbc89b6cdc697','LOCKED','2026-05-08 08:59:44.000000','STAFF','txn.supervisor01',3,6,_binary '\0',_binary '',_binary '',_binary '\0','MODULE_2_SEED','Transaction Supervisor','EMP-0014',_binary '','MODULE_2_SEED','USR-00014',NULL),(15,'2026-05-08 08:59:44.000000','masud.jee68+u.profit.officer01@gmail.com',0,'Profit Officer One','2026-04-27 08:59:44.000000',NULL,'01710000015','2026-05-08 09:47:11.000000','6cf0ea55e5fd5e692e007b16339a83f4319370cdb8b6193c1630820119cbba50','ACTIVE','2026-05-08 08:59:44.000000','STAFF','profit.officer01',6,7,_binary '\0',_binary '',_binary '',_binary '','MODULE_2_SEED','Profit Officer','EMP-0015',_binary '\0','MODULE_2_SEED','USR-00015',NULL),(16,'2026-05-08 08:59:44.000000','masud.jee68+u.card.ops01@gmail.com',0,'Card Operations Officer One','2026-04-26 08:59:44.000000',NULL,'01710000016','2026-05-08 09:47:11.000000','6cf0ea55e5fd5e692e007b16339a83f4319370cdb8b6193c1630820119cbba50','ACTIVE','2026-05-08 08:59:44.000000','STAFF','card.ops01',4,7,_binary '\0',_binary '',_binary '',_binary '','MODULE_2_SEED','Card Operations Officer','EMP-0016',_binary '\0','MODULE_2_SEED','USR-00016',NULL),(17,'2026-05-08 08:59:44.000000','almahmud448@gmail.com',0,'Abdullah Al Mahmud','2026-04-25 08:59:44.000000',NULL,'01575500755','2026-05-08 09:47:11.000000','6cf0ea55e5fd5e692e007b16339a83f4319370cdb8b6193c1630820119cbba50','ACTIVE','2026-05-14 19:41:49.994883','STAFF','statement.desk01',4,8,_binary '\0',_binary '',_binary '',_binary '','MODULE_2_SEED','Statement Desk Officer','EMP-0017',_binary '\0','Admin01','USR-00017','e87e8cb4-57d6-4295-916c-f29f3aee3c7c.jpg'),(18,'2026-05-08 08:59:44.000000','masud.jee68+u.deposit.scheme01@gmail.com',0,'Deposit Scheme Officer One','2026-04-24 08:59:44.000000',NULL,'01710000018','2026-05-08 09:47:11.000000','6cf0ea55e5fd5e692e007b16339a83f4319370cdb8b6193c1630820119cbba50','ACTIVE','2026-05-08 08:59:44.000000','STAFF','deposit.scheme01',6,8,_binary '\0',_binary '',_binary '',_binary '','MODULE_2_SEED','Deposit Scheme Officer','EMP-0018',_binary '\0','MODULE_2_SEED','USR-00018',NULL),(19,'2026-05-08 08:59:44.000000','abdulmannanmahadi@gmail.com',0,'Mehedi Hassan','2026-04-23 08:59:44.000000',NULL,'01972526763','2026-05-08 09:47:11.000000','6cf0ea55e5fd5e692e007b16339a83f4319370cdb8b6193c1630820119cbba50','ACTIVE','2026-05-14 19:22:01.778757','STAFF','contract.review01',6,9,_binary '\0',_binary '',_binary '',_binary '','MODULE_2_SEED','Contract Reviewer','EMP-0019',_binary '\0','Admin01','USR-00019','a9e4b6be-337d-4d71-8472-0dfba510d83b.jpg'),(20,'2026-05-08 08:59:44.000000','masud.jee68+u.notify.admin01@gmail.com',0,'Notification Admin One','2026-04-22 08:59:44.000000',NULL,'01710000020','2026-04-18 08:59:44.000000','b6bc7b58510319a151d168ba3d5aecb3ac0a9708d06dd930f37fbc89b6cdc697','ACTIVE','2026-05-15 19:50:27.376570','STAFF','notify.admin01',1,10,_binary '\0',_binary '',_binary '',_binary '','MODULE_2_SEED','Notification Administrator','EMP-0020',_binary '\0','Admin01','USR-00020',NULL),(35,'2026-05-16 01:19:00.552875','masud.jee68+u.branch.staff.011900@gmail.com',0,'Smoke Branch Staff',NULL,NULL,'0171011900',NULL,'$2a$10$ANBqIukFnV9i.Im3cWpzyO1MykWJQ1Kvqjx8PFupLkRSrK1iW2K06','ACTIVE','2026-05-16 01:19:00.552875','STAFF','branch.staff.011900',25,1,_binary '',_binary '\0',_binary '\0',_binary '','Admin01','Branch Staff','BS-011900',_binary '\0','Admin01','USR-00021',NULL),(36,'2026-05-16 01:19:00.980882','masud.jee68+u.teller.011900@gmail.com',0,'Smoke Teller',NULL,NULL,'0181011900',NULL,'$2a$10$AaOv3Oz136UEjVtyygkAEee1gzF5EHOEPYu628B53ikuhUOH8GBam','ACTIVE','2026-05-16 01:19:00.980882','STAFF','teller.011900',3,1,_binary '',_binary '\0',_binary '\0',_binary '','Admin01','Teller','TL-011900',_binary '\0','Admin01','USR-00022',NULL),(37,'2026-05-16 01:24:23.481089','masud.jee68+u.branch.staff.012423@gmail.com',0,'Smoke Branch Staff','2026-05-16 01:24:24.662097',NULL,'0171012423',NULL,'$2a$10$aLEiaGwqUoxaca1.n4MMqejOvACVDnler5Bp/FJ7dZDyW6gE5Rqo.','ACTIVE','2026-05-16 01:24:24.671099','STAFF','branch.staff.012423',25,1,_binary '',_binary '\0',_binary '\0',_binary '','Admin01','Branch Staff','BS-012423',_binary '\0','branch.staff.012423','USR-00023',NULL),(38,'2026-05-16 01:24:24.072099','masud.jee68+u.teller.012423@gmail.com',0,'Smoke Teller','2026-05-16 01:24:24.866098',NULL,'0181012423',NULL,'$2a$10$uEETr7CjHKXRw1MKS.noieEk6jzP32wxnmuaC2Hji/tRp7MdptCtG','ACTIVE','2026-05-16 01:24:24.874097','STAFF','teller.012423',3,1,_binary '',_binary '\0',_binary '\0',_binary '','Admin01','Teller','TL-012423',_binary '\0','teller.012423','USR-00024',NULL),(39,'2026-05-16 01:28:01.680704','masud.jee68+u.branch.staff.012801@gmail.com',0,'Smoke Branch Staff','2026-05-16 01:28:02.708815',NULL,'0171012801',NULL,'$2a$10$Vh6BDqnme29Yc.jLVMUZmeEh8ilRF5UxGTOr2CKjY.bh2Q.uQ3qQa','ACTIVE','2026-05-16 01:28:02.715817','STAFF','branch.staff.012801',25,1,_binary '',_binary '\0',_binary '\0',_binary '','Admin01','Branch Staff','BS-012801',_binary '\0','branch.staff.012801','USR-00025',NULL),(40,'2026-05-16 01:28:02.167441','masud.jee68+u.teller.012801@gmail.com',0,'Smoke Teller','2026-05-16 01:28:02.923815',NULL,'0181012801',NULL,'$2a$10$xNym8BvYyXTFgqEHXeMMRO9jvKIFaoCVNWbliQCOPIgWTnj02WGXi','ACTIVE','2026-05-16 01:28:02.930816','STAFF','teller.012801',3,1,_binary '',_binary '\0',_binary '\0',_binary '','Admin01','Teller','TL-012801',_binary '\0','teller.012801','USR-00026',NULL),(41,'2026-05-16 01:29:03.057512','masud.jee68+u.branch.staff.012902@gmail.com',0,'Smoke Branch Staff','2026-05-16 01:29:04.294786',NULL,'0171012902',NULL,'$2a$10$kkt.WLcFwlFjHSBNHqpfpOl8RQd0arTanzus8JaDq1d18AgAvrLhG','ACTIVE','2026-05-16 01:29:04.300781','STAFF','branch.staff.012902',25,1,_binary '',_binary '\0',_binary '\0',_binary '','Admin01','Branch Staff','BS-012902',_binary '\0','branch.staff.012902','USR-00027',NULL),(42,'2026-05-16 01:29:03.648501','masud.jee68+u.teller.012902@gmail.com',0,'Smoke Teller','2026-05-16 01:29:04.491785',NULL,'0181012902',NULL,'$2a$10$u2ksCGe/MkBERnEGge.youhO7/LT9w15wIqLI2yGdovs9DCM3NT.e','ACTIVE','2026-05-16 01:29:04.498790','STAFF','teller.012902',3,1,_binary '',_binary '\0',_binary '\0',_binary '','Admin01','Teller','TL-012902',_binary '\0','teller.012902','USR-00028',NULL),(43,'2026-05-16 01:29:36.569754','masud.jee68+u.branch.staff.012936@gmail.com',0,'Smoke Branch Staff','2026-05-16 01:29:37.877761',NULL,'0171012936',NULL,'$2a$10$1hWkF2uJztG8b0QshxM6ReSTFabj11wUYhuEsL8Z5ikWM.eHD.19G','ACTIVE','2026-05-16 01:29:37.889761','STAFF','branch.staff.012936',25,1,_binary '',_binary '\0',_binary '\0',_binary '','Admin01','Branch Staff','BS-012936',_binary '\0','branch.staff.012936','USR-00029',NULL),(44,'2026-05-16 01:29:37.247761','masud.jee68+u.teller.012936@gmail.com',0,'Smoke Teller','2026-05-16 01:29:38.079766',NULL,'0181012936',NULL,'$2a$10$RAoJ9D9c75T3KThq907g0eCiWJgi/4zr1COZslzp.nJQQzHGdv7G6','ACTIVE','2026-05-16 01:29:38.085763','STAFF','teller.012936',3,1,_binary '',_binary '\0',_binary '\0',_binary '','Admin01','Teller','TL-012936',_binary '\0','teller.012936','USR-00030',NULL),(45,'2026-05-16 01:30:12.563264','masud.jee68+u.branch.staff.013012@gmail.com',0,'Smoke Branch Staff','2026-05-16 01:30:13.696277',NULL,'01701013012',NULL,'$2a$10$cWyFSvML0w1EyiliPkbMZeVXl1NgBA9AaspOt9a1fsNJ.9yxy8AKK','ACTIVE','2026-05-16 01:30:13.703272','STAFF','branch.staff.013012',25,1,_binary '',_binary '\0',_binary '\0',_binary '','Admin01','Branch Staff','BS-013012',_binary '\0','branch.staff.013012','USR-00031',NULL),(46,'2026-05-16 01:30:13.110267','masud.jee68+u.teller.013012@gmail.com',0,'Smoke Teller','2026-05-16 01:30:13.894272',NULL,'01801013012',NULL,'$2a$10$xE0Vo0ETqJqMJ/7IceBy7Osk1AToxf2q6u6Uw1Az2RGGjFpzJhE1G','ACTIVE','2026-05-16 01:30:13.900276','STAFF','teller.013012',3,1,_binary '',_binary '\0',_binary '\0',_binary '','Admin01','Teller','TL-013012',_binary '\0','teller.013012','USR-00032',NULL),(47,'2026-05-16 01:30:48.912704','masud.jee68+u.branch.staff.013048@gmail.com',0,'Smoke Branch Staff','2026-05-16 01:30:50.285706',NULL,'01701013048',NULL,'$2a$10$2sjkrNphdj/.sqPeGpwnAe5xduq7M/4cBgRckyZ2RGWvoz5UjdfGi','ACTIVE','2026-05-16 01:30:50.291705','STAFF','branch.staff.013048',25,1,_binary '',_binary '\0',_binary '\0',_binary '','Admin01','Branch Staff','BS-013048',_binary '\0','branch.staff.013048','USR-00033',NULL),(48,'2026-05-16 01:30:49.749697','masud.jee68+u.teller.013048@gmail.com',0,'Smoke Teller','2026-05-16 01:30:50.482704',NULL,'01801013048',NULL,'$2a$10$6LhnsvvDwUneMFgFZY7wOup1EoBz7sB7lC702NKz6GiqVk9QcwMMK','ACTIVE','2026-05-16 01:30:50.488702','STAFF','teller.013048',3,1,_binary '',_binary '\0',_binary '\0',_binary '','Admin01','Teller','TL-013048',_binary '\0','teller.013048','USR-00034',NULL),(49,'2026-05-16 01:31:22.624341','masud.jee68+u.branch.staff.013122@gmail.com',0,'Smoke Branch Staff','2026-05-16 01:31:24.659342',NULL,'01701013122',NULL,'$2a$10$nrnGaZDXZJhdX4Gp0DYIQ.oBCOZ0AGzkqtUcIzAsv4W/O6mk.Qepa','ACTIVE','2026-05-16 01:31:24.664337','STAFF','branch.staff.013122',25,1,_binary '',_binary '\0',_binary '\0',_binary '','Admin01','Branch Staff','BS-013122',_binary '\0','branch.staff.013122','USR-00035',NULL),(50,'2026-05-16 01:31:23.742342','masud.jee68+u.teller.013122@gmail.com',0,'Smoke Teller','2026-05-16 01:31:24.880338',NULL,'01801013122',NULL,'$2a$10$l1XepHIW0BrxOT0UUlYMz.RTgBelD.hk5fS2KxS1E5AnJrwyRJy4e','ACTIVE','2026-05-16 01:31:24.887345','STAFF','teller.013122',3,1,_binary '',_binary '\0',_binary '\0',_binary '','Admin01','Teller','TL-013122',_binary '\0','teller.013122','USR-00036',NULL),(51,'2026-05-16 01:32:44.547751','masud.jee68+u.branch.staff.013244@gmail.com',0,'Smoke Branch Staff','2026-05-16 01:32:45.412763',NULL,'01701013244',NULL,'$2a$10$gA8HjAKTiLX3sZEWzavR5OWiDfaURaPNhOZDtryFEqvU94UAqL5ay','ACTIVE','2026-05-16 01:32:45.423761','STAFF','branch.staff.013244',25,1,_binary '',_binary '\0',_binary '\0',_binary '','Admin01','Branch Staff','BS-013244',_binary '\0','branch.staff.013244','USR-00037',NULL),(52,'2026-05-16 01:32:45.045753','masud.jee68+u.teller.013244@gmail.com',0,'Smoke Teller','2026-05-16 01:32:45.602643',NULL,'01801013244',NULL,'$2a$10$3IYUXAKbQukJ3Ys9dWc0Pe6ZgwsZ4FMXMgpGKGtxHWuGatT6g8sPi','ACTIVE','2026-05-16 01:32:45.607642','STAFF','teller.013244',3,1,_binary '',_binary '\0',_binary '\0',_binary '','Admin01','Teller','TL-013244',_binary '\0','teller.013244','USR-00038',NULL),(53,'2026-05-16 01:36:29.490052','masud.jee68+u.branch.staff.013629@gmail.com',0,'Smoke Branch Staff','2026-05-16 01:36:30.177061',NULL,'01701013629',NULL,'$2a$10$283l.j6h8qMlErsNE.lMtOGX..OP8hRRaN4D/TXyAvzTbBaLHHogC','ACTIVE','2026-05-16 01:36:30.188067','STAFF','branch.staff.013629',25,1,_binary '',_binary '\0',_binary '\0',_binary '','Admin01','Branch Staff','BS-013629',_binary '\0','branch.staff.013629','USR-00039',NULL),(54,'2026-05-16 01:36:29.800062','masud.jee68+u.teller.013629@gmail.com',0,'Smoke Teller','2026-05-16 01:36:30.413061',NULL,'01801013629',NULL,'$2a$10$fTXbRzRjpWH0x0FYv7kGtOp26Bas7wyfzRQd8PpXdxafk2o9kgbqi','ACTIVE','2026-05-16 01:36:30.427060','STAFF','teller.013629',3,1,_binary '',_binary '\0',_binary '\0',_binary '','Admin01','Teller','TL-013629',_binary '\0','teller.013629','USR-00040',NULL),(55,'2026-05-16 08:07:10.957814','masud.jee68+u.branch.staff.080710@gmail.com',0,'Smoke Branch Staff','2026-05-16 08:07:11.822821',NULL,'01701080710',NULL,'$2a$10$JypwdLDQKOkzuyQWdmIJGeFnxWx6Gz63.6Xxvv.SInAWpwJTzYyFG','ACTIVE','2026-05-16 08:07:11.827817','STAFF','branch.staff.080710',25,1,_binary '',_binary '\0',_binary '\0',_binary '','Admin01','Branch Staff','BS-080710',_binary '\0','branch.staff.080710','USR-00041',NULL),(56,'2026-05-16 08:07:11.377812','masud.jee68+u.teller.080710@gmail.com',0,'Smoke Teller','2026-05-16 08:07:12.036821',NULL,'01801080710',NULL,'$2a$10$SFzlc/xdGW2HTY5jMK4YHu6XjZ84G/RNbX054IN5/EgsZZPcBVxvm','ACTIVE','2026-05-16 08:07:12.044820','STAFF','teller.080710',3,1,_binary '',_binary '\0',_binary '\0',_binary '','Admin01','Teller','TL-080710',_binary '\0','teller.080710','USR-00042',NULL),(57,'2026-05-16 08:09:51.307367','masud.jee68+u.branch.staff.080951@gmail.com',0,'Smoke Branch Staff','2026-05-16 08:09:52.340367',NULL,'01701080951',NULL,'$2a$10$fwxxYMWqTl3U094OO3//BO2LacfcoGlNn2UnS65cX4QEnzfeuVEhW','ACTIVE','2026-05-16 08:09:52.349375','STAFF','branch.staff.080951',25,1,_binary '',_binary '\0',_binary '\0',_binary '','Admin01','Branch Staff','BS-080951',_binary '\0','branch.staff.080951','USR-00043',NULL),(58,'2026-05-16 08:09:51.984366','masud.jee68+u.teller.080951@gmail.com',0,'Smoke Teller','2026-05-16 08:09:52.554417',NULL,'01801080951',NULL,'$2a$10$zSAtK9IJPUH97NynfxuS9uDty1RVlogMXJo6AeJd0KAGY72fagsRu','ACTIVE','2026-05-16 08:09:52.563425','STAFF','teller.080951',3,1,_binary '',_binary '\0',_binary '\0',_binary '','Admin01','Teller','TL-080951',_binary '\0','teller.080951','USR-00044',NULL);
/*!40000 ALTER TABLE `users` ENABLE KEYS */;
UNLOCK TABLES;

--
-- Table structure for table `vault_balance`
--

DROP TABLE IF EXISTS `vault_balance`;
/*!40101 SET @saved_cs_client     = @@character_set_client */;
/*!50503 SET character_set_client = utf8mb4 */;
CREATE TABLE `vault_balance` (
  `id` bigint NOT NULL AUTO_INCREMENT,
  `balance_date` date NOT NULL,
  `branch_id` bigint NOT NULL,
  `closing_balance` decimal(18,2) NOT NULL DEFAULT '0.00',
  `created_at` datetime(6) NOT NULL,
  `is_closed` tinyint(1) NOT NULL DEFAULT '0',
  `opening_balance` decimal(18,2) NOT NULL DEFAULT '0.00',
  `closed_at` datetime(6) DEFAULT NULL,
  `closed_by` bigint DEFAULT NULL,
  `remarks` varchar(500) DEFAULT NULL,
  `status` varchar(30) DEFAULT 'ACTIVE',
  `total_cash_in` decimal(18,2) NOT NULL DEFAULT '0.00',
  `total_cash_out` decimal(18,2) NOT NULL DEFAULT '0.00',
  PRIMARY KEY (`id`),
  UNIQUE KEY `uk_vault_balance_branch_date` (`branch_id`,`balance_date`),
  UNIQUE KEY `uk_vault_branch_date` (`branch_id`,`balance_date`)
) ENGINE=InnoDB AUTO_INCREMENT=16 DEFAULT CHARSET=utf8mb4 COLLATE=utf8mb4_0900_ai_ci;
/*!40101 SET character_set_client = @saved_cs_client */;

--
-- Dumping data for table `vault_balance`
--

LOCK TABLES `vault_balance` WRITE;
/*!40000 ALTER TABLE `vault_balance` DISABLE KEYS */;
INSERT INTO `vault_balance` VALUES (1,'2026-04-19',1,100000.00,'2026-04-19 05:59:30.057095',0,100000.00,NULL,NULL,NULL,NULL,0.00,0.00),(2,'2026-04-26',1,500000.00,'2026-04-26 06:46:45.758298',0,500000.00,NULL,NULL,'Opening vault - Dhaka Main','ACTIVE',0.00,0.00),(3,'2026-04-26',2,350000.00,'2026-04-26 06:46:58.005322',0,350000.00,NULL,NULL,'Opening vault - Chattogram','ACTIVE',0.00,0.00),(4,'2026-04-26',3,420000.00,'2026-04-26 06:47:11.618331',0,420000.00,NULL,NULL,'Opening vault - Sylhet','ACTIVE',0.00,0.00),(5,'2026-04-27',1,520000.00,'2026-04-26 06:47:22.648327',0,520000.00,NULL,NULL,'Next day opening','ACTIVE',0.00,0.00),(6,'2026-04-27',2,370000.00,'2026-04-26 06:47:33.208325',0,370000.00,NULL,NULL,'Next day opening','ACTIVE',0.00,0.00),(7,'2026-04-27',3,410000.00,'2026-04-26 06:47:43.447380',0,410000.00,NULL,NULL,'Daily vault setup','ACTIVE',0.00,0.00),(8,'2026-04-26',4,600000.00,'2026-04-26 06:47:54.874327',0,600000.00,NULL,NULL,'Corporate branch vault','ACTIVE',0.00,0.00),(9,'2026-04-26',5,280000.00,'2026-04-26 06:48:03.903187',0,280000.00,NULL,NULL,'Industrial branch vault','ACTIVE',0.00,0.00),(10,'2026-04-27',4,610000.00,'2026-04-26 06:48:11.415360',0,610000.00,NULL,NULL,'Corporate next day','ACTIVE',0.00,0.00),(11,'2026-04-27',5,300000.00,'2026-04-26 06:48:21.115426',0,300000.00,NULL,NULL,'Industrial next day','ACTIVE',0.00,0.00),(12,'2026-05-08',12,3730000.00,'2026-05-08 15:04:47.000000',1,3500000.00,'2026-05-08 15:04:47.000000',12,'Closed after standard EOD balancing','ACTIVE',650000.00,420000.00),(13,'2026-05-08',13,3080000.00,'2026-05-08 15:04:47.000000',1,2850000.00,'2026-05-08 15:04:47.000000',13,'Corporate branch vault closed after cash receipt consolidation','ACTIVE',480000.00,250000.00),(14,'2026-05-08',14,2685000.00,'2026-05-08 15:04:47.000000',0,2600000.00,NULL,NULL,'Vault remains open pending branch manager sign-off','ACTIVE',395000.00,310000.00),(15,'2026-05-08',15,4290000.00,'2026-05-08 15:04:47.000000',1,4150000.00,'2026-05-08 15:04:47.000000',15,'Branch closed vault after same-day remittance reconciliation','ACTIVE',720000.00,580000.00);
/*!40000 ALTER TABLE `vault_balance` ENABLE KEYS */;
UNLOCK TABLES;

--
-- Table structure for table `vault_transaction`
--

DROP TABLE IF EXISTS `vault_transaction`;
/*!40101 SET @saved_cs_client     = @@character_set_client */;
/*!50503 SET character_set_client = utf8mb4 */;
CREATE TABLE `vault_transaction` (
  `id` bigint NOT NULL AUTO_INCREMENT,
  `amount` decimal(18,2) NOT NULL,
  `branch_id` bigint NOT NULL,
  `created_at` datetime(6) NOT NULL,
  `reference_no` varchar(100) DEFAULT NULL,
  `remarks` varchar(255) DEFAULT NULL,
  `transaction_type` enum('DEPOSIT_IN','INTER_BRANCH_IN','INTER_BRANCH_OUT','WITHDRAWAL_OUT') NOT NULL,
  PRIMARY KEY (`id`)
) ENGINE=InnoDB DEFAULT CHARSET=utf8mb4 COLLATE=utf8mb4_0900_ai_ci;
/*!40101 SET character_set_client = @saved_cs_client */;

--
-- Dumping data for table `vault_transaction`
--

LOCK TABLES `vault_transaction` WRITE;
/*!40000 ALTER TABLE `vault_transaction` DISABLE KEYS */;
/*!40000 ALTER TABLE `vault_transaction` ENABLE KEYS */;
UNLOCK TABLES;

--
-- Table structure for table `verification_attempt_log`
--

DROP TABLE IF EXISTS `verification_attempt_log`;
/*!40101 SET @saved_cs_client     = @@character_set_client */;
/*!50503 SET character_set_client = utf8mb4 */;
CREATE TABLE `verification_attempt_log` (
  `id` bigint NOT NULL AUTO_INCREMENT,
  `attempt_status` varchar(40) NOT NULL,
  `attempt_type` varchar(40) NOT NULL,
  `attempt_value_masked` varchar(160) DEFAULT NULL,
  `created_at` datetime(6) NOT NULL,
  `created_by` varchar(120) DEFAULT NULL,
  `device_info` varchar(255) DEFAULT NULL,
  `ip_address` varchar(80) DEFAULT NULL,
  `remarks` varchar(1000) DEFAULT NULL,
  `request_id` bigint NOT NULL,
  PRIMARY KEY (`id`),
  KEY `FKmt9huo3fl5l6lcbjrhl3ggsu7` (`request_id`),
  CONSTRAINT `FKmt9huo3fl5l6lcbjrhl3ggsu7` FOREIGN KEY (`request_id`) REFERENCES `otp_verification_request` (`id`)
) ENGINE=InnoDB AUTO_INCREMENT=544 DEFAULT CHARSET=utf8mb4 COLLATE=utf8mb4_0900_ai_ci;
/*!40101 SET character_set_client = @saved_cs_client */;

--
-- Dumping data for table `verification_attempt_log`
--

LOCK TABLES `verification_attempt_log` WRITE;
/*!40000 ALTER TABLE `verification_attempt_log` DISABLE KEYS */;
INSERT INTO `verification_attempt_log` VALUES (1,'VERIFIED','VERIFY_OTP','m***d@gmail.com','2026-04-10 09:02:00.000000','SYSTEM','Verification Console','127.0.0.1','Customer email verified successfully.',1),(2,'VERIFIED','VERIFY_OTP','017****032','2026-04-10 09:11:00.000000','SYSTEM','Verification Console','127.0.0.1','Customer mobile verified successfully.',2),(3,'SENT','SEND_OTP','r***1@gmail.com','2026-04-10 09:20:00.000000','SYSTEM','Verification Console',NULL,'Pending customer email verification.',3),(4,'FAILED','VERIFY_OTP','017****002','2026-04-10 09:34:00.000000','SYSTEM','Verification Console','127.0.0.1','Request failed after repeated invalid OTP attempts.',4),(5,'SENT','SEND_OTP','m***d@gmail.com','2026-04-10 09:40:00.000000','SYSTEM','Forgot Password',NULL,'Password reset email OTP issued.',5),(6,'VERIFIED','RESET_PASSWORD','015****380','2026-04-10 09:53:00.000000','Admin01','Reset Password',NULL,'Password reset completed by OTP verification.',6),(7,'SENT','SEND_OTP','q***t.local','2026-04-10 10:00:00.000000','SYSTEM','Provider Test Console',NULL,'Provider test email sent.',7),(8,'EXPIRED','EXPIRE','a***n@gmail.com','2026-04-10 10:16:00.000000','SYSTEM','Verification Console',NULL,'Request expired before verification.',8),(9,'SENT','SEND_OTP','017****014','2026-04-10 10:20:00.000000','SYSTEM','Verification Console',NULL,'Pending high-priority mobile verification.',9),(10,'VERIFIED','VERIFY_OTP','n***a@gmail.com','2026-04-10 10:31:00.000000','SYSTEM','Customer Profile','127.0.0.1','Customer email verified from profile action.',10),(11,'VERIFIED','VERIFY_OTP','017****016','2026-04-10 10:41:00.000000','SYSTEM','Customer Profile','127.0.0.1','Customer mobile verified from profile action.',11),(12,'FAILED','MARK_FAILED','017****999','2026-04-10 10:54:00.000000','SYSTEM','Provider Test Console',NULL,'Provider test marked failed for audit.',12),(13,'EXPIRED','EXPIRE','m***d@gmail.com','2026-04-10 11:06:00.000000','SYSTEM','Forgot Password',NULL,'Password reset request expired.',13),(14,'SENT','SEND_OTP','f***a@gmail.com','2026-04-10 11:10:00.000000','SYSTEM','Verification Console',NULL,'Pending email verification before KYC progression.',14),(15,'SENT','SEND_OTP','017****018','2026-04-10 11:20:00.000000','SYSTEM','Verification Console',NULL,'Pending mobile verification before account opening.',15),(16,'FAILED','MARK_FAILED','017****018','2026-05-02 15:34:50.554027','SYSTEM',NULL,NULL,'Marked failed from admin console',15),(17,'FAILED','MARK_FAILED','017****018','2026-05-02 15:34:55.856449','SYSTEM',NULL,NULL,'Marked failed from admin console',15),(18,'SENT','SEND_OTP','m***8@gmail.com','2026-05-08 17:47:54.486224','SYSTEM',NULL,NULL,'OTP dispatched through local provider adapter',16),(19,'SENT','RESEND_OTP','m***8@gmail.com','2026-05-08 17:49:31.154907','SYSTEM',NULL,NULL,'Login OTP issued after credential validation',16),(20,'SENT','RESEND_OTP','m***8@gmail.com','2026-05-08 17:54:08.404532','SYSTEM',NULL,NULL,'Login OTP issued after credential validation',16),(21,'VERIFIED','LOGIN_OTP_VERIFY','m***8@gmail.com','2026-05-08 17:54:14.314975','AUTH_LOGIN','Mozilla/5.0 (Windows NT; Windows NT 10.0; en-US) WindowsPowerShell/5.1.19041.6456','0:0:0:0:0:0:0:1','Login OTP verified successfully',16),(22,'SENT','SEND_OTP','m***8@gmail.com','2026-05-08 17:56:47.619878','SYSTEM',NULL,NULL,'OTP dispatched through local provider adapter',17),(23,'SENT','RESEND_OTP','m***8@gmail.com','2026-05-08 17:57:15.012963','SYSTEM',NULL,NULL,'Login OTP issued after credential validation',17),(24,'SENT','RESEND_OTP','m***8@gmail.com','2026-05-08 17:57:18.786182','SYSTEM',NULL,NULL,'Login OTP issued after credential validation',17),(25,'SENT','RESEND_OTP','m***8@gmail.com','2026-05-08 17:59:49.672258','SYSTEM',NULL,NULL,'Login OTP issued after credential validation',17),(26,'SENT','SEND_OTP','m***8@gmail.com','2026-05-08 18:10:49.859217','SYSTEM',NULL,NULL,'OTP dispatched through local provider adapter',18),(27,'VERIFIED','LOGIN_OTP_VERIFY','m***8@gmail.com','2026-05-08 18:11:13.531222','AUTH_LOGIN','Mozilla/5.0 (Windows NT 10.0; Win64; x64) AppleWebKit/537.36 (KHTML, like Gecko) Chrome/147.0.0.0 Safari/537.36','0:0:0:0:0:0:0:1','Login OTP verified successfully',18),(28,'SENT','SEND_OTP','m***8@gmail.com','2026-05-08 23:49:21.310323','SYSTEM',NULL,NULL,'OTP dispatched through configured provider',19),(29,'SENT','SEND_OTP','m***8@gmail.com','2026-05-09 00:04:41.353961','SYSTEM',NULL,NULL,'OTP dispatched through configured provider',20),(30,'SENT','SEND_OTP','m***8@gmail.com','2026-05-09 00:16:24.650942','SYSTEM',NULL,NULL,'OTP dispatched through configured provider',21),(31,'SENT','RESEND_OTP','m***8@gmail.com','2026-05-09 00:18:56.030923','SYSTEM',NULL,NULL,'Login OTP issued after credential validation',21),(32,'VERIFIED','LOGIN_OTP_VERIFY','m***8@gmail.com','2026-05-09 00:19:36.768463','AUTH_LOGIN','Mozilla/5.0 (Windows NT 10.0; Win64; x64) AppleWebKit/537.36 (KHTML, like Gecko) Chrome/147.0.0.0 Safari/537.36','0:0:0:0:0:0:0:1','Login OTP verified successfully',21),(33,'SENT','SEND_OTP','m***8@gmail.com','2026-05-09 00:42:34.248118','SYSTEM',NULL,NULL,'OTP dispatched through configured provider',22),(34,'SENT','SEND_OTP','m***8@gmail.com','2026-05-09 00:42:38.429508','SYSTEM',NULL,NULL,'OTP dispatched through configured provider',23),(35,'SENT','SEND_OTP','m***8@gmail.com','2026-05-09 01:41:23.680850','SYSTEM',NULL,NULL,'OTP dispatched through configured provider',24),(36,'SENT','SEND_OTP','m***8@gmail.com','2026-05-09 13:27:46.242653','SYSTEM',NULL,NULL,'OTP dispatched through configured provider',25),(37,'VERIFIED','LOGIN_OTP_VERIFY','m***8@gmail.com','2026-05-09 13:28:34.845156','AUTH_LOGIN','Mozilla/5.0 (Windows NT 10.0; Win64; x64) AppleWebKit/537.36 (KHTML, like Gecko) Chrome/147.0.0.0 Safari/537.36','0:0:0:0:0:0:0:1','Login OTP verified successfully',25),(38,'SENT','SEND_OTP','m***8@gmail.com','2026-05-09 15:57:02.855802','SYSTEM',NULL,NULL,'OTP dispatched through configured provider',26),(39,'VERIFIED','LOGIN_OTP_VERIFY','m***8@gmail.com','2026-05-09 15:57:18.569028','AUTH_LOGIN','Mozilla/5.0 (Windows NT; Windows NT 10.0; en-US) WindowsPowerShell/5.1.19041.6456','0:0:0:0:0:0:0:1','Login OTP verified successfully',26),(40,'SENT','SEND_OTP','m***8@gmail.com','2026-05-09 16:00:23.306804','SYSTEM',NULL,NULL,'OTP dispatched through configured provider',27),(41,'VERIFIED','LOGIN_OTP_VERIFY','m***8@gmail.com','2026-05-09 16:00:23.551627','AUTH_LOGIN','Mozilla/5.0 (Windows NT; Windows NT 10.0; en-US) WindowsPowerShell/5.1.19041.6456','0:0:0:0:0:0:0:1','Login OTP verified successfully',27),(42,'SENT','SEND_OTP','m***8@gmail.com','2026-05-09 16:00:45.700775','SYSTEM',NULL,NULL,'OTP dispatched through configured provider',28),(43,'VERIFIED','LOGIN_OTP_VERIFY','m***8@gmail.com','2026-05-09 16:00:45.822028','AUTH_LOGIN','Mozilla/5.0 (Windows NT; Windows NT 10.0; en-US) WindowsPowerShell/5.1.19041.6456','0:0:0:0:0:0:0:1','Login OTP verified successfully',28),(44,'SENT','SEND_OTP','m***8@gmail.com','2026-05-13 06:06:44.190861','SYSTEM',NULL,NULL,'OTP dispatched through configured provider',29),(45,'VERIFIED','LOGIN_OTP_VERIFY','m***8@gmail.com','2026-05-13 06:07:13.953112','AUTH_LOGIN','Mozilla/5.0 (Windows NT 10.0; Win64; x64) AppleWebKit/537.36 (KHTML, like Gecko) Chrome/148.0.0.0 Safari/537.36','0:0:0:0:0:0:0:1','Login OTP verified successfully',29),(46,'SENT','SEND_OTP','m***8@gmail.com','2026-05-14 19:08:52.702013','SYSTEM',NULL,NULL,'OTP dispatched through configured provider',30),(47,'VERIFIED','LOGIN_OTP_VERIFY','m***8@gmail.com','2026-05-14 19:09:12.917074','AUTH_LOGIN','Mozilla/5.0 (Windows NT 10.0; Win64; x64) AppleWebKit/537.36 (KHTML, like Gecko) Chrome/148.0.0.0 Safari/537.36','0:0:0:0:0:0:0:1','Login OTP verified successfully',30),(48,'SENT','SEND_OTP','m***8@gmail.com','2026-05-14 19:13:35.510658','SYSTEM',NULL,NULL,'OTP dispatched through configured provider',31),(49,'VERIFIED','LOGIN_OTP_VERIFY','m***8@gmail.com','2026-05-14 19:13:54.466807','AUTH_LOGIN','Mozilla/5.0 (Windows NT 10.0; Win64; x64) AppleWebKit/537.36 (KHTML, like Gecko) Chrome/148.0.0.0 Safari/537.36','0:0:0:0:0:0:0:1','Login OTP verified successfully',31),(50,'SENT','SEND_OTP','m***8@gmail.com','2026-05-15 09:17:37.054548','SYSTEM',NULL,NULL,'OTP dispatched through configured provider',32),(51,'VERIFIED','LOGIN_OTP_VERIFY','m***8@gmail.com','2026-05-15 09:17:55.004200','AUTH_LOGIN','Mozilla/5.0 (Windows NT 10.0; Win64; x64) AppleWebKit/537.36 (KHTML, like Gecko) Chrome/148.0.0.0 Safari/537.36','0:0:0:0:0:0:0:1','Login OTP verified successfully',32),(52,'SENT','SEND_OTP','m***8@gmail.com','2026-05-15 13:57:29.404340','SYSTEM',NULL,NULL,'OTP dispatched through configured provider',33),(53,'VERIFIED','LOGIN_OTP_VERIFY','m***8@gmail.com','2026-05-15 13:57:44.898374','AUTH_LOGIN','Mozilla/5.0 (Windows NT 10.0; Win64; x64) AppleWebKit/537.36 (KHTML, like Gecko) Chrome/148.0.0.0 Safari/537.36','0:0:0:0:0:0:0:1','Login OTP verified successfully',33),(54,'SENT','SEND_OTP','m***8@gmail.com','2026-05-16 01:07:08.846558','SYSTEM',NULL,NULL,'OTP dispatched through configured provider',34),(55,'SENT','SEND_OTP','m***8@gmail.com','2026-05-16 01:10:39.736838','SYSTEM',NULL,NULL,'OTP dispatched through configured provider',35),(56,'VERIFIED','RESET_PASSWORD','m***8@gmail.com','2026-05-16 01:10:40.085833','Admin01',NULL,NULL,'Password reset completed',35),(57,'SENT','SEND_OTP','m***8@gmail.com','2026-05-16 01:10:40.518832','SYSTEM',NULL,NULL,'OTP dispatched through configured provider',36),(58,'VERIFIED','LOGIN_OTP_VERIFY','m***8@gmail.com','2026-05-16 01:10:40.567833','AUTH_LOGIN','Mozilla/5.0 (Windows NT; Windows NT 10.0; en-US) WindowsPowerShell/5.1.19041.6456','0:0:0:0:0:0:0:1','Login OTP verified successfully',36),(59,'SENT','SEND_OTP','b***1@sbms.local','2026-05-16 01:10:40.780837','SYSTEM',NULL,NULL,'OTP dispatched through configured provider',37),(60,'VERIFIED','RESET_PASSWORD','b***1@sbms.local','2026-05-16 01:10:40.979833','branch.manager01',NULL,NULL,'Password reset completed',37),(61,'SENT','SEND_OTP','b***1@sbms.local','2026-05-16 01:10:41.253838','SYSTEM',NULL,NULL,'OTP dispatched through configured provider',38),(62,'VERIFIED','LOGIN_OTP_VERIFY','b***1@sbms.local','2026-05-16 01:10:41.287832','AUTH_LOGIN','Mozilla/5.0 (Windows NT; Windows NT 10.0; en-US) WindowsPowerShell/5.1.19041.6456','0:0:0:0:0:0:0:1','Login OTP verified successfully',38),(63,'SENT','SEND_OTP','o***1@sbms.local','2026-05-16 01:10:41.379836','SYSTEM',NULL,NULL,'OTP dispatched through configured provider',39),(64,'VERIFIED','RESET_PASSWORD','o***1@sbms.local','2026-05-16 01:10:41.599834','ops.officer01',NULL,NULL,'Password reset completed',39),(65,'SENT','SEND_OTP','o***1@sbms.local','2026-05-16 01:10:41.849835','SYSTEM',NULL,NULL,'OTP dispatched through configured provider',40),(66,'VERIFIED','LOGIN_OTP_VERIFY','o***1@sbms.local','2026-05-16 01:10:41.877833','AUTH_LOGIN','Mozilla/5.0 (Windows NT; Windows NT 10.0; en-US) WindowsPowerShell/5.1.19041.6456','0:0:0:0:0:0:0:1','Login OTP verified successfully',40),(67,'SENT','SEND_OTP','i***1@sbms.local','2026-05-16 01:10:41.958838','SYSTEM',NULL,NULL,'OTP dispatched through configured provider',41),(68,'VERIFIED','RESET_PASSWORD','i***1@sbms.local','2026-05-16 01:10:42.197837','investment.officer01',NULL,NULL,'Password reset completed',41),(69,'SENT','SEND_OTP','i***1@sbms.local','2026-05-16 01:10:42.445833','SYSTEM',NULL,NULL,'OTP dispatched through configured provider',42),(70,'VERIFIED','LOGIN_OTP_VERIFY','i***1@sbms.local','2026-05-16 01:10:42.492836','AUTH_LOGIN','Mozilla/5.0 (Windows NT; Windows NT 10.0; en-US) WindowsPowerShell/5.1.19041.6456','0:0:0:0:0:0:0:1','Login OTP verified successfully',42),(71,'SENT','SEND_OTP','s***1@sbms.local','2026-05-16 01:10:42.667836','SYSTEM',NULL,NULL,'OTP dispatched through configured provider',43),(72,'VERIFIED','RESET_PASSWORD','s***1@sbms.local','2026-05-16 01:10:42.861830','shariah.board01',NULL,NULL,'Password reset completed',43),(73,'SENT','SEND_OTP','s***1@sbms.local','2026-05-16 01:10:43.148833','SYSTEM',NULL,NULL,'OTP dispatched through configured provider',44),(74,'VERIFIED','LOGIN_OTP_VERIFY','s***1@sbms.local','2026-05-16 01:10:43.186837','AUTH_LOGIN','Mozilla/5.0 (Windows NT; Windows NT 10.0; en-US) WindowsPowerShell/5.1.19041.6456','0:0:0:0:0:0:0:1','Login OTP verified successfully',44),(75,'SENT','SEND_OTP','c***1@sbms.local','2026-05-16 01:10:43.365839','SYSTEM',NULL,NULL,'OTP dispatched through configured provider',45),(76,'VERIFIED','RESET_PASSWORD','c***1@sbms.local','2026-05-16 01:10:43.579837','customer.seed01',NULL,NULL,'Password reset completed',45),(77,'SENT','SEND_OTP','c***1@sbms.local','2026-05-16 01:10:43.832833','SYSTEM',NULL,NULL,'OTP dispatched through configured provider',46),(78,'VERIFIED','LOGIN_OTP_VERIFY','c***1@sbms.local','2026-05-16 01:10:43.866832','AUTH_LOGIN','Mozilla/5.0 (Windows NT; Windows NT 10.0; en-US) WindowsPowerShell/5.1.19041.6456','0:0:0:0:0:0:0:1','Login OTP verified successfully',46),(79,'SENT','SEND_OTP','m***8@gmail.com','2026-05-16 01:18:08.704463','SYSTEM',NULL,NULL,'OTP dispatched through configured provider',47),(80,'SENT','SEND_OTP','b***1@sbms.local','2026-05-16 01:18:08.883467','SYSTEM',NULL,NULL,'OTP dispatched through configured provider',48),(81,'SENT','SEND_OTP','o***1@sbms.local','2026-05-16 01:18:09.001465','SYSTEM',NULL,NULL,'OTP dispatched through configured provider',49),(82,'SENT','SEND_OTP','i***1@sbms.local','2026-05-16 01:18:09.129469','SYSTEM',NULL,NULL,'OTP dispatched through configured provider',50),(83,'SENT','SEND_OTP','s***1@sbms.local','2026-05-16 01:18:09.226464','SYSTEM',NULL,NULL,'OTP dispatched through configured provider',51),(84,'SENT','SEND_OTP','c***1@sbms.local','2026-05-16 01:18:09.328463','SYSTEM',NULL,NULL,'OTP dispatched through configured provider',52),(85,'SENT','SEND_OTP','m***8@gmail.com','2026-05-16 01:18:26.129467','SYSTEM',NULL,NULL,'OTP dispatched through configured provider',53),(86,'SENT','SEND_OTP','m***8@gmail.com','2026-05-16 01:18:55.812971','SYSTEM',NULL,NULL,'OTP dispatched through configured provider',54),(87,'VERIFIED','RESET_PASSWORD','m***8@gmail.com','2026-05-16 01:18:56.097878','Admin01',NULL,NULL,'Password reset completed',54),(88,'SENT','SEND_OTP','m***8@gmail.com','2026-05-16 01:18:56.466883','SYSTEM',NULL,NULL,'OTP dispatched through configured provider',55),(89,'VERIFIED','LOGIN_OTP_VERIFY','m***8@gmail.com','2026-05-16 01:18:56.499881','AUTH_LOGIN','Mozilla/5.0 (Windows NT; Windows NT 10.0; en-US) WindowsPowerShell/5.1.19041.6456','0:0:0:0:0:0:0:1','Login OTP verified successfully',55),(90,'SENT','SEND_OTP','b***1@sbms.local','2026-05-16 01:18:56.686880','SYSTEM',NULL,NULL,'OTP dispatched through configured provider',56),(91,'VERIFIED','RESET_PASSWORD','b***1@sbms.local','2026-05-16 01:18:56.898880','branch.manager01',NULL,NULL,'Password reset completed',56),(92,'SENT','SEND_OTP','b***1@sbms.local','2026-05-16 01:18:57.186881','SYSTEM',NULL,NULL,'OTP dispatched through configured provider',57),(93,'VERIFIED','LOGIN_OTP_VERIFY','b***1@sbms.local','2026-05-16 01:18:57.237883','AUTH_LOGIN','Mozilla/5.0 (Windows NT; Windows NT 10.0; en-US) WindowsPowerShell/5.1.19041.6456','0:0:0:0:0:0:0:1','Login OTP verified successfully',57),(94,'SENT','SEND_OTP','o***1@sbms.local','2026-05-16 01:18:57.353883','SYSTEM',NULL,NULL,'OTP dispatched through configured provider',58),(95,'VERIFIED','RESET_PASSWORD','o***1@sbms.local','2026-05-16 01:18:57.598879','ops.officer01',NULL,NULL,'Password reset completed',58),(96,'SENT','SEND_OTP','o***1@sbms.local','2026-05-16 01:18:57.867878','SYSTEM',NULL,NULL,'OTP dispatched through configured provider',59),(97,'VERIFIED','LOGIN_OTP_VERIFY','o***1@sbms.local','2026-05-16 01:18:57.903879','AUTH_LOGIN','Mozilla/5.0 (Windows NT; Windows NT 10.0; en-US) WindowsPowerShell/5.1.19041.6456','0:0:0:0:0:0:0:1','Login OTP verified successfully',59),(98,'SENT','SEND_OTP','i***1@sbms.local','2026-05-16 01:18:58.000880','SYSTEM',NULL,NULL,'OTP dispatched through configured provider',60),(99,'VERIFIED','RESET_PASSWORD','i***1@sbms.local','2026-05-16 01:18:58.183882','investment.officer01',NULL,NULL,'Password reset completed',60),(100,'SENT','SEND_OTP','i***1@sbms.local','2026-05-16 01:18:58.422884','SYSTEM',NULL,NULL,'OTP dispatched through configured provider',61),(101,'VERIFIED','LOGIN_OTP_VERIFY','i***1@sbms.local','2026-05-16 01:18:58.453877','AUTH_LOGIN','Mozilla/5.0 (Windows NT; Windows NT 10.0; en-US) WindowsPowerShell/5.1.19041.6456','0:0:0:0:0:0:0:1','Login OTP verified successfully',61),(102,'SENT','SEND_OTP','s***1@sbms.local','2026-05-16 01:18:58.579881','SYSTEM',NULL,NULL,'OTP dispatched through configured provider',62),(103,'VERIFIED','RESET_PASSWORD','s***1@sbms.local','2026-05-16 01:18:58.815879','shariah.board01',NULL,NULL,'Password reset completed',62),(104,'SENT','SEND_OTP','s***1@sbms.local','2026-05-16 01:18:59.070882','SYSTEM',NULL,NULL,'OTP dispatched through configured provider',63),(105,'VERIFIED','LOGIN_OTP_VERIFY','s***1@sbms.local','2026-05-16 01:18:59.103880','AUTH_LOGIN','Mozilla/5.0 (Windows NT; Windows NT 10.0; en-US) WindowsPowerShell/5.1.19041.6456','0:0:0:0:0:0:0:1','Login OTP verified successfully',63),(106,'SENT','SEND_OTP','c***1@sbms.local','2026-05-16 01:18:59.183880','SYSTEM',NULL,NULL,'OTP dispatched through configured provider',64),(107,'VERIFIED','RESET_PASSWORD','c***1@sbms.local','2026-05-16 01:18:59.369877','customer.seed01',NULL,NULL,'Password reset completed',64),(108,'SENT','SEND_OTP','c***1@sbms.local','2026-05-16 01:18:59.610882','SYSTEM',NULL,NULL,'OTP dispatched through configured provider',65),(109,'VERIFIED','LOGIN_OTP_VERIFY','c***1@sbms.local','2026-05-16 01:18:59.638884','AUTH_LOGIN','Mozilla/5.0 (Windows NT; Windows NT 10.0; en-US) WindowsPowerShell/5.1.19041.6456','0:0:0:0:0:0:0:1','Login OTP verified successfully',65),(110,'SENT','SEND_OTP','o***1@sbms.local','2026-05-16 01:24:00.769655','SYSTEM',NULL,NULL,'OTP dispatched through configured provider',66),(111,'VERIFIED','RESET_PASSWORD','o***1@sbms.local','2026-05-16 01:24:01.182653','ops.officer01',NULL,NULL,'Password reset completed',66),(112,'SENT','SEND_OTP','o***1@sbms.local','2026-05-16 01:24:01.566650','SYSTEM',NULL,NULL,'OTP dispatched through configured provider',67),(113,'VERIFIED','LOGIN_OTP_VERIFY','o***1@sbms.local','2026-05-16 01:24:01.638655','AUTH_LOGIN','Mozilla/5.0 (Windows NT; Windows NT 10.0; en-US) WindowsPowerShell/5.1.19041.6456','0:0:0:0:0:0:0:1','Login OTP verified successfully',67),(114,'SENT','SEND_OTP','i***1@sbms.local','2026-05-16 01:24:01.867659','SYSTEM',NULL,NULL,'OTP dispatched through configured provider',68),(115,'VERIFIED','RESET_PASSWORD','i***1@sbms.local','2026-05-16 01:24:02.231666','investment.officer01',NULL,NULL,'Password reset completed',68),(116,'SENT','SEND_OTP','i***1@sbms.local','2026-05-16 01:24:02.645653','SYSTEM',NULL,NULL,'OTP dispatched through configured provider',69),(117,'VERIFIED','LOGIN_OTP_VERIFY','i***1@sbms.local','2026-05-16 01:24:02.684655','AUTH_LOGIN','Mozilla/5.0 (Windows NT; Windows NT 10.0; en-US) WindowsPowerShell/5.1.19041.6456','0:0:0:0:0:0:0:1','Login OTP verified successfully',69),(118,'SENT','SEND_OTP','s***1@sbms.local','2026-05-16 01:24:02.797655','SYSTEM',NULL,NULL,'OTP dispatched through configured provider',70),(119,'VERIFIED','RESET_PASSWORD','s***1@sbms.local','2026-05-16 01:24:03.179657','shariah.board01',NULL,NULL,'Password reset completed',70),(120,'SENT','SEND_OTP','s***1@sbms.local','2026-05-16 01:24:03.426657','SYSTEM',NULL,NULL,'OTP dispatched through configured provider',71),(121,'VERIFIED','LOGIN_OTP_VERIFY','s***1@sbms.local','2026-05-16 01:24:03.462683','AUTH_LOGIN','Mozilla/5.0 (Windows NT; Windows NT 10.0; en-US) WindowsPowerShell/5.1.19041.6456','0:0:0:0:0:0:0:1','Login OTP verified successfully',71),(122,'SENT','SEND_OTP','c***1@sbms.local','2026-05-16 01:24:03.533679','SYSTEM',NULL,NULL,'OTP dispatched through configured provider',72),(123,'VERIFIED','RESET_PASSWORD','c***1@sbms.local','2026-05-16 01:24:03.751680','customer.seed01',NULL,NULL,'Password reset completed',72),(124,'SENT','SEND_OTP','c***1@sbms.local','2026-05-16 01:24:03.977678','SYSTEM',NULL,NULL,'OTP dispatched through configured provider',73),(125,'VERIFIED','LOGIN_OTP_VERIFY','c***1@sbms.local','2026-05-16 01:24:04.002681','AUTH_LOGIN','Mozilla/5.0 (Windows NT; Windows NT 10.0; en-US) WindowsPowerShell/5.1.19041.6456','0:0:0:0:0:0:0:1','Login OTP verified successfully',73),(126,'SENT','SEND_OTP','m***8@gmail.com','2026-05-16 01:24:19.063553','SYSTEM',NULL,NULL,'OTP dispatched through configured provider',74),(127,'VERIFIED','RESET_PASSWORD','m***8@gmail.com','2026-05-16 01:24:19.312555','Admin01',NULL,NULL,'Password reset completed',74),(128,'SENT','SEND_OTP','m***8@gmail.com','2026-05-16 01:24:19.535549','SYSTEM',NULL,NULL,'OTP dispatched through configured provider',75),(129,'VERIFIED','LOGIN_OTP_VERIFY','m***8@gmail.com','2026-05-16 01:24:19.580550','AUTH_LOGIN','Mozilla/5.0 (Windows NT; Windows NT 10.0; en-US) WindowsPowerShell/5.1.19041.6456','0:0:0:0:0:0:0:1','Login OTP verified successfully',75),(130,'SENT','SEND_OTP','b***1@sbms.local','2026-05-16 01:24:19.710552','SYSTEM',NULL,NULL,'OTP dispatched through configured provider',76),(131,'VERIFIED','RESET_PASSWORD','b***1@sbms.local','2026-05-16 01:24:19.903552','branch.manager01',NULL,NULL,'Password reset completed',76),(132,'SENT','SEND_OTP','b***1@sbms.local','2026-05-16 01:24:20.110552','SYSTEM',NULL,NULL,'OTP dispatched through configured provider',77),(133,'VERIFIED','LOGIN_OTP_VERIFY','b***1@sbms.local','2026-05-16 01:24:20.138552','AUTH_LOGIN','Mozilla/5.0 (Windows NT; Windows NT 10.0; en-US) WindowsPowerShell/5.1.19041.6456','0:0:0:0:0:0:0:1','Login OTP verified successfully',77),(134,'SENT','SEND_OTP','o***1@sbms.local','2026-05-16 01:24:20.194550','SYSTEM',NULL,NULL,'OTP dispatched through configured provider',78),(135,'VERIFIED','RESET_PASSWORD','o***1@sbms.local','2026-05-16 01:24:20.374555','ops.officer01',NULL,NULL,'Password reset completed',78),(136,'SENT','SEND_OTP','o***1@sbms.local','2026-05-16 01:24:20.570550','SYSTEM',NULL,NULL,'OTP dispatched through configured provider',79),(137,'VERIFIED','LOGIN_OTP_VERIFY','o***1@sbms.local','2026-05-16 01:24:20.596316','AUTH_LOGIN','Mozilla/5.0 (Windows NT; Windows NT 10.0; en-US) WindowsPowerShell/5.1.19041.6456','0:0:0:0:0:0:0:1','Login OTP verified successfully',79),(138,'SENT','SEND_OTP','i***1@sbms.local','2026-05-16 01:24:20.658316','SYSTEM',NULL,NULL,'OTP dispatched through configured provider',80),(139,'VERIFIED','RESET_PASSWORD','i***1@sbms.local','2026-05-16 01:24:20.840317','investment.officer01',NULL,NULL,'Password reset completed',80),(140,'SENT','SEND_OTP','i***1@sbms.local','2026-05-16 01:24:21.106100','SYSTEM',NULL,NULL,'OTP dispatched through configured provider',81),(141,'VERIFIED','LOGIN_OTP_VERIFY','i***1@sbms.local','2026-05-16 01:24:21.158100','AUTH_LOGIN','Mozilla/5.0 (Windows NT; Windows NT 10.0; en-US) WindowsPowerShell/5.1.19041.6456','0:0:0:0:0:0:0:1','Login OTP verified successfully',81),(142,'SENT','SEND_OTP','s***1@sbms.local','2026-05-16 01:24:21.238103','SYSTEM',NULL,NULL,'OTP dispatched through configured provider',82),(143,'VERIFIED','RESET_PASSWORD','s***1@sbms.local','2026-05-16 01:24:21.469101','shariah.board01',NULL,NULL,'Password reset completed',82),(144,'SENT','SEND_OTP','s***1@sbms.local','2026-05-16 01:24:21.706099','SYSTEM',NULL,NULL,'OTP dispatched through configured provider',83),(145,'VERIFIED','LOGIN_OTP_VERIFY','s***1@sbms.local','2026-05-16 01:24:21.736096','AUTH_LOGIN','Mozilla/5.0 (Windows NT; Windows NT 10.0; en-US) WindowsPowerShell/5.1.19041.6456','0:0:0:0:0:0:0:1','Login OTP verified successfully',83),(146,'SENT','SEND_OTP','c***1@sbms.local','2026-05-16 01:24:21.822104','SYSTEM',NULL,NULL,'OTP dispatched through configured provider',84),(147,'VERIFIED','RESET_PASSWORD','c***1@sbms.local','2026-05-16 01:24:22.184100','customer.seed01',NULL,NULL,'Password reset completed',84),(148,'SENT','SEND_OTP','c***1@sbms.local','2026-05-16 01:24:22.527101','SYSTEM',NULL,NULL,'OTP dispatched through configured provider',85),(149,'VERIFIED','LOGIN_OTP_VERIFY','c***1@sbms.local','2026-05-16 01:24:22.559099','AUTH_LOGIN','Mozilla/5.0 (Windows NT; Windows NT 10.0; en-US) WindowsPowerShell/5.1.19041.6456','0:0:0:0:0:0:0:1','Login OTP verified successfully',85),(150,'SENT','SEND_OTP','b***3@sbms.local','2026-05-16 01:24:24.631099','SYSTEM',NULL,NULL,'OTP dispatched through configured provider',86),(151,'VERIFIED','LOGIN_OTP_VERIFY','b***3@sbms.local','2026-05-16 01:24:24.658107','AUTH_LOGIN','Mozilla/5.0 (Windows NT; Windows NT 10.0; en-US) WindowsPowerShell/5.1.19041.6456','0:0:0:0:0:0:0:1','Login OTP verified successfully',86),(152,'SENT','SEND_OTP','t***3@sbms.local','2026-05-16 01:24:24.835103','SYSTEM',NULL,NULL,'OTP dispatched through configured provider',87),(153,'VERIFIED','LOGIN_OTP_VERIFY','t***3@sbms.local','2026-05-16 01:24:24.862095','AUTH_LOGIN','Mozilla/5.0 (Windows NT; Windows NT 10.0; en-US) WindowsPowerShell/5.1.19041.6456','0:0:0:0:0:0:0:1','Login OTP verified successfully',87),(154,'SENT','SEND_OTP','o***1@sbms.local','2026-05-16 01:27:43.269927','SYSTEM',NULL,NULL,'OTP dispatched through configured provider',88),(155,'VERIFIED','RESET_PASSWORD','o***1@sbms.local','2026-05-16 01:27:43.613937','ops.officer01',NULL,NULL,'Password reset completed',88),(156,'SENT','SEND_OTP','o***1@sbms.local','2026-05-16 01:27:43.965929','SYSTEM',NULL,NULL,'OTP dispatched through configured provider',89),(157,'VERIFIED','LOGIN_OTP_VERIFY','o***1@sbms.local','2026-05-16 01:27:44.021929','AUTH_LOGIN','Mozilla/5.0 (Windows NT; Windows NT 10.0; en-US) WindowsPowerShell/5.1.19041.6456','0:0:0:0:0:0:0:1','Login OTP verified successfully',89),(158,'SENT','SEND_OTP','i***1@sbms.local','2026-05-16 01:27:44.147931','SYSTEM',NULL,NULL,'OTP dispatched through configured provider',90),(159,'VERIFIED','RESET_PASSWORD','i***1@sbms.local','2026-05-16 01:27:44.357926','investment.officer01',NULL,NULL,'Password reset completed',90),(160,'SENT','SEND_OTP','i***1@sbms.local','2026-05-16 01:27:44.579933','SYSTEM',NULL,NULL,'OTP dispatched through configured provider',91),(161,'VERIFIED','LOGIN_OTP_VERIFY','i***1@sbms.local','2026-05-16 01:27:44.609928','AUTH_LOGIN','Mozilla/5.0 (Windows NT; Windows NT 10.0; en-US) WindowsPowerShell/5.1.19041.6456','0:0:0:0:0:0:0:1','Login OTP verified successfully',91),(162,'SENT','SEND_OTP','s***1@sbms.local','2026-05-16 01:27:44.675933','SYSTEM',NULL,NULL,'OTP dispatched through configured provider',92),(163,'VERIFIED','RESET_PASSWORD','s***1@sbms.local','2026-05-16 01:27:44.890926','shariah.board01',NULL,NULL,'Password reset completed',92),(164,'SENT','SEND_OTP','s***1@sbms.local','2026-05-16 01:27:45.113931','SYSTEM',NULL,NULL,'OTP dispatched through configured provider',93),(165,'VERIFIED','LOGIN_OTP_VERIFY','s***1@sbms.local','2026-05-16 01:27:45.144927','AUTH_LOGIN','Mozilla/5.0 (Windows NT; Windows NT 10.0; en-US) WindowsPowerShell/5.1.19041.6456','0:0:0:0:0:0:0:1','Login OTP verified successfully',93),(166,'SENT','SEND_OTP','c***1@sbms.local','2026-05-16 01:27:45.213932','SYSTEM',NULL,NULL,'OTP dispatched through configured provider',94),(167,'VERIFIED','RESET_PASSWORD','c***1@sbms.local','2026-05-16 01:27:45.425927','customer.seed01',NULL,NULL,'Password reset completed',94),(168,'SENT','SEND_OTP','c***1@sbms.local','2026-05-16 01:27:45.648934','SYSTEM',NULL,NULL,'OTP dispatched through configured provider',95),(169,'VERIFIED','LOGIN_OTP_VERIFY','c***1@sbms.local','2026-05-16 01:27:45.679929','AUTH_LOGIN','Mozilla/5.0 (Windows NT; Windows NT 10.0; en-US) WindowsPowerShell/5.1.19041.6456','0:0:0:0:0:0:0:1','Login OTP verified successfully',95),(170,'SENT','SEND_OTP','m***8@gmail.com','2026-05-16 01:27:57.520338','SYSTEM',NULL,NULL,'OTP dispatched through configured provider',96),(171,'VERIFIED','RESET_PASSWORD','m***8@gmail.com','2026-05-16 01:27:57.787649','Admin01',NULL,NULL,'Password reset completed',96),(172,'SENT','SEND_OTP','m***8@gmail.com','2026-05-16 01:27:58.030650','SYSTEM',NULL,NULL,'OTP dispatched through configured provider',97),(173,'VERIFIED','LOGIN_OTP_VERIFY','m***8@gmail.com','2026-05-16 01:27:58.070645','AUTH_LOGIN','Mozilla/5.0 (Windows NT; Windows NT 10.0; en-US) WindowsPowerShell/5.1.19041.6456','0:0:0:0:0:0:0:1','Login OTP verified successfully',97),(174,'SENT','SEND_OTP','b***1@sbms.local','2026-05-16 01:27:58.181342','SYSTEM',NULL,NULL,'OTP dispatched through configured provider',98),(175,'VERIFIED','RESET_PASSWORD','b***1@sbms.local','2026-05-16 01:27:58.362732','branch.manager01',NULL,NULL,'Password reset completed',98),(176,'SENT','SEND_OTP','b***1@sbms.local','2026-05-16 01:27:58.573791','SYSTEM',NULL,NULL,'OTP dispatched through configured provider',99),(177,'VERIFIED','LOGIN_OTP_VERIFY','b***1@sbms.local','2026-05-16 01:27:58.595713','AUTH_LOGIN','Mozilla/5.0 (Windows NT; Windows NT 10.0; en-US) WindowsPowerShell/5.1.19041.6456','0:0:0:0:0:0:0:1','Login OTP verified successfully',99),(178,'SENT','SEND_OTP','o***1@sbms.local','2026-05-16 01:27:58.661712','SYSTEM',NULL,NULL,'OTP dispatched through configured provider',100),(179,'VERIFIED','RESET_PASSWORD','o***1@sbms.local','2026-05-16 01:27:58.863711','ops.officer01',NULL,NULL,'Password reset completed',100),(180,'SENT','SEND_OTP','o***1@sbms.local','2026-05-16 01:27:59.083713','SYSTEM',NULL,NULL,'OTP dispatched through configured provider',101),(181,'VERIFIED','LOGIN_OTP_VERIFY','o***1@sbms.local','2026-05-16 01:27:59.107709','AUTH_LOGIN','Mozilla/5.0 (Windows NT; Windows NT 10.0; en-US) WindowsPowerShell/5.1.19041.6456','0:0:0:0:0:0:0:1','Login OTP verified successfully',101),(182,'SENT','SEND_OTP','i***1@sbms.local','2026-05-16 01:27:59.157716','SYSTEM',NULL,NULL,'OTP dispatched through configured provider',102),(183,'VERIFIED','RESET_PASSWORD','i***1@sbms.local','2026-05-16 01:27:59.333715','investment.officer01',NULL,NULL,'Password reset completed',102),(184,'SENT','SEND_OTP','i***1@sbms.local','2026-05-16 01:27:59.630714','SYSTEM',NULL,NULL,'OTP dispatched through configured provider',103),(185,'VERIFIED','LOGIN_OTP_VERIFY','i***1@sbms.local','2026-05-16 01:27:59.679716','AUTH_LOGIN','Mozilla/5.0 (Windows NT; Windows NT 10.0; en-US) WindowsPowerShell/5.1.19041.6456','0:0:0:0:0:0:0:1','Login OTP verified successfully',103),(186,'SENT','SEND_OTP','s***1@sbms.local','2026-05-16 01:27:59.739716','SYSTEM',NULL,NULL,'OTP dispatched through configured provider',104),(187,'VERIFIED','RESET_PASSWORD','s***1@sbms.local','2026-05-16 01:28:00.000711','shariah.board01',NULL,NULL,'Password reset completed',104),(188,'SENT','SEND_OTP','s***1@sbms.local','2026-05-16 01:28:00.266711','SYSTEM',NULL,NULL,'OTP dispatched through configured provider',105),(189,'VERIFIED','LOGIN_OTP_VERIFY','s***1@sbms.local','2026-05-16 01:28:00.295713','AUTH_LOGIN','Mozilla/5.0 (Windows NT; Windows NT 10.0; en-US) WindowsPowerShell/5.1.19041.6456','0:0:0:0:0:0:0:1','Login OTP verified successfully',105),(190,'SENT','SEND_OTP','c***1@sbms.local','2026-05-16 01:28:00.357714','SYSTEM',NULL,NULL,'OTP dispatched through configured provider',106),(191,'VERIFIED','RESET_PASSWORD','c***1@sbms.local','2026-05-16 01:28:00.580716','customer.seed01',NULL,NULL,'Password reset completed',106),(192,'SENT','SEND_OTP','c***1@sbms.local','2026-05-16 01:28:00.810711','SYSTEM',NULL,NULL,'OTP dispatched through configured provider',107),(193,'VERIFIED','LOGIN_OTP_VERIFY','c***1@sbms.local','2026-05-16 01:28:00.840713','AUTH_LOGIN','Mozilla/5.0 (Windows NT; Windows NT 10.0; en-US) WindowsPowerShell/5.1.19041.6456','0:0:0:0:0:0:0:1','Login OTP verified successfully',107),(194,'SENT','SEND_OTP','b***1@sbms.local','2026-05-16 01:28:02.678819','SYSTEM',NULL,NULL,'OTP dispatched through configured provider',108),(195,'VERIFIED','LOGIN_OTP_VERIFY','b***1@sbms.local','2026-05-16 01:28:02.705817','AUTH_LOGIN','Mozilla/5.0 (Windows NT; Windows NT 10.0; en-US) WindowsPowerShell/5.1.19041.6456','0:0:0:0:0:0:0:1','Login OTP verified successfully',108),(196,'SENT','SEND_OTP','t***1@sbms.local','2026-05-16 01:28:02.894814','SYSTEM',NULL,NULL,'OTP dispatched through configured provider',109),(197,'VERIFIED','LOGIN_OTP_VERIFY','t***1@sbms.local','2026-05-16 01:28:02.918814','AUTH_LOGIN','Mozilla/5.0 (Windows NT; Windows NT 10.0; en-US) WindowsPowerShell/5.1.19041.6456','0:0:0:0:0:0:0:1','Login OTP verified successfully',109),(198,'SENT','SEND_OTP','m***8@gmail.com','2026-05-16 01:28:59.096853','SYSTEM',NULL,NULL,'OTP dispatched through configured provider',110),(199,'VERIFIED','RESET_PASSWORD','m***8@gmail.com','2026-05-16 01:28:59.378852','Admin01',NULL,NULL,'Password reset completed',110),(200,'SENT','SEND_OTP','m***8@gmail.com','2026-05-16 01:28:59.609859','SYSTEM',NULL,NULL,'OTP dispatched through configured provider',111),(201,'VERIFIED','LOGIN_OTP_VERIFY','m***8@gmail.com','2026-05-16 01:28:59.659850','AUTH_LOGIN','Mozilla/5.0 (Windows NT; Windows NT 10.0; en-US) WindowsPowerShell/5.1.19041.6456','0:0:0:0:0:0:0:1','Login OTP verified successfully',111),(202,'SENT','SEND_OTP','b***1@sbms.local','2026-05-16 01:28:59.798855','SYSTEM',NULL,NULL,'OTP dispatched through configured provider',112),(203,'VERIFIED','RESET_PASSWORD','b***1@sbms.local','2026-05-16 01:28:59.983848','branch.manager01',NULL,NULL,'Password reset completed',112),(204,'SENT','SEND_OTP','b***1@sbms.local','2026-05-16 01:29:00.243854','SYSTEM',NULL,NULL,'OTP dispatched through configured provider',113),(205,'VERIFIED','LOGIN_OTP_VERIFY','b***1@sbms.local','2026-05-16 01:29:00.276855','AUTH_LOGIN','Mozilla/5.0 (Windows NT; Windows NT 10.0; en-US) WindowsPowerShell/5.1.19041.6456','0:0:0:0:0:0:0:1','Login OTP verified successfully',113),(206,'SENT','SEND_OTP','o***1@sbms.local','2026-05-16 01:29:00.347853','SYSTEM',NULL,NULL,'OTP dispatched through configured provider',114),(207,'VERIFIED','RESET_PASSWORD','o***1@sbms.local','2026-05-16 01:29:00.616853','ops.officer01',NULL,NULL,'Password reset completed',114),(208,'SENT','SEND_OTP','o***1@sbms.local','2026-05-16 01:29:00.846849','SYSTEM',NULL,NULL,'OTP dispatched through configured provider',115),(209,'VERIFIED','LOGIN_OTP_VERIFY','o***1@sbms.local','2026-05-16 01:29:00.875852','AUTH_LOGIN','Mozilla/5.0 (Windows NT; Windows NT 10.0; en-US) WindowsPowerShell/5.1.19041.6456','0:0:0:0:0:0:0:1','Login OTP verified successfully',115),(210,'SENT','SEND_OTP','i***1@sbms.local','2026-05-16 01:29:00.931855','SYSTEM',NULL,NULL,'OTP dispatched through configured provider',116),(211,'VERIFIED','RESET_PASSWORD','i***1@sbms.local','2026-05-16 01:29:01.133850','investment.officer01',NULL,NULL,'Password reset completed',116),(212,'SENT','SEND_OTP','i***1@sbms.local','2026-05-16 01:29:01.325857','SYSTEM',NULL,NULL,'OTP dispatched through configured provider',117),(213,'VERIFIED','LOGIN_OTP_VERIFY','i***1@sbms.local','2026-05-16 01:29:01.348229','AUTH_LOGIN','Mozilla/5.0 (Windows NT; Windows NT 10.0; en-US) WindowsPowerShell/5.1.19041.6456','0:0:0:0:0:0:0:1','Login OTP verified successfully',117),(214,'SENT','SEND_OTP','s***1@sbms.local','2026-05-16 01:29:01.397231','SYSTEM',NULL,NULL,'OTP dispatched through configured provider',118),(215,'VERIFIED','RESET_PASSWORD','s***1@sbms.local','2026-05-16 01:29:01.561842','shariah.board01',NULL,NULL,'Password reset completed',118),(216,'SENT','SEND_OTP','s***1@sbms.local','2026-05-16 01:29:01.764842','SYSTEM',NULL,NULL,'OTP dispatched through configured provider',119),(217,'VERIFIED','LOGIN_OTP_VERIFY','s***1@sbms.local','2026-05-16 01:29:01.790843','AUTH_LOGIN','Mozilla/5.0 (Windows NT; Windows NT 10.0; en-US) WindowsPowerShell/5.1.19041.6456','0:0:0:0:0:0:0:1','Login OTP verified successfully',119),(218,'SENT','SEND_OTP','c***1@sbms.local','2026-05-16 01:29:01.841844','SYSTEM',NULL,NULL,'OTP dispatched through configured provider',120),(219,'VERIFIED','RESET_PASSWORD','c***1@sbms.local','2026-05-16 01:29:02.022844','customer.seed01',NULL,NULL,'Password reset completed',120),(220,'SENT','SEND_OTP','c***1@sbms.local','2026-05-16 01:29:02.227511','SYSTEM',NULL,NULL,'OTP dispatched through configured provider',121),(221,'VERIFIED','LOGIN_OTP_VERIFY','c***1@sbms.local','2026-05-16 01:29:02.248510','AUTH_LOGIN','Mozilla/5.0 (Windows NT; Windows NT 10.0; en-US) WindowsPowerShell/5.1.19041.6456','0:0:0:0:0:0:0:1','Login OTP verified successfully',121),(222,'SENT','SEND_OTP','b***2@sbms.local','2026-05-16 01:29:04.267787','SYSTEM',NULL,NULL,'OTP dispatched through configured provider',122),(223,'VERIFIED','LOGIN_OTP_VERIFY','b***2@sbms.local','2026-05-16 01:29:04.291783','AUTH_LOGIN','Mozilla/5.0 (Windows NT; Windows NT 10.0; en-US) WindowsPowerShell/5.1.19041.6456','0:0:0:0:0:0:0:1','Login OTP verified successfully',122),(224,'SENT','SEND_OTP','t***2@sbms.local','2026-05-16 01:29:04.458788','SYSTEM',NULL,NULL,'OTP dispatched through configured provider',123),(225,'VERIFIED','LOGIN_OTP_VERIFY','t***2@sbms.local','2026-05-16 01:29:04.488786','AUTH_LOGIN','Mozilla/5.0 (Windows NT; Windows NT 10.0; en-US) WindowsPowerShell/5.1.19041.6456','0:0:0:0:0:0:0:1','Login OTP verified successfully',123),(226,'SENT','SEND_OTP','m***8@gmail.com','2026-05-16 01:29:32.273646','SYSTEM',NULL,NULL,'OTP dispatched through configured provider',124),(227,'VERIFIED','RESET_PASSWORD','m***8@gmail.com','2026-05-16 01:29:32.546300','Admin01',NULL,NULL,'Password reset completed',124),(228,'SENT','SEND_OTP','m***8@gmail.com','2026-05-16 01:29:32.789301','SYSTEM',NULL,NULL,'OTP dispatched through configured provider',125),(229,'VERIFIED','LOGIN_OTP_VERIFY','m***8@gmail.com','2026-05-16 01:29:32.822296','AUTH_LOGIN','Mozilla/5.0 (Windows NT; Windows NT 10.0; en-US) WindowsPowerShell/5.1.19041.6456','0:0:0:0:0:0:0:1','Login OTP verified successfully',125),(230,'SENT','SEND_OTP','b***1@sbms.local','2026-05-16 01:29:33.034299','SYSTEM',NULL,NULL,'OTP dispatched through configured provider',126),(231,'VERIFIED','RESET_PASSWORD','b***1@sbms.local','2026-05-16 01:29:33.288294','branch.manager01',NULL,NULL,'Password reset completed',126),(232,'SENT','SEND_OTP','b***1@sbms.local','2026-05-16 01:29:33.489301','SYSTEM',NULL,NULL,'OTP dispatched through configured provider',127),(233,'VERIFIED','LOGIN_OTP_VERIFY','b***1@sbms.local','2026-05-16 01:29:33.508759','AUTH_LOGIN','Mozilla/5.0 (Windows NT; Windows NT 10.0; en-US) WindowsPowerShell/5.1.19041.6456','0:0:0:0:0:0:0:1','Login OTP verified successfully',127),(234,'SENT','SEND_OTP','o***1@sbms.local','2026-05-16 01:29:33.557761','SYSTEM',NULL,NULL,'OTP dispatched through configured provider',128),(235,'VERIFIED','RESET_PASSWORD','o***1@sbms.local','2026-05-16 01:29:33.749761','ops.officer01',NULL,NULL,'Password reset completed',128),(236,'SENT','SEND_OTP','o***1@sbms.local','2026-05-16 01:29:33.967762','SYSTEM',NULL,NULL,'OTP dispatched through configured provider',129),(237,'VERIFIED','LOGIN_OTP_VERIFY','o***1@sbms.local','2026-05-16 01:29:33.989760','AUTH_LOGIN','Mozilla/5.0 (Windows NT; Windows NT 10.0; en-US) WindowsPowerShell/5.1.19041.6456','0:0:0:0:0:0:0:1','Login OTP verified successfully',129),(238,'SENT','SEND_OTP','i***1@sbms.local','2026-05-16 01:29:34.056762','SYSTEM',NULL,NULL,'OTP dispatched through configured provider',130),(239,'VERIFIED','RESET_PASSWORD','i***1@sbms.local','2026-05-16 01:29:34.254764','investment.officer01',NULL,NULL,'Password reset completed',130),(240,'SENT','SEND_OTP','i***1@sbms.local','2026-05-16 01:29:34.629764','SYSTEM',NULL,NULL,'OTP dispatched through configured provider',131),(241,'VERIFIED','LOGIN_OTP_VERIFY','i***1@sbms.local','2026-05-16 01:29:34.656760','AUTH_LOGIN','Mozilla/5.0 (Windows NT; Windows NT 10.0; en-US) WindowsPowerShell/5.1.19041.6456','0:0:0:0:0:0:0:1','Login OTP verified successfully',131),(242,'SENT','SEND_OTP','s***1@sbms.local','2026-05-16 01:29:34.722766','SYSTEM',NULL,NULL,'OTP dispatched through configured provider',132),(243,'VERIFIED','RESET_PASSWORD','s***1@sbms.local','2026-05-16 01:29:34.954762','shariah.board01',NULL,NULL,'Password reset completed',132),(244,'SENT','SEND_OTP','s***1@sbms.local','2026-05-16 01:29:35.200770','SYSTEM',NULL,NULL,'OTP dispatched through configured provider',133),(245,'VERIFIED','LOGIN_OTP_VERIFY','s***1@sbms.local','2026-05-16 01:29:35.226764','AUTH_LOGIN','Mozilla/5.0 (Windows NT; Windows NT 10.0; en-US) WindowsPowerShell/5.1.19041.6456','0:0:0:0:0:0:0:1','Login OTP verified successfully',133),(246,'SENT','SEND_OTP','c***1@sbms.local','2026-05-16 01:29:35.319764','SYSTEM',NULL,NULL,'OTP dispatched through configured provider',134),(247,'VERIFIED','RESET_PASSWORD','c***1@sbms.local','2026-05-16 01:29:35.540763','customer.seed01',NULL,NULL,'Password reset completed',134),(248,'SENT','SEND_OTP','c***1@sbms.local','2026-05-16 01:29:35.759765','SYSTEM',NULL,NULL,'OTP dispatched through configured provider',135),(249,'VERIFIED','LOGIN_OTP_VERIFY','c***1@sbms.local','2026-05-16 01:29:35.786767','AUTH_LOGIN','Mozilla/5.0 (Windows NT; Windows NT 10.0; en-US) WindowsPowerShell/5.1.19041.6456','0:0:0:0:0:0:0:1','Login OTP verified successfully',135),(250,'SENT','SEND_OTP','b***6@sbms.local','2026-05-16 01:29:37.847761','SYSTEM',NULL,NULL,'OTP dispatched through configured provider',136),(251,'VERIFIED','LOGIN_OTP_VERIFY','b***6@sbms.local','2026-05-16 01:29:37.867765','AUTH_LOGIN','Mozilla/5.0 (Windows NT; Windows NT 10.0; en-US) WindowsPowerShell/5.1.19041.6456','0:0:0:0:0:0:0:1','Login OTP verified successfully',136),(252,'SENT','SEND_OTP','t***6@sbms.local','2026-05-16 01:29:38.050762','SYSTEM',NULL,NULL,'OTP dispatched through configured provider',137),(253,'VERIFIED','LOGIN_OTP_VERIFY','t***6@sbms.local','2026-05-16 01:29:38.075761','AUTH_LOGIN','Mozilla/5.0 (Windows NT; Windows NT 10.0; en-US) WindowsPowerShell/5.1.19041.6456','0:0:0:0:0:0:0:1','Login OTP verified successfully',137),(254,'SENT','SEND_OTP','m***8@gmail.com','2026-05-16 01:30:08.428709','SYSTEM',NULL,NULL,'OTP dispatched through configured provider',138),(255,'VERIFIED','RESET_PASSWORD','m***8@gmail.com','2026-05-16 01:30:08.679275','Admin01',NULL,NULL,'Password reset completed',138),(256,'SENT','SEND_OTP','m***8@gmail.com','2026-05-16 01:30:08.979274','SYSTEM',NULL,NULL,'OTP dispatched through configured provider',139),(257,'VERIFIED','LOGIN_OTP_VERIFY','m***8@gmail.com','2026-05-16 01:30:09.007275','AUTH_LOGIN','Mozilla/5.0 (Windows NT; Windows NT 10.0; en-US) WindowsPowerShell/5.1.19041.6456','0:0:0:0:0:0:0:1','Login OTP verified successfully',139),(258,'SENT','SEND_OTP','b***1@sbms.local','2026-05-16 01:30:09.117278','SYSTEM',NULL,NULL,'OTP dispatched through configured provider',140),(259,'VERIFIED','RESET_PASSWORD','b***1@sbms.local','2026-05-16 01:30:09.325273','branch.manager01',NULL,NULL,'Password reset completed',140),(260,'SENT','SEND_OTP','b***1@sbms.local','2026-05-16 01:30:09.532274','SYSTEM',NULL,NULL,'OTP dispatched through configured provider',141),(261,'VERIFIED','LOGIN_OTP_VERIFY','b***1@sbms.local','2026-05-16 01:30:09.563275','AUTH_LOGIN','Mozilla/5.0 (Windows NT; Windows NT 10.0; en-US) WindowsPowerShell/5.1.19041.6456','0:0:0:0:0:0:0:1','Login OTP verified successfully',141),(262,'SENT','SEND_OTP','o***1@sbms.local','2026-05-16 01:30:09.628273','SYSTEM',NULL,NULL,'OTP dispatched through configured provider',142),(263,'VERIFIED','RESET_PASSWORD','o***1@sbms.local','2026-05-16 01:30:09.816276','ops.officer01',NULL,NULL,'Password reset completed',142),(264,'SENT','SEND_OTP','o***1@sbms.local','2026-05-16 01:30:10.094275','SYSTEM',NULL,NULL,'OTP dispatched through configured provider',143),(265,'VERIFIED','LOGIN_OTP_VERIFY','o***1@sbms.local','2026-05-16 01:30:10.116276','AUTH_LOGIN','Mozilla/5.0 (Windows NT; Windows NT 10.0; en-US) WindowsPowerShell/5.1.19041.6456','0:0:0:0:0:0:0:1','Login OTP verified successfully',143),(266,'SENT','SEND_OTP','i***1@sbms.local','2026-05-16 01:30:10.176275','SYSTEM',NULL,NULL,'OTP dispatched through configured provider',144),(267,'VERIFIED','RESET_PASSWORD','i***1@sbms.local','2026-05-16 01:30:10.409273','investment.officer01',NULL,NULL,'Password reset completed',144),(268,'SENT','SEND_OTP','i***1@sbms.local','2026-05-16 01:30:10.641273','SYSTEM',NULL,NULL,'OTP dispatched through configured provider',145),(269,'VERIFIED','LOGIN_OTP_VERIFY','i***1@sbms.local','2026-05-16 01:30:10.661272','AUTH_LOGIN','Mozilla/5.0 (Windows NT; Windows NT 10.0; en-US) WindowsPowerShell/5.1.19041.6456','0:0:0:0:0:0:0:1','Login OTP verified successfully',145),(270,'SENT','SEND_OTP','s***1@sbms.local','2026-05-16 01:30:10.703275','SYSTEM',NULL,NULL,'OTP dispatched through configured provider',146),(271,'VERIFIED','RESET_PASSWORD','s***1@sbms.local','2026-05-16 01:30:10.867281','shariah.board01',NULL,NULL,'Password reset completed',146),(272,'SENT','SEND_OTP','s***1@sbms.local','2026-05-16 01:30:11.130273','SYSTEM',NULL,NULL,'OTP dispatched through configured provider',147),(273,'VERIFIED','LOGIN_OTP_VERIFY','s***1@sbms.local','2026-05-16 01:30:11.177275','AUTH_LOGIN','Mozilla/5.0 (Windows NT; Windows NT 10.0; en-US) WindowsPowerShell/5.1.19041.6456','0:0:0:0:0:0:0:1','Login OTP verified successfully',147),(274,'SENT','SEND_OTP','c***1@sbms.local','2026-05-16 01:30:11.235272','SYSTEM',NULL,NULL,'OTP dispatched through configured provider',148),(275,'VERIFIED','RESET_PASSWORD','c***1@sbms.local','2026-05-16 01:30:11.550278','customer.seed01',NULL,NULL,'Password reset completed',148),(276,'SENT','SEND_OTP','c***1@sbms.local','2026-05-16 01:30:11.815272','SYSTEM',NULL,NULL,'OTP dispatched through configured provider',149),(277,'VERIFIED','LOGIN_OTP_VERIFY','c***1@sbms.local','2026-05-16 01:30:11.843273','AUTH_LOGIN','Mozilla/5.0 (Windows NT; Windows NT 10.0; en-US) WindowsPowerShell/5.1.19041.6456','0:0:0:0:0:0:0:1','Login OTP verified successfully',149),(278,'SENT','SEND_OTP','b***2@sbms.local','2026-05-16 01:30:13.666279','SYSTEM',NULL,NULL,'OTP dispatched through configured provider',150),(279,'VERIFIED','LOGIN_OTP_VERIFY','b***2@sbms.local','2026-05-16 01:30:13.693273','AUTH_LOGIN','Mozilla/5.0 (Windows NT; Windows NT 10.0; en-US) WindowsPowerShell/5.1.19041.6456','0:0:0:0:0:0:0:1','Login OTP verified successfully',150),(280,'SENT','SEND_OTP','t***2@sbms.local','2026-05-16 01:30:13.861279','SYSTEM',NULL,NULL,'OTP dispatched through configured provider',151),(281,'VERIFIED','LOGIN_OTP_VERIFY','t***2@sbms.local','2026-05-16 01:30:13.890273','AUTH_LOGIN','Mozilla/5.0 (Windows NT; Windows NT 10.0; en-US) WindowsPowerShell/5.1.19041.6456','0:0:0:0:0:0:0:1','Login OTP verified successfully',151),(282,'SENT','SEND_OTP','m***8@gmail.com','2026-05-16 01:30:44.504702','SYSTEM',NULL,NULL,'OTP dispatched through configured provider',152),(283,'VERIFIED','RESET_PASSWORD','m***8@gmail.com','2026-05-16 01:30:44.757700','Admin01',NULL,NULL,'Password reset completed',152),(284,'SENT','SEND_OTP','m***8@gmail.com','2026-05-16 01:30:45.036706','SYSTEM',NULL,NULL,'OTP dispatched through configured provider',153),(285,'VERIFIED','LOGIN_OTP_VERIFY','m***8@gmail.com','2026-05-16 01:30:45.068706','AUTH_LOGIN','Mozilla/5.0 (Windows NT; Windows NT 10.0; en-US) WindowsPowerShell/5.1.19041.6456','0:0:0:0:0:0:0:1','Login OTP verified successfully',153),(286,'SENT','SEND_OTP','b***1@sbms.local','2026-05-16 01:30:45.185704','SYSTEM',NULL,NULL,'OTP dispatched through configured provider',154),(287,'VERIFIED','RESET_PASSWORD','b***1@sbms.local','2026-05-16 01:30:45.406705','branch.manager01',NULL,NULL,'Password reset completed',154),(288,'SENT','SEND_OTP','b***1@sbms.local','2026-05-16 01:30:45.666704','SYSTEM',NULL,NULL,'OTP dispatched through configured provider',155),(289,'VERIFIED','LOGIN_OTP_VERIFY','b***1@sbms.local','2026-05-16 01:30:45.690706','AUTH_LOGIN','Mozilla/5.0 (Windows NT; Windows NT 10.0; en-US) WindowsPowerShell/5.1.19041.6456','0:0:0:0:0:0:0:1','Login OTP verified successfully',155),(290,'SENT','SEND_OTP','o***1@sbms.local','2026-05-16 01:30:45.740707','SYSTEM',NULL,NULL,'OTP dispatched through configured provider',156),(291,'VERIFIED','RESET_PASSWORD','o***1@sbms.local','2026-05-16 01:30:45.914701','ops.officer01',NULL,NULL,'Password reset completed',156),(292,'SENT','SEND_OTP','o***1@sbms.local','2026-05-16 01:30:46.146703','SYSTEM',NULL,NULL,'OTP dispatched through configured provider',157),(293,'VERIFIED','LOGIN_OTP_VERIFY','o***1@sbms.local','2026-05-16 01:30:46.169704','AUTH_LOGIN','Mozilla/5.0 (Windows NT; Windows NT 10.0; en-US) WindowsPowerShell/5.1.19041.6456','0:0:0:0:0:0:0:1','Login OTP verified successfully',157),(294,'SENT','SEND_OTP','i***1@sbms.local','2026-05-16 01:30:46.266708','SYSTEM',NULL,NULL,'OTP dispatched through configured provider',158),(295,'VERIFIED','RESET_PASSWORD','i***1@sbms.local','2026-05-16 01:30:46.524704','investment.officer01',NULL,NULL,'Password reset completed',158),(296,'SENT','SEND_OTP','i***1@sbms.local','2026-05-16 01:30:46.752706','SYSTEM',NULL,NULL,'OTP dispatched through configured provider',159),(297,'VERIFIED','LOGIN_OTP_VERIFY','i***1@sbms.local','2026-05-16 01:30:46.771705','AUTH_LOGIN','Mozilla/5.0 (Windows NT; Windows NT 10.0; en-US) WindowsPowerShell/5.1.19041.6456','0:0:0:0:0:0:0:1','Login OTP verified successfully',159),(298,'SENT','SEND_OTP','s***1@sbms.local','2026-05-16 01:30:46.819705','SYSTEM',NULL,NULL,'OTP dispatched through configured provider',160),(299,'VERIFIED','RESET_PASSWORD','s***1@sbms.local','2026-05-16 01:30:47.008699','shariah.board01',NULL,NULL,'Password reset completed',160),(300,'SENT','SEND_OTP','s***1@sbms.local','2026-05-16 01:30:47.273706','SYSTEM',NULL,NULL,'OTP dispatched through configured provider',161),(301,'VERIFIED','LOGIN_OTP_VERIFY','s***1@sbms.local','2026-05-16 01:30:47.304705','AUTH_LOGIN','Mozilla/5.0 (Windows NT; Windows NT 10.0; en-US) WindowsPowerShell/5.1.19041.6456','0:0:0:0:0:0:0:1','Login OTP verified successfully',161),(302,'SENT','SEND_OTP','c***1@sbms.local','2026-05-16 01:30:47.358704','SYSTEM',NULL,NULL,'OTP dispatched through configured provider',162),(303,'VERIFIED','RESET_PASSWORD','c***1@sbms.local','2026-05-16 01:30:47.724706','customer.seed01',NULL,NULL,'Password reset completed',162),(304,'SENT','SEND_OTP','c***1@sbms.local','2026-05-16 01:30:48.039703','SYSTEM',NULL,NULL,'OTP dispatched through configured provider',163),(305,'VERIFIED','LOGIN_OTP_VERIFY','c***1@sbms.local','2026-05-16 01:30:48.086705','AUTH_LOGIN','Mozilla/5.0 (Windows NT; Windows NT 10.0; en-US) WindowsPowerShell/5.1.19041.6456','0:0:0:0:0:0:0:1','Login OTP verified successfully',163),(306,'SENT','SEND_OTP','b***8@sbms.local','2026-05-16 01:30:50.255706','SYSTEM',NULL,NULL,'OTP dispatched through configured provider',164),(307,'VERIFIED','LOGIN_OTP_VERIFY','b***8@sbms.local','2026-05-16 01:30:50.281701','AUTH_LOGIN','Mozilla/5.0 (Windows NT; Windows NT 10.0; en-US) WindowsPowerShell/5.1.19041.6456','0:0:0:0:0:0:0:1','Login OTP verified successfully',164),(308,'SENT','SEND_OTP','t***8@sbms.local','2026-05-16 01:30:50.454697','SYSTEM',NULL,NULL,'OTP dispatched through configured provider',165),(309,'VERIFIED','LOGIN_OTP_VERIFY','t***8@sbms.local','2026-05-16 01:30:50.479705','AUTH_LOGIN','Mozilla/5.0 (Windows NT; Windows NT 10.0; en-US) WindowsPowerShell/5.1.19041.6456','0:0:0:0:0:0:0:1','Login OTP verified successfully',165),(310,'SENT','SEND_OTP','m***8@gmail.com','2026-05-16 01:31:18.031341','SYSTEM',NULL,NULL,'OTP dispatched through configured provider',166),(311,'VERIFIED','RESET_PASSWORD','m***8@gmail.com','2026-05-16 01:31:18.283340','Admin01',NULL,NULL,'Password reset completed',166),(312,'SENT','SEND_OTP','m***8@gmail.com','2026-05-16 01:31:18.715341','SYSTEM',NULL,NULL,'OTP dispatched through configured provider',167),(313,'VERIFIED','LOGIN_OTP_VERIFY','m***8@gmail.com','2026-05-16 01:31:18.745342','AUTH_LOGIN','Mozilla/5.0 (Windows NT; Windows NT 10.0; en-US) WindowsPowerShell/5.1.19041.6456','0:0:0:0:0:0:0:1','Login OTP verified successfully',167),(314,'SENT','SEND_OTP','b***1@sbms.local','2026-05-16 01:31:18.895339','SYSTEM',NULL,NULL,'OTP dispatched through configured provider',168),(315,'VERIFIED','RESET_PASSWORD','b***1@sbms.local','2026-05-16 01:31:19.141338','branch.manager01',NULL,NULL,'Password reset completed',168),(316,'SENT','SEND_OTP','b***1@sbms.local','2026-05-16 01:31:19.362343','SYSTEM',NULL,NULL,'OTP dispatched through configured provider',169),(317,'VERIFIED','LOGIN_OTP_VERIFY','b***1@sbms.local','2026-05-16 01:31:19.385342','AUTH_LOGIN','Mozilla/5.0 (Windows NT; Windows NT 10.0; en-US) WindowsPowerShell/5.1.19041.6456','0:0:0:0:0:0:0:1','Login OTP verified successfully',169),(318,'SENT','SEND_OTP','o***1@sbms.local','2026-05-16 01:31:19.455341','SYSTEM',NULL,NULL,'OTP dispatched through configured provider',170),(319,'VERIFIED','RESET_PASSWORD','o***1@sbms.local','2026-05-16 01:31:19.647338','ops.officer01',NULL,NULL,'Password reset completed',170),(320,'SENT','SEND_OTP','o***1@sbms.local','2026-05-16 01:31:19.893343','SYSTEM',NULL,NULL,'OTP dispatched through configured provider',171),(321,'VERIFIED','LOGIN_OTP_VERIFY','o***1@sbms.local','2026-05-16 01:31:19.916339','AUTH_LOGIN','Mozilla/5.0 (Windows NT; Windows NT 10.0; en-US) WindowsPowerShell/5.1.19041.6456','0:0:0:0:0:0:0:1','Login OTP verified successfully',171),(322,'SENT','SEND_OTP','i***1@sbms.local','2026-05-16 01:31:19.983343','SYSTEM',NULL,NULL,'OTP dispatched through configured provider',172),(323,'VERIFIED','RESET_PASSWORD','i***1@sbms.local','2026-05-16 01:31:20.145338','investment.officer01',NULL,NULL,'Password reset completed',172),(324,'SENT','SEND_OTP','i***1@sbms.local','2026-05-16 01:31:20.425342','SYSTEM',NULL,NULL,'OTP dispatched through configured provider',173),(325,'VERIFIED','LOGIN_OTP_VERIFY','i***1@sbms.local','2026-05-16 01:31:20.446342','AUTH_LOGIN','Mozilla/5.0 (Windows NT; Windows NT 10.0; en-US) WindowsPowerShell/5.1.19041.6456','0:0:0:0:0:0:0:1','Login OTP verified successfully',173),(326,'SENT','SEND_OTP','s***1@sbms.local','2026-05-16 01:31:20.499348','SYSTEM',NULL,NULL,'OTP dispatched through configured provider',174),(327,'VERIFIED','RESET_PASSWORD','s***1@sbms.local','2026-05-16 01:31:20.761340','shariah.board01',NULL,NULL,'Password reset completed',174),(328,'SENT','SEND_OTP','s***1@sbms.local','2026-05-16 01:31:21.020340','SYSTEM',NULL,NULL,'OTP dispatched through configured provider',175),(329,'VERIFIED','LOGIN_OTP_VERIFY','s***1@sbms.local','2026-05-16 01:31:21.048341','AUTH_LOGIN','Mozilla/5.0 (Windows NT; Windows NT 10.0; en-US) WindowsPowerShell/5.1.19041.6456','0:0:0:0:0:0:0:1','Login OTP verified successfully',175),(330,'SENT','SEND_OTP','c***1@sbms.local','2026-05-16 01:31:21.111344','SYSTEM',NULL,NULL,'OTP dispatched through configured provider',176),(331,'VERIFIED','RESET_PASSWORD','c***1@sbms.local','2026-05-16 01:31:21.294337','customer.seed01',NULL,NULL,'Password reset completed',176),(332,'SENT','SEND_OTP','c***1@sbms.local','2026-05-16 01:31:21.598344','SYSTEM',NULL,NULL,'OTP dispatched through configured provider',177),(333,'VERIFIED','LOGIN_OTP_VERIFY','c***1@sbms.local','2026-05-16 01:31:21.628339','AUTH_LOGIN','Mozilla/5.0 (Windows NT; Windows NT 10.0; en-US) WindowsPowerShell/5.1.19041.6456','0:0:0:0:0:0:0:1','Login OTP verified successfully',177),(334,'SENT','SEND_OTP','b***2@sbms.local','2026-05-16 01:31:24.630339','SYSTEM',NULL,NULL,'OTP dispatched through configured provider',178),(335,'VERIFIED','LOGIN_OTP_VERIFY','b***2@sbms.local','2026-05-16 01:31:24.654339','AUTH_LOGIN','Mozilla/5.0 (Windows NT; Windows NT 10.0; en-US) WindowsPowerShell/5.1.19041.6456','0:0:0:0:0:0:0:1','Login OTP verified successfully',178),(336,'SENT','SEND_OTP','t***2@sbms.local','2026-05-16 01:31:24.849340','SYSTEM',NULL,NULL,'OTP dispatched through configured provider',179),(337,'VERIFIED','LOGIN_OTP_VERIFY','t***2@sbms.local','2026-05-16 01:31:24.878343','AUTH_LOGIN','Mozilla/5.0 (Windows NT; Windows NT 10.0; en-US) WindowsPowerShell/5.1.19041.6456','0:0:0:0:0:0:0:1','Login OTP verified successfully',179),(338,'SENT','SEND_OTP','m***8@gmail.com','2026-05-16 01:32:40.072650','SYSTEM',NULL,NULL,'OTP dispatched through configured provider',180),(339,'VERIFIED','RESET_PASSWORD','m***8@gmail.com','2026-05-16 01:32:40.304758','Admin01',NULL,NULL,'Password reset completed',180),(340,'SENT','SEND_OTP','m***8@gmail.com','2026-05-16 01:32:40.515764','SYSTEM',NULL,NULL,'OTP dispatched through configured provider',181),(341,'VERIFIED','LOGIN_OTP_VERIFY','m***8@gmail.com','2026-05-16 01:32:40.543760','AUTH_LOGIN','Mozilla/5.0 (Windows NT; Windows NT 10.0; en-US) WindowsPowerShell/5.1.19041.6456','0:0:0:0:0:0:0:1','Login OTP verified successfully',181),(342,'SENT','SEND_OTP','b***1@sbms.local','2026-05-16 01:32:40.681762','SYSTEM',NULL,NULL,'OTP dispatched through configured provider',182),(343,'VERIFIED','RESET_PASSWORD','b***1@sbms.local','2026-05-16 01:32:40.887757','branch.manager01',NULL,NULL,'Password reset completed',182),(344,'SENT','SEND_OTP','b***1@sbms.local','2026-05-16 01:32:41.109756','SYSTEM',NULL,NULL,'OTP dispatched through configured provider',183),(345,'VERIFIED','LOGIN_OTP_VERIFY','b***1@sbms.local','2026-05-16 01:32:41.131757','AUTH_LOGIN','Mozilla/5.0 (Windows NT; Windows NT 10.0; en-US) WindowsPowerShell/5.1.19041.6456','0:0:0:0:0:0:0:1','Login OTP verified successfully',183),(346,'SENT','SEND_OTP','o***1@sbms.local','2026-05-16 01:32:41.178759','SYSTEM',NULL,NULL,'OTP dispatched through configured provider',184),(347,'VERIFIED','RESET_PASSWORD','o***1@sbms.local','2026-05-16 01:32:41.354759','ops.officer01',NULL,NULL,'Password reset completed',184),(348,'SENT','SEND_OTP','o***1@sbms.local','2026-05-16 01:32:41.567758','SYSTEM',NULL,NULL,'OTP dispatched through configured provider',185),(349,'VERIFIED','LOGIN_OTP_VERIFY','o***1@sbms.local','2026-05-16 01:32:41.591758','AUTH_LOGIN','Mozilla/5.0 (Windows NT; Windows NT 10.0; en-US) WindowsPowerShell/5.1.19041.6456','0:0:0:0:0:0:0:1','Login OTP verified successfully',185),(350,'SENT','SEND_OTP','i***1@sbms.local','2026-05-16 01:32:41.644760','SYSTEM',NULL,NULL,'OTP dispatched through configured provider',186),(351,'VERIFIED','RESET_PASSWORD','i***1@sbms.local','2026-05-16 01:32:42.180762','investment.officer01',NULL,NULL,'Password reset completed',186),(352,'SENT','SEND_OTP','i***1@sbms.local','2026-05-16 01:32:42.512762','SYSTEM',NULL,NULL,'OTP dispatched through configured provider',187),(353,'VERIFIED','LOGIN_OTP_VERIFY','i***1@sbms.local','2026-05-16 01:32:42.544761','AUTH_LOGIN','Mozilla/5.0 (Windows NT; Windows NT 10.0; en-US) WindowsPowerShell/5.1.19041.6456','0:0:0:0:0:0:0:1','Login OTP verified successfully',187),(354,'SENT','SEND_OTP','s***1@sbms.local','2026-05-16 01:32:42.615756','SYSTEM',NULL,NULL,'OTP dispatched through configured provider',188),(355,'VERIFIED','RESET_PASSWORD','s***1@sbms.local','2026-05-16 01:32:42.847760','shariah.board01',NULL,NULL,'Password reset completed',188),(356,'SENT','SEND_OTP','s***1@sbms.local','2026-05-16 01:32:43.081759','SYSTEM',NULL,NULL,'OTP dispatched through configured provider',189),(357,'VERIFIED','LOGIN_OTP_VERIFY','s***1@sbms.local','2026-05-16 01:32:43.109754','AUTH_LOGIN','Mozilla/5.0 (Windows NT; Windows NT 10.0; en-US) WindowsPowerShell/5.1.19041.6456','0:0:0:0:0:0:0:1','Login OTP verified successfully',189),(358,'SENT','SEND_OTP','c***1@sbms.local','2026-05-16 01:32:43.178764','SYSTEM',NULL,NULL,'OTP dispatched through configured provider',190),(359,'VERIFIED','RESET_PASSWORD','c***1@sbms.local','2026-05-16 01:32:43.376760','customer.seed01',NULL,NULL,'Password reset completed',190),(360,'SENT','SEND_OTP','c***1@sbms.local','2026-05-16 01:32:43.780760','SYSTEM',NULL,NULL,'OTP dispatched through configured provider',191),(361,'VERIFIED','LOGIN_OTP_VERIFY','c***1@sbms.local','2026-05-16 01:32:43.822758','AUTH_LOGIN','Mozilla/5.0 (Windows NT; Windows NT 10.0; en-US) WindowsPowerShell/5.1.19041.6456','0:0:0:0:0:0:0:1','Login OTP verified successfully',191),(362,'SENT','SEND_OTP','b***4@sbms.local','2026-05-16 01:32:45.379764','SYSTEM',NULL,NULL,'OTP dispatched through configured provider',192),(363,'VERIFIED','LOGIN_OTP_VERIFY','b***4@sbms.local','2026-05-16 01:32:45.408759','AUTH_LOGIN','Mozilla/5.0 (Windows NT; Windows NT 10.0; en-US) WindowsPowerShell/5.1.19041.6456','0:0:0:0:0:0:0:1','Login OTP verified successfully',192),(364,'SENT','SEND_OTP','t***4@sbms.local','2026-05-16 01:32:45.571756','SYSTEM',NULL,NULL,'OTP dispatched through configured provider',193),(365,'VERIFIED','LOGIN_OTP_VERIFY','t***4@sbms.local','2026-05-16 01:32:45.597634','AUTH_LOGIN','Mozilla/5.0 (Windows NT; Windows NT 10.0; en-US) WindowsPowerShell/5.1.19041.6456','0:0:0:0:0:0:0:1','Login OTP verified successfully',193),(366,'SENT','SEND_OTP','m***8@gmail.com','2026-05-16 01:36:25.472742','SYSTEM',NULL,NULL,'OTP dispatched through configured provider',194),(367,'VERIFIED','RESET_PASSWORD','m***8@gmail.com','2026-05-16 01:36:25.875742','Admin01',NULL,NULL,'Password reset completed',194),(368,'SENT','SEND_OTP','m***8@gmail.com','2026-05-16 01:36:26.177738','SYSTEM',NULL,NULL,'OTP dispatched through configured provider',195),(369,'VERIFIED','LOGIN_OTP_VERIFY','m***8@gmail.com','2026-05-16 01:36:26.240739','AUTH_LOGIN','Mozilla/5.0 (Windows NT; Windows NT 10.0; en-US) WindowsPowerShell/5.1.19041.6456','0:0:0:0:0:0:0:1','Login OTP verified successfully',195),(370,'SENT','SEND_OTP','b***1@sbms.local','2026-05-16 01:36:26.389745','SYSTEM',NULL,NULL,'OTP dispatched through configured provider',196),(371,'VERIFIED','RESET_PASSWORD','b***1@sbms.local','2026-05-16 01:36:26.627737','branch.manager01',NULL,NULL,'Password reset completed',196),(372,'SENT','SEND_OTP','b***1@sbms.local','2026-05-16 01:36:26.890739','SYSTEM',NULL,NULL,'OTP dispatched through configured provider',197),(373,'VERIFIED','LOGIN_OTP_VERIFY','b***1@sbms.local','2026-05-16 01:36:26.912738','AUTH_LOGIN','Mozilla/5.0 (Windows NT; Windows NT 10.0; en-US) WindowsPowerShell/5.1.19041.6456','0:0:0:0:0:0:0:1','Login OTP verified successfully',197),(374,'SENT','SEND_OTP','o***1@sbms.local','2026-05-16 01:36:26.963739','SYSTEM',NULL,NULL,'OTP dispatched through configured provider',198),(375,'VERIFIED','RESET_PASSWORD','o***1@sbms.local','2026-05-16 01:36:27.136737','ops.officer01',NULL,NULL,'Password reset completed',198),(376,'SENT','SEND_OTP','o***1@sbms.local','2026-05-16 01:36:27.320744','SYSTEM',NULL,NULL,'OTP dispatched through configured provider',199),(377,'VERIFIED','LOGIN_OTP_VERIFY','o***1@sbms.local','2026-05-16 01:36:27.345969','AUTH_LOGIN','Mozilla/5.0 (Windows NT; Windows NT 10.0; en-US) WindowsPowerShell/5.1.19041.6456','0:0:0:0:0:0:0:1','Login OTP verified successfully',199),(378,'SENT','SEND_OTP','i***1@sbms.local','2026-05-16 01:36:27.388968','SYSTEM',NULL,NULL,'OTP dispatched through configured provider',200),(379,'VERIFIED','RESET_PASSWORD','i***1@sbms.local','2026-05-16 01:36:27.555958','investment.officer01',NULL,NULL,'Password reset completed',200),(380,'SENT','SEND_OTP','i***1@sbms.local','2026-05-16 01:36:27.744962','SYSTEM',NULL,NULL,'OTP dispatched through configured provider',201),(381,'VERIFIED','LOGIN_OTP_VERIFY','i***1@sbms.local','2026-05-16 01:36:27.766962','AUTH_LOGIN','Mozilla/5.0 (Windows NT; Windows NT 10.0; en-US) WindowsPowerShell/5.1.19041.6456','0:0:0:0:0:0:0:1','Login OTP verified successfully',201),(382,'SENT','SEND_OTP','s***1@sbms.local','2026-05-16 01:36:27.804966','SYSTEM',NULL,NULL,'OTP dispatched through configured provider',202),(383,'VERIFIED','RESET_PASSWORD','s***1@sbms.local','2026-05-16 01:36:27.967965','shariah.board01',NULL,NULL,'Password reset completed',202),(384,'SENT','SEND_OTP','s***1@sbms.local','2026-05-16 01:36:28.199965','SYSTEM',NULL,NULL,'OTP dispatched through configured provider',203),(385,'VERIFIED','LOGIN_OTP_VERIFY','s***1@sbms.local','2026-05-16 01:36:28.227966','AUTH_LOGIN','Mozilla/5.0 (Windows NT; Windows NT 10.0; en-US) WindowsPowerShell/5.1.19041.6456','0:0:0:0:0:0:0:1','Login OTP verified successfully',203),(386,'SENT','SEND_OTP','c***1@sbms.local','2026-05-16 01:36:28.268961','SYSTEM',NULL,NULL,'OTP dispatched through configured provider',204),(387,'VERIFIED','RESET_PASSWORD','c***1@sbms.local','2026-05-16 01:36:28.427961','customer.seed01',NULL,NULL,'Password reset completed',204),(388,'SENT','SEND_OTP','c***1@sbms.local','2026-05-16 01:36:28.609033','SYSTEM',NULL,NULL,'OTP dispatched through configured provider',205),(389,'VERIFIED','LOGIN_OTP_VERIFY','c***1@sbms.local','2026-05-16 01:36:28.629029','AUTH_LOGIN','Mozilla/5.0 (Windows NT; Windows NT 10.0; en-US) WindowsPowerShell/5.1.19041.6456','0:0:0:0:0:0:0:1','Login OTP verified successfully',205),(390,'SENT','SEND_OTP','b***9@sbms.local','2026-05-16 01:36:30.139067','SYSTEM',NULL,NULL,'OTP dispatched through configured provider',206),(391,'VERIFIED','LOGIN_OTP_VERIFY','b***9@sbms.local','2026-05-16 01:36:30.174063','AUTH_LOGIN','Mozilla/5.0 (Windows NT; Windows NT 10.0; en-US) WindowsPowerShell/5.1.19041.6456','0:0:0:0:0:0:0:1','Login OTP verified successfully',206),(392,'SENT','SEND_OTP','t***9@sbms.local','2026-05-16 01:36:30.390063','SYSTEM',NULL,NULL,'OTP dispatched through configured provider',207),(393,'VERIFIED','LOGIN_OTP_VERIFY','t***9@sbms.local','2026-05-16 01:36:30.411064','AUTH_LOGIN','Mozilla/5.0 (Windows NT; Windows NT 10.0; en-US) WindowsPowerShell/5.1.19041.6456','0:0:0:0:0:0:0:1','Login OTP verified successfully',207),(394,'SENT','SEND_OTP','m***8@gmail.com','2026-05-16 08:07:06.190824','SYSTEM',NULL,NULL,'OTP dispatched through configured provider',208),(395,'VERIFIED','RESET_PASSWORD','m***8@gmail.com','2026-05-16 08:07:06.547823','Admin01',NULL,NULL,'Password reset completed',208),(396,'SENT','SEND_OTP','m***8@gmail.com','2026-05-16 08:07:06.862825','SYSTEM',NULL,NULL,'OTP dispatched through configured provider',209),(397,'VERIFIED','LOGIN_OTP_VERIFY','m***8@gmail.com','2026-05-16 08:07:06.943829','AUTH_LOGIN','Mozilla/5.0 (Windows NT; Windows NT 10.0; en-US) WindowsPowerShell/5.1.19041.6456','0:0:0:0:0:0:0:1','Login OTP verified successfully',209),(398,'SENT','SEND_OTP','b***1@sbms.local','2026-05-16 08:07:07.057828','SYSTEM',NULL,NULL,'OTP dispatched through configured provider',210),(399,'VERIFIED','RESET_PASSWORD','b***1@sbms.local','2026-05-16 08:07:07.324819','branch.manager01',NULL,NULL,'Password reset completed',210),(400,'SENT','SEND_OTP','b***1@sbms.local','2026-05-16 08:07:07.603819','SYSTEM',NULL,NULL,'OTP dispatched through configured provider',211),(401,'VERIFIED','LOGIN_OTP_VERIFY','b***1@sbms.local','2026-05-16 08:07:07.640819','AUTH_LOGIN','Mozilla/5.0 (Windows NT; Windows NT 10.0; en-US) WindowsPowerShell/5.1.19041.6456','0:0:0:0:0:0:0:1','Login OTP verified successfully',211),(402,'SENT','SEND_OTP','o***1@sbms.local','2026-05-16 08:07:07.689826','SYSTEM',NULL,NULL,'OTP dispatched through configured provider',212),(403,'VERIFIED','RESET_PASSWORD','o***1@sbms.local','2026-05-16 08:07:07.948825','ops.officer01',NULL,NULL,'Password reset completed',212),(404,'SENT','SEND_OTP','o***1@sbms.local','2026-05-16 08:07:08.224825','SYSTEM',NULL,NULL,'OTP dispatched through configured provider',213),(405,'VERIFIED','LOGIN_OTP_VERIFY','o***1@sbms.local','2026-05-16 08:07:08.244821','AUTH_LOGIN','Mozilla/5.0 (Windows NT; Windows NT 10.0; en-US) WindowsPowerShell/5.1.19041.6456','0:0:0:0:0:0:0:1','Login OTP verified successfully',213),(406,'SENT','SEND_OTP','i***1@sbms.local','2026-05-16 08:07:08.299818','SYSTEM',NULL,NULL,'OTP dispatched through configured provider',214),(407,'VERIFIED','RESET_PASSWORD','i***1@sbms.local','2026-05-16 08:07:08.531821','investment.officer01',NULL,NULL,'Password reset completed',214),(408,'SENT','SEND_OTP','i***1@sbms.local','2026-05-16 08:07:08.751819','SYSTEM',NULL,NULL,'OTP dispatched through configured provider',215),(409,'VERIFIED','LOGIN_OTP_VERIFY','i***1@sbms.local','2026-05-16 08:07:08.772822','AUTH_LOGIN','Mozilla/5.0 (Windows NT; Windows NT 10.0; en-US) WindowsPowerShell/5.1.19041.6456','0:0:0:0:0:0:0:1','Login OTP verified successfully',215),(410,'SENT','SEND_OTP','s***1@sbms.local','2026-05-16 08:07:08.818823','SYSTEM',NULL,NULL,'OTP dispatched through configured provider',216),(411,'VERIFIED','RESET_PASSWORD','s***1@sbms.local','2026-05-16 08:07:09.021822','shariah.board01',NULL,NULL,'Password reset completed',216),(412,'SENT','SEND_OTP','s***1@sbms.local','2026-05-16 08:07:09.305822','SYSTEM',NULL,NULL,'OTP dispatched through configured provider',217),(413,'VERIFIED','LOGIN_OTP_VERIFY','s***1@sbms.local','2026-05-16 08:07:09.330819','AUTH_LOGIN','Mozilla/5.0 (Windows NT; Windows NT 10.0; en-US) WindowsPowerShell/5.1.19041.6456','0:0:0:0:0:0:0:1','Login OTP verified successfully',217),(414,'SENT','SEND_OTP','c***1@sbms.local','2026-05-16 08:07:09.375824','SYSTEM',NULL,NULL,'OTP dispatched through configured provider',218),(415,'VERIFIED','RESET_PASSWORD','c***1@sbms.local','2026-05-16 08:07:09.572818','customer.seed01',NULL,NULL,'Password reset completed',218),(416,'SENT','SEND_OTP','c***1@sbms.local','2026-05-16 08:07:09.804822','SYSTEM',NULL,NULL,'OTP dispatched through configured provider',219),(417,'VERIFIED','LOGIN_OTP_VERIFY','c***1@sbms.local','2026-05-16 08:07:09.832820','AUTH_LOGIN','Mozilla/5.0 (Windows NT; Windows NT 10.0; en-US) WindowsPowerShell/5.1.19041.6456','0:0:0:0:0:0:0:1','Login OTP verified successfully',219),(418,'SENT','SEND_OTP','b***0@sbms.local','2026-05-16 08:07:11.794823','SYSTEM',NULL,NULL,'OTP dispatched through configured provider',220),(419,'VERIFIED','LOGIN_OTP_VERIFY','b***0@sbms.local','2026-05-16 08:07:11.819819','AUTH_LOGIN','Mozilla/5.0 (Windows NT; Windows NT 10.0; en-US) WindowsPowerShell/5.1.19041.6456','0:0:0:0:0:0:0:1','Login OTP verified successfully',220),(420,'SENT','SEND_OTP','t***0@sbms.local','2026-05-16 08:07:12.008821','SYSTEM',NULL,NULL,'OTP dispatched through configured provider',221),(421,'VERIFIED','LOGIN_OTP_VERIFY','t***0@sbms.local','2026-05-16 08:07:12.032821','AUTH_LOGIN','Mozilla/5.0 (Windows NT; Windows NT 10.0; en-US) WindowsPowerShell/5.1.19041.6456','0:0:0:0:0:0:0:1','Login OTP verified successfully',221),(422,'SENT','SEND_OTP','m***8@gmail.com','2026-05-16 08:09:46.935801','SYSTEM',NULL,NULL,'OTP dispatched through configured provider',222),(423,'VERIFIED','RESET_PASSWORD','m***8@gmail.com','2026-05-16 08:09:47.214614','Admin01',NULL,NULL,'Password reset completed',222),(424,'SENT','SEND_OTP','m***8@gmail.com','2026-05-16 08:09:47.476211','SYSTEM',NULL,NULL,'OTP dispatched through configured provider',223),(425,'VERIFIED','LOGIN_OTP_VERIFY','m***8@gmail.com','2026-05-16 08:09:47.511214','AUTH_LOGIN','Mozilla/5.0 (Windows NT; Windows NT 10.0; en-US) WindowsPowerShell/5.1.19041.6456','0:0:0:0:0:0:0:1','Login OTP verified successfully',223),(426,'SENT','SEND_OTP','b***1@sbms.local','2026-05-16 08:09:47.625217','SYSTEM',NULL,NULL,'OTP dispatched through configured provider',224),(427,'VERIFIED','RESET_PASSWORD','b***1@sbms.local','2026-05-16 08:09:47.810210','branch.manager01',NULL,NULL,'Password reset completed',224),(428,'SENT','SEND_OTP','b***1@sbms.local','2026-05-16 08:09:48.050211','SYSTEM',NULL,NULL,'OTP dispatched through configured provider',225),(429,'VERIFIED','LOGIN_OTP_VERIFY','b***1@sbms.local','2026-05-16 08:09:48.069214','AUTH_LOGIN','Mozilla/5.0 (Windows NT; Windows NT 10.0; en-US) WindowsPowerShell/5.1.19041.6456','0:0:0:0:0:0:0:1','Login OTP verified successfully',225),(430,'SENT','SEND_OTP','o***1@sbms.local','2026-05-16 08:09:48.109803','SYSTEM',NULL,NULL,'OTP dispatched through configured provider',226),(431,'VERIFIED','RESET_PASSWORD','o***1@sbms.local','2026-05-16 08:09:48.289789','ops.officer01',NULL,NULL,'Password reset completed',226),(432,'SENT','SEND_OTP','o***1@sbms.local','2026-05-16 08:09:48.513797','SYSTEM',NULL,NULL,'OTP dispatched through configured provider',227),(433,'VERIFIED','LOGIN_OTP_VERIFY','o***1@sbms.local','2026-05-16 08:09:48.574790','AUTH_LOGIN','Mozilla/5.0 (Windows NT; Windows NT 10.0; en-US) WindowsPowerShell/5.1.19041.6456','0:0:0:0:0:0:0:1','Login OTP verified successfully',227),(434,'SENT','SEND_OTP','i***1@sbms.local','2026-05-16 08:09:48.635795','SYSTEM',NULL,NULL,'OTP dispatched through configured provider',228),(435,'VERIFIED','RESET_PASSWORD','i***1@sbms.local','2026-05-16 08:09:49.016790','investment.officer01',NULL,NULL,'Password reset completed',228),(436,'SENT','SEND_OTP','i***1@sbms.local','2026-05-16 08:09:49.275792','SYSTEM',NULL,NULL,'OTP dispatched through configured provider',229),(437,'VERIFIED','LOGIN_OTP_VERIFY','i***1@sbms.local','2026-05-16 08:09:49.302791','AUTH_LOGIN','Mozilla/5.0 (Windows NT; Windows NT 10.0; en-US) WindowsPowerShell/5.1.19041.6456','0:0:0:0:0:0:0:1','Login OTP verified successfully',229),(438,'SENT','SEND_OTP','s***1@sbms.local','2026-05-16 08:09:49.358792','SYSTEM',NULL,NULL,'OTP dispatched through configured provider',230),(439,'VERIFIED','RESET_PASSWORD','s***1@sbms.local','2026-05-16 08:09:49.560792','shariah.board01',NULL,NULL,'Password reset completed',230),(440,'SENT','SEND_OTP','s***1@sbms.local','2026-05-16 08:09:49.801797','SYSTEM',NULL,NULL,'OTP dispatched through configured provider',231),(441,'VERIFIED','LOGIN_OTP_VERIFY','s***1@sbms.local','2026-05-16 08:09:49.830790','AUTH_LOGIN','Mozilla/5.0 (Windows NT; Windows NT 10.0; en-US) WindowsPowerShell/5.1.19041.6456','0:0:0:0:0:0:0:1','Login OTP verified successfully',231),(442,'SENT','SEND_OTP','c***1@sbms.local','2026-05-16 08:09:49.899798','SYSTEM',NULL,NULL,'OTP dispatched through configured provider',232),(443,'VERIFIED','RESET_PASSWORD','c***1@sbms.local','2026-05-16 08:09:50.106792','customer.seed01',NULL,NULL,'Password reset completed',232),(444,'SENT','SEND_OTP','c***1@sbms.local','2026-05-16 08:09:50.322798','SYSTEM',NULL,NULL,'OTP dispatched through configured provider',233),(445,'VERIFIED','LOGIN_OTP_VERIFY','c***1@sbms.local','2026-05-16 08:09:50.348367','AUTH_LOGIN','Mozilla/5.0 (Windows NT; Windows NT 10.0; en-US) WindowsPowerShell/5.1.19041.6456','0:0:0:0:0:0:0:1','Login OTP verified successfully',233),(446,'SENT','SEND_OTP','b***1@sbms.local','2026-05-16 08:09:52.305371','SYSTEM',NULL,NULL,'OTP dispatched through configured provider',234),(447,'VERIFIED','LOGIN_OTP_VERIFY','b***1@sbms.local','2026-05-16 08:09:52.332368','AUTH_LOGIN','Mozilla/5.0 (Windows NT; Windows NT 10.0; en-US) WindowsPowerShell/5.1.19041.6456','0:0:0:0:0:0:0:1','Login OTP verified successfully',234),(448,'SENT','SEND_OTP','t***1@sbms.local','2026-05-16 08:09:52.523368','SYSTEM',NULL,NULL,'OTP dispatched through configured provider',235),(449,'VERIFIED','LOGIN_OTP_VERIFY','t***1@sbms.local','2026-05-16 08:09:52.551425','AUTH_LOGIN','Mozilla/5.0 (Windows NT; Windows NT 10.0; en-US) WindowsPowerShell/5.1.19041.6456','0:0:0:0:0:0:0:1','Login OTP verified successfully',235),(450,'SENT','SEND_OTP','m***8@gmail.com','2026-05-16 08:15:22.864700','SYSTEM',NULL,NULL,'OTP dispatched through configured provider',236),(451,'VERIFIED','RESET_PASSWORD','m***8@gmail.com','2026-05-16 08:15:23.214705','Admin01',NULL,NULL,'Password reset completed',236),(452,'SENT','SEND_OTP','m***8@gmail.com','2026-05-16 08:15:23.534696','SYSTEM',NULL,NULL,'OTP dispatched through configured provider',237),(453,'VERIFIED','LOGIN_OTP_VERIFY','m***8@gmail.com','2026-05-16 08:15:23.608700','AUTH_LOGIN','Mozilla/5.0 (Windows NT; Windows NT 10.0; en-US) WindowsPowerShell/5.1.19041.6456','0:0:0:0:0:0:0:1','Login OTP verified successfully',237),(454,'SENT','SEND_OTP','m***8@gmail.com','2026-05-16 08:16:03.588510','SYSTEM',NULL,NULL,'OTP dispatched through configured provider',238),(455,'VERIFIED','RESET_PASSWORD','m***8@gmail.com','2026-05-16 08:16:03.848177','Admin01',NULL,NULL,'Password reset completed',238),(456,'SENT','SEND_OTP','m***8@gmail.com','2026-05-16 08:16:04.052587','SYSTEM',NULL,NULL,'OTP dispatched through configured provider',239),(457,'VERIFIED','LOGIN_OTP_VERIFY','m***8@gmail.com','2026-05-16 08:16:04.081357','AUTH_LOGIN','Mozilla/5.0 (Windows NT; Windows NT 10.0; en-US) WindowsPowerShell/5.1.19041.6456','0:0:0:0:0:0:0:1','Login OTP verified successfully',239),(458,'SENT','SEND_OTP','i***1@sbms.local','2026-05-16 08:16:04.133358','SYSTEM',NULL,NULL,'OTP dispatched through configured provider',240),(459,'VERIFIED','RESET_PASSWORD','i***1@sbms.local','2026-05-16 08:16:04.418352','investment.officer01',NULL,NULL,'Password reset completed',240),(460,'SENT','SEND_OTP','i***1@sbms.local','2026-05-16 08:16:04.640355','SYSTEM',NULL,NULL,'OTP dispatched through configured provider',241),(461,'VERIFIED','LOGIN_OTP_VERIFY','i***1@sbms.local','2026-05-16 08:16:04.667355','AUTH_LOGIN','Mozilla/5.0 (Windows NT; Windows NT 10.0; en-US) WindowsPowerShell/5.1.19041.6456','0:0:0:0:0:0:0:1','Login OTP verified successfully',241),(462,'SENT','SEND_OTP','o***1@sbms.local','2026-05-16 08:16:04.720357','SYSTEM',NULL,NULL,'OTP dispatched through configured provider',242),(463,'VERIFIED','RESET_PASSWORD','o***1@sbms.local','2026-05-16 08:16:04.912350','ops.officer01',NULL,NULL,'Password reset completed',242),(464,'SENT','SEND_OTP','o***1@sbms.local','2026-05-16 08:16:05.127612','SYSTEM',NULL,NULL,'OTP dispatched through configured provider',243),(465,'VERIFIED','LOGIN_OTP_VERIFY','o***1@sbms.local','2026-05-16 08:16:05.150613','AUTH_LOGIN','Mozilla/5.0 (Windows NT; Windows NT 10.0; en-US) WindowsPowerShell/5.1.19041.6456','0:0:0:0:0:0:0:1','Login OTP verified successfully',243),(466,'SENT','SEND_OTP','b***1@sbms.local','2026-05-16 08:16:05.201613','SYSTEM',NULL,NULL,'OTP dispatched through configured provider',244),(467,'VERIFIED','RESET_PASSWORD','b***1@sbms.local','2026-05-16 08:16:05.381614','branch.manager01',NULL,NULL,'Password reset completed',244),(468,'SENT','SEND_OTP','b***1@sbms.local','2026-05-16 08:16:05.630612','SYSTEM',NULL,NULL,'OTP dispatched through configured provider',245),(469,'VERIFIED','LOGIN_OTP_VERIFY','b***1@sbms.local','2026-05-16 08:16:05.672611','AUTH_LOGIN','Mozilla/5.0 (Windows NT; Windows NT 10.0; en-US) WindowsPowerShell/5.1.19041.6456','0:0:0:0:0:0:0:1','Login OTP verified successfully',245),(470,'SENT','SEND_OTP','m***8@gmail.com','2026-05-16 08:17:21.359008','SYSTEM',NULL,NULL,'OTP dispatched through configured provider',246),(471,'VERIFIED','RESET_PASSWORD','m***8@gmail.com','2026-05-16 08:17:21.763001','Admin01',NULL,NULL,'Password reset completed',246),(472,'SENT','SEND_OTP','m***8@gmail.com','2026-05-16 08:17:21.981003','SYSTEM',NULL,NULL,'OTP dispatched through configured provider',247),(473,'VERIFIED','LOGIN_OTP_VERIFY','m***8@gmail.com','2026-05-16 08:17:22.004245','AUTH_LOGIN','Mozilla/5.0 (Windows NT; Windows NT 10.0; en-US) WindowsPowerShell/5.1.19041.6456','0:0:0:0:0:0:0:1','Login OTP verified successfully',247),(474,'SENT','SEND_OTP','i***1@sbms.local','2026-05-16 08:17:22.069243','SYSTEM',NULL,NULL,'OTP dispatched through configured provider',248),(475,'VERIFIED','RESET_PASSWORD','i***1@sbms.local','2026-05-16 08:17:22.251238','investment.officer01',NULL,NULL,'Password reset completed',248),(476,'SENT','SEND_OTP','i***1@sbms.local','2026-05-16 08:17:22.450805','SYSTEM',NULL,NULL,'OTP dispatched through configured provider',249),(477,'VERIFIED','LOGIN_OTP_VERIFY','i***1@sbms.local','2026-05-16 08:17:22.470111','AUTH_LOGIN','Mozilla/5.0 (Windows NT; Windows NT 10.0; en-US) WindowsPowerShell/5.1.19041.6456','0:0:0:0:0:0:0:1','Login OTP verified successfully',249),(478,'SENT','SEND_OTP','o***1@sbms.local','2026-05-16 08:17:22.549210','SYSTEM',NULL,NULL,'OTP dispatched through configured provider',250),(479,'VERIFIED','RESET_PASSWORD','o***1@sbms.local','2026-05-16 08:17:22.798556','ops.officer01',NULL,NULL,'Password reset completed',250),(480,'SENT','SEND_OTP','o***1@sbms.local','2026-05-16 08:17:23.233553','SYSTEM',NULL,NULL,'OTP dispatched through configured provider',251),(481,'VERIFIED','LOGIN_OTP_VERIFY','o***1@sbms.local','2026-05-16 08:17:23.270558','AUTH_LOGIN','Mozilla/5.0 (Windows NT; Windows NT 10.0; en-US) WindowsPowerShell/5.1.19041.6456','0:0:0:0:0:0:0:1','Login OTP verified successfully',251),(482,'SENT','SEND_OTP','m***8@gmail.com','2026-05-16 08:18:24.131107','SYSTEM',NULL,NULL,'OTP dispatched through configured provider',252),(483,'VERIFIED','RESET_PASSWORD','m***8@gmail.com','2026-05-16 08:18:24.529109','Admin01',NULL,NULL,'Password reset completed',252),(484,'SENT','SEND_OTP','m***8@gmail.com','2026-05-16 08:18:25.283108','SYSTEM',NULL,NULL,'OTP dispatched through configured provider',253),(485,'VERIFIED','LOGIN_OTP_VERIFY','m***8@gmail.com','2026-05-16 08:18:25.334111','AUTH_LOGIN','Mozilla/5.0 (Windows NT; Windows NT 10.0; en-US) WindowsPowerShell/5.1.19041.6456','0:0:0:0:0:0:0:1','Login OTP verified successfully',253),(486,'SENT','SEND_OTP','i***1@sbms.local','2026-05-16 08:18:25.446109','SYSTEM',NULL,NULL,'OTP dispatched through configured provider',254),(487,'VERIFIED','RESET_PASSWORD','i***1@sbms.local','2026-05-16 08:18:25.773111','investment.officer01',NULL,NULL,'Password reset completed',254),(488,'SENT','SEND_OTP','i***1@sbms.local','2026-05-16 08:18:26.226113','SYSTEM',NULL,NULL,'OTP dispatched through configured provider',255),(489,'VERIFIED','LOGIN_OTP_VERIFY','i***1@sbms.local','2026-05-16 08:18:26.266110','AUTH_LOGIN','Mozilla/5.0 (Windows NT; Windows NT 10.0; en-US) WindowsPowerShell/5.1.19041.6456','0:0:0:0:0:0:0:1','Login OTP verified successfully',255),(490,'SENT','SEND_OTP','o***1@sbms.local','2026-05-16 08:18:26.366111','SYSTEM',NULL,NULL,'OTP dispatched through configured provider',256),(491,'VERIFIED','RESET_PASSWORD','o***1@sbms.local','2026-05-16 08:18:26.763103','ops.officer01',NULL,NULL,'Password reset completed',256),(492,'SENT','SEND_OTP','o***1@sbms.local','2026-05-16 08:18:27.056109','SYSTEM',NULL,NULL,'OTP dispatched through configured provider',257),(493,'VERIFIED','LOGIN_OTP_VERIFY','o***1@sbms.local','2026-05-16 08:18:27.084108','AUTH_LOGIN','Mozilla/5.0 (Windows NT; Windows NT 10.0; en-US) WindowsPowerShell/5.1.19041.6456','0:0:0:0:0:0:0:1','Login OTP verified successfully',257),(494,'SENT','SEND_OTP','m***8@gmail.com','2026-05-16 09:05:55.966248','SYSTEM',NULL,NULL,'OTP dispatched through configured provider',258),(495,'SENT','SEND_OTP','b***1@sbms.local','2026-05-16 09:05:56.232256','SYSTEM',NULL,NULL,'OTP dispatched through configured provider',259),(496,'SENT','SEND_OTP','o***1@sbms.local','2026-05-16 09:05:56.388255','SYSTEM',NULL,NULL,'OTP dispatched through configured provider',260),(497,'SENT','SEND_OTP','i***1@sbms.local','2026-05-16 09:05:56.559251','SYSTEM',NULL,NULL,'OTP dispatched through configured provider',261),(498,'SENT','SEND_OTP','s***1@sbms.local','2026-05-16 09:05:56.751248','SYSTEM',NULL,NULL,'OTP dispatched through configured provider',262),(499,'SENT','SEND_OTP','c***1@sbms.local','2026-05-16 09:05:56.926253','SYSTEM',NULL,NULL,'OTP dispatched through configured provider',263),(500,'SENT','SEND_OTP','m***8@gmail.com','2026-05-16 09:16:22.731069','SYSTEM',NULL,NULL,'OTP dispatched through configured provider',264),(501,'VERIFIED','RESET_PASSWORD','m***8@gmail.com','2026-05-16 09:16:23.057066','Admin01',NULL,NULL,'Password reset completed',264),(502,'SENT','SEND_OTP','m***8@gmail.com','2026-05-16 09:16:23.317067','SYSTEM',NULL,NULL,'OTP dispatched through configured provider',265),(503,'SENT','SEND_OTP','b***1@sbms.local','2026-05-16 09:16:23.376073','SYSTEM',NULL,NULL,'OTP dispatched through configured provider',266),(504,'VERIFIED','RESET_PASSWORD','b***1@sbms.local','2026-05-16 09:16:23.557069','branch.manager01',NULL,NULL,'Password reset completed',266),(505,'SENT','SEND_OTP','b***1@sbms.local','2026-05-16 09:16:23.788070','SYSTEM',NULL,NULL,'OTP dispatched through configured provider',267),(506,'SENT','SEND_OTP','o***1@sbms.local','2026-05-16 09:16:23.835068','SYSTEM',NULL,NULL,'OTP dispatched through configured provider',268),(507,'VERIFIED','RESET_PASSWORD','o***1@sbms.local','2026-05-16 09:16:24.040066','ops.officer01',NULL,NULL,'Password reset completed',268),(508,'SENT','SEND_OTP','o***1@sbms.local','2026-05-16 09:16:24.245077','SYSTEM',NULL,NULL,'OTP dispatched through configured provider',269),(509,'SENT','SEND_OTP','i***1@sbms.local','2026-05-16 09:16:24.290090','SYSTEM',NULL,NULL,'OTP dispatched through configured provider',270),(510,'VERIFIED','RESET_PASSWORD','i***1@sbms.local','2026-05-16 09:16:24.478066','investment.officer01',NULL,NULL,'Password reset completed',270),(511,'SENT','SEND_OTP','i***1@sbms.local','2026-05-16 09:16:24.693073','SYSTEM',NULL,NULL,'OTP dispatched through configured provider',271),(512,'SENT','SEND_OTP','s***1@sbms.local','2026-05-16 09:16:24.741071','SYSTEM',NULL,NULL,'OTP dispatched through configured provider',272),(513,'VERIFIED','RESET_PASSWORD','s***1@sbms.local','2026-05-16 09:16:24.964076','shariah.board01',NULL,NULL,'Password reset completed',272),(514,'SENT','SEND_OTP','s***1@sbms.local','2026-05-16 09:16:25.194076','SYSTEM',NULL,NULL,'OTP dispatched through configured provider',273),(515,'SENT','SEND_OTP','c***1@sbms.local','2026-05-16 09:16:25.239066','SYSTEM',NULL,NULL,'OTP dispatched through configured provider',274),(516,'VERIFIED','RESET_PASSWORD','c***1@sbms.local','2026-05-16 09:16:25.442070','customer.seed01',NULL,NULL,'Password reset completed',274),(517,'SENT','SEND_OTP','c***1@sbms.local','2026-05-16 09:16:25.689070','SYSTEM',NULL,NULL,'OTP dispatched through configured provider',275),(518,'SENT','RESEND_OTP','m***8@gmail.com','2026-05-16 09:20:30.694669','SYSTEM',NULL,NULL,'Login OTP issued after credential validation',265),(519,'SENT','RESEND_OTP','b***1@sbms.local','2026-05-16 09:20:30.905933','SYSTEM',NULL,NULL,'Login OTP issued after credential validation',267),(520,'SENT','RESEND_OTP','o***1@sbms.local','2026-05-16 09:20:31.056933','SYSTEM',NULL,NULL,'Login OTP issued after credential validation',269),(521,'SENT','RESEND_OTP','i***1@sbms.local','2026-05-16 09:20:31.233930','SYSTEM',NULL,NULL,'Login OTP issued after credential validation',271),(522,'SENT','RESEND_OTP','s***1@sbms.local','2026-05-16 09:20:31.397931','SYSTEM',NULL,NULL,'Login OTP issued after credential validation',273),(523,'SENT','RESEND_OTP','c***1@sbms.local','2026-05-16 09:20:31.548933','SYSTEM',NULL,NULL,'Login OTP issued after credential validation',275),(524,'SENT','RESEND_OTP','m***8@gmail.com','2026-05-16 09:22:03.746486','SYSTEM',NULL,NULL,'Login OTP issued after credential validation',265),(525,'VERIFIED','LOGIN_OTP_VERIFY','m***8@gmail.com','2026-05-16 09:22:59.091910','AUTH_LOGIN','Mozilla/5.0 (Windows NT 10.0; Win64; x64) AppleWebKit/537.36 (KHTML, like Gecko) Chrome/148.0.0.0 Safari/537.36','0:0:0:0:0:0:0:1','Login OTP verified successfully',265),(526,'SENT','SEND_OTP','m***8@gmail.com','2026-05-16 09:43:46.373766','SYSTEM',NULL,NULL,'OTP dispatched through configured provider',276),(527,'SENT','SEND_OTP','m***8@gmail.com','2026-05-16 09:45:23.401786','SYSTEM',NULL,NULL,'OTP dispatched through configured provider',277),(528,'SENT','SEND_OTP','m***8@gmail.com','2026-05-16 09:49:27.115442','SYSTEM',NULL,NULL,'OTP dispatched through configured provider',278),(529,'VERIFIED','LOGIN_OTP_VERIFY','m***8@gmail.com','2026-05-16 09:50:51.245476','AUTH_LOGIN','Mozilla/5.0 (Windows NT 10.0; Win64; x64) AppleWebKit/537.36 (KHTML, like Gecko) Chrome/148.0.0.0 Safari/537.36','0:0:0:0:0:0:0:1','Login OTP verified successfully',278),(530,'SENT','SEND_OTP','m***1@gmail.com','2026-05-16 09:57:58.024451','SYSTEM',NULL,NULL,'OTP dispatched through configured provider',279),(531,'SENT','SEND_OTP','m***8@gmail.com','2026-05-16 10:05:03.728814','SYSTEM',NULL,NULL,'OTP dispatched through configured provider',280),(532,'VERIFIED','LOGIN_OTP_VERIFY','m***8@gmail.com','2026-05-16 10:05:36.827091','AUTH_LOGIN','Mozilla/5.0 (Windows NT 10.0; Win64; x64) AppleWebKit/537.36 (KHTML, like Gecko) Chrome/148.0.0.0 Safari/537.36','0:0:0:0:0:0:0:1','Login OTP verified successfully',280),(533,'SENT','SEND_OTP','m***8@gmail.com','2026-05-16 10:31:11.676238','SYSTEM',NULL,NULL,'OTP dispatched through configured provider',281),(534,'SENT','SEND_OTP','m***8@gmail.com','2026-05-16 20:54:51.472365','SYSTEM',NULL,NULL,'OTP dispatched through configured provider',282),(535,'VERIFIED','LOGIN_OTP_VERIFY','m***8@gmail.com','2026-05-16 20:55:35.757635','AUTH_LOGIN','Mozilla/5.0 (Windows NT 10.0; Win64; x64) AppleWebKit/537.36 (KHTML, like Gecko) Chrome/148.0.0.0 Safari/537.36','0:0:0:0:0:0:0:1','Login OTP verified successfully',282),(536,'SENT','SEND_OTP','m***8@gmail.com','2026-05-17 08:58:13.066338','SYSTEM',NULL,NULL,'OTP dispatched through configured provider',283),(537,'VERIFIED','LOGIN_OTP_VERIFY','m***8@gmail.com','2026-05-17 08:58:46.393430','AUTH_LOGIN','Mozilla/5.0 (Windows NT 10.0; Win64; x64) AppleWebKit/537.36 (KHTML, like Gecko) Chrome/148.0.0.0 Safari/537.36','0:0:0:0:0:0:0:1','Login OTP verified successfully',283),(538,'SENT','SEND_OTP','m***8@gmail.com','2026-05-17 23:37:30.527405','SYSTEM',NULL,NULL,'OTP dispatched through configured provider',284),(539,'VERIFIED','LOGIN_OTP_VERIFY','m***8@gmail.com','2026-05-17 23:38:07.600765','AUTH_LOGIN','Mozilla/5.0 (Windows NT 10.0; Win64; x64) AppleWebKit/537.36 (KHTML, like Gecko) Chrome/148.0.0.0 Safari/537.36','0:0:0:0:0:0:0:1','Login OTP verified successfully',284),(540,'SENT','SEND_OTP','m***8@gmail.com','2026-05-18 00:26:09.810903','SYSTEM',NULL,NULL,'OTP dispatched through configured provider',285),(541,'SENT','RESEND_OTP','m***8@gmail.com','2026-05-18 00:26:51.036743','SYSTEM',NULL,NULL,'Login OTP issued after credential validation',285),(542,'SENT','SEND_OTP','m***8@gmail.com','2026-05-18 07:57:06.889662','SYSTEM',NULL,NULL,'OTP dispatched through configured provider',286),(543,'VERIFIED','LOGIN_OTP_VERIFY','m***8@gmail.com','2026-05-18 07:57:47.997690','AUTH_LOGIN','Mozilla/5.0 (Windows NT 10.0; Win64; x64) AppleWebKit/537.36 (KHTML, like Gecko) Chrome/148.0.0.0 Safari/537.36','0:0:0:0:0:0:0:1','Login OTP verified successfully',286);
/*!40000 ALTER TABLE `verification_attempt_log` ENABLE KEYS */;
UNLOCK TABLES;

--
-- Table structure for table `verification_channel`
--

DROP TABLE IF EXISTS `verification_channel`;
/*!40101 SET @saved_cs_client     = @@character_set_client */;
/*!50503 SET character_set_client = utf8mb4 */;
CREATE TABLE `verification_channel` (
  `id` bigint NOT NULL AUTO_INCREMENT,
  `channel_code` varchar(40) NOT NULL,
  `channel_name` varchar(120) NOT NULL,
  `created_at` datetime(6) NOT NULL,
  `provider_name` varchar(120) DEFAULT NULL,
  `status` enum('ACTIVE','ARCHIVED','PENDING') NOT NULL,
  `updated_at` datetime(6) NOT NULL,
  PRIMARY KEY (`id`),
  UNIQUE KEY `UKb3jgk39kewny7qmmgmu13x2og` (`channel_code`)
) ENGINE=InnoDB AUTO_INCREMENT=3 DEFAULT CHARSET=utf8mb4 COLLATE=utf8mb4_0900_ai_ci;
/*!40101 SET character_set_client = @saved_cs_client */;

--
-- Dumping data for table `verification_channel`
--

LOCK TABLES `verification_channel` WRITE;
/*!40000 ALTER TABLE `verification_channel` DISABLE KEYS */;
INSERT INTO `verification_channel` VALUES (1,'EMAIL','Email Verification Channel','2026-04-01 09:00:00.000000','LOCAL_EMAIL_SIMULATOR','ACTIVE','2026-04-01 09:00:00.000000'),(2,'SMS','SMS Verification Channel','2026-04-01 09:05:00.000000','LOCAL_SMS_SIMULATOR','ACTIVE','2026-04-01 09:05:00.000000');
/*!40000 ALTER TABLE `verification_channel` ENABLE KEYS */;
UNLOCK TABLES;

--
-- Table structure for table `verification_dispatch_queue`
--

DROP TABLE IF EXISTS `verification_dispatch_queue`;
/*!40101 SET @saved_cs_client     = @@character_set_client */;
/*!50503 SET character_set_client = utf8mb4 */;
CREATE TABLE `verification_dispatch_queue` (
  `id` bigint NOT NULL AUTO_INCREMENT,
  `channel_type` enum('EMAIL','SMS') NOT NULL,
  `created_at` datetime(6) NOT NULL,
  `dispatch_status` enum('EXPIRED','FAILED','PENDING','SENT','VERIFIED') NOT NULL,
  `dispatched_at` datetime(6) DEFAULT NULL,
  `provider_name` varchar(120) DEFAULT NULL,
  `provider_response` varchar(2000) DEFAULT NULL,
  `status` enum('ACTIVE','ARCHIVED','PENDING') NOT NULL,
  `request_id` bigint NOT NULL,
  PRIMARY KEY (`id`),
  KEY `FKoy1ts9sfhk6y8x4vpu62jr25m` (`request_id`),
  CONSTRAINT `FKoy1ts9sfhk6y8x4vpu62jr25m` FOREIGN KEY (`request_id`) REFERENCES `otp_verification_request` (`id`)
) ENGINE=InnoDB AUTO_INCREMENT=301 DEFAULT CHARSET=utf8mb4 COLLATE=utf8mb4_0900_ai_ci;
/*!40101 SET character_set_client = @saved_cs_client */;

--
-- Dumping data for table `verification_dispatch_queue`
--

LOCK TABLES `verification_dispatch_queue` WRITE;
/*!40000 ALTER TABLE `verification_dispatch_queue` DISABLE KEYS */;
INSERT INTO `verification_dispatch_queue` VALUES (1,'EMAIL','2026-04-10 09:00:00.000000','SENT','2026-04-10 09:00:00.000000','LOCAL_EMAIL_SIMULATOR','provider=LOCAL_SIMULATOR; channel=EMAIL; purpose=VERIFY_EMAIL; otpPreview=111111','ACTIVE',1),(2,'SMS','2026-04-10 09:10:00.000000','SENT','2026-04-10 09:10:00.000000','LOCAL_SMS_SIMULATOR','provider=LOCAL_SIMULATOR; channel=SMS; purpose=VERIFY_MOBILE; otpPreview=222222','ACTIVE',2),(3,'EMAIL','2026-04-10 09:20:00.000000','SENT','2026-04-10 09:20:00.000000','LOCAL_EMAIL_SIMULATOR','provider=LOCAL_SIMULATOR; channel=EMAIL; purpose=VERIFY_EMAIL; otpPreview=333333','ACTIVE',3),(4,'SMS','2026-04-10 09:30:00.000000','FAILED','2026-04-10 09:30:00.000000','LOCAL_SMS_SIMULATOR','provider=LOCAL_SIMULATOR; channel=SMS; purpose=VERIFY_MOBILE; otpPreview=444444','ACTIVE',4),(5,'EMAIL','2026-04-10 09:40:00.000000','SENT','2026-04-10 09:40:00.000000','LOCAL_EMAIL_SIMULATOR','provider=LOCAL_SIMULATOR; channel=EMAIL; purpose=PASSWORD_RESET; otpPreview=555555','ACTIVE',5),(6,'SMS','2026-04-10 09:50:00.000000','VERIFIED','2026-04-10 09:50:00.000000','LOCAL_SMS_SIMULATOR','provider=LOCAL_SIMULATOR; channel=SMS; purpose=PASSWORD_RESET; otpPreview=666666','ACTIVE',6),(7,'EMAIL','2026-04-10 10:00:00.000000','SENT','2026-04-10 10:00:00.000000','LOCAL_EMAIL_SIMULATOR','provider=LOCAL_SIMULATOR; channel=EMAIL; purpose=PROVIDER_TEST; otpPreview=777777','ACTIVE',7),(8,'EMAIL','2026-04-10 10:10:00.000000','EXPIRED','2026-04-10 10:10:00.000000','LOCAL_EMAIL_SIMULATOR','provider=LOCAL_SIMULATOR; channel=EMAIL; purpose=VERIFY_EMAIL; otpPreview=888888','ACTIVE',8),(9,'SMS','2026-04-10 10:20:00.000000','SENT','2026-04-10 10:20:00.000000','LOCAL_SMS_SIMULATOR','provider=LOCAL_SIMULATOR; channel=SMS; purpose=VERIFY_MOBILE; otpPreview=999999','ACTIVE',9),(10,'EMAIL','2026-04-10 10:30:00.000000','VERIFIED','2026-04-10 10:30:00.000000','LOCAL_EMAIL_SIMULATOR','provider=LOCAL_SIMULATOR; channel=EMAIL; purpose=VERIFY_EMAIL; otpPreview=121212','ACTIVE',10),(11,'SMS','2026-04-10 10:40:00.000000','VERIFIED','2026-04-10 10:40:00.000000','LOCAL_SMS_SIMULATOR','provider=LOCAL_SIMULATOR; channel=SMS; purpose=VERIFY_MOBILE; otpPreview=131313','ACTIVE',11),(12,'SMS','2026-04-10 10:50:00.000000','FAILED','2026-04-10 10:50:00.000000','LOCAL_SMS_SIMULATOR','provider=LOCAL_SIMULATOR; channel=SMS; purpose=PROVIDER_TEST; otpPreview=141414','ACTIVE',12),(13,'EMAIL','2026-04-10 11:00:00.000000','EXPIRED','2026-04-10 11:00:00.000000','LOCAL_EMAIL_SIMULATOR','provider=LOCAL_SIMULATOR; channel=EMAIL; purpose=PASSWORD_RESET; otpPreview=151515','ACTIVE',13),(14,'EMAIL','2026-04-10 11:10:00.000000','SENT','2026-04-10 11:10:00.000000','LOCAL_EMAIL_SIMULATOR','provider=LOCAL_SIMULATOR; channel=EMAIL; purpose=VERIFY_EMAIL; otpPreview=161616','ACTIVE',14),(15,'SMS','2026-04-10 11:20:00.000000','SENT','2026-04-10 11:20:00.000000','LOCAL_SMS_SIMULATOR','provider=LOCAL_SIMULATOR; channel=SMS; purpose=VERIFY_MOBILE; otpPreview=171717','ACTIVE',15),(16,'EMAIL','2026-05-08 17:47:54.477222','SENT','2026-05-08 17:47:54.476225','LOCAL_EMAIL_SIMULATOR','provider=LOCAL_SIMULATOR; channel=EMAIL; purpose=LOGIN_OTP; template=LOCAL_TEMPLATE; otpPreview=384970; remarks=Login OTP issued after credential validation','ACTIVE',16),(17,'EMAIL','2026-05-08 17:49:31.146903','SENT','2026-05-08 17:49:31.146903','LOCAL_EMAIL_SIMULATOR','provider=LOCAL_SIMULATOR; channel=EMAIL; purpose=LOGIN_OTP; template=LOCAL_TEMPLATE; otpPreview=458257; remarks=Login OTP issued after credential validation','ACTIVE',16),(18,'EMAIL','2026-05-08 17:54:08.398534','SENT','2026-05-08 17:54:08.397539','LOCAL_EMAIL_SIMULATOR','provider=LOCAL_SIMULATOR; channel=EMAIL; purpose=LOGIN_OTP; template=LOCAL_TEMPLATE; otpPreview=797193; remarks=Login OTP issued after credential validation','ACTIVE',16),(19,'EMAIL','2026-05-08 17:56:47.617873','SENT','2026-05-08 17:56:47.617873','LOCAL_EMAIL_SIMULATOR','provider=LOCAL_SIMULATOR; channel=EMAIL; purpose=LOGIN_OTP; template=LOCAL_TEMPLATE; otpPreview=559120; remarks=Login OTP issued after credential validation','ACTIVE',17),(20,'EMAIL','2026-05-08 17:57:15.009994','SENT','2026-05-08 17:57:15.009994','LOCAL_EMAIL_SIMULATOR','provider=LOCAL_SIMULATOR; channel=EMAIL; purpose=LOGIN_OTP; template=LOCAL_TEMPLATE; otpPreview=175206; remarks=Login OTP issued after credential validation','ACTIVE',17),(21,'EMAIL','2026-05-08 17:57:18.783189','SENT','2026-05-08 17:57:18.783189','LOCAL_EMAIL_SIMULATOR','provider=LOCAL_SIMULATOR; channel=EMAIL; purpose=LOGIN_OTP; template=LOCAL_TEMPLATE; otpPreview=814950; remarks=Login OTP issued after credential validation','ACTIVE',17),(22,'EMAIL','2026-05-08 17:59:49.669254','SENT','2026-05-08 17:59:49.669254','LOCAL_EMAIL_SIMULATOR','provider=LOCAL_SIMULATOR; channel=EMAIL; purpose=LOGIN_OTP; template=LOCAL_TEMPLATE; otpPreview=978167; remarks=Login OTP issued after credential validation','ACTIVE',17),(23,'EMAIL','2026-05-08 18:10:49.847216','SENT','2026-05-08 18:10:49.847216','LOCAL_EMAIL_SIMULATOR','provider=LOCAL_SIMULATOR; channel=EMAIL; purpose=LOGIN_OTP; template=LOCAL_TEMPLATE; otpPreview=864607; remarks=Login OTP issued after credential validation','ACTIVE',18),(24,'EMAIL','2026-05-08 23:49:21.294319','SENT','2026-05-08 23:49:21.293321','EMAIL_SIMULATOR','provider=EMAIL_SIMULATOR; channel=EMAIL; purpose=LOGIN_OTP; template=Login OTP Email; otpPreview=413419; remarks=Login OTP issued after credential validation','ACTIVE',19),(25,'EMAIL','2026-05-09 00:04:41.343962','SENT','2026-05-09 00:04:41.342961','EMAIL_SIMULATOR','provider=EMAIL_SIMULATOR; channel=EMAIL; purpose=LOGIN_OTP; template=Login OTP Email; otpPreview=806916; remarks=Login OTP issued after credential validation','ACTIVE',20),(26,'EMAIL','2026-05-09 00:16:24.642940','SENT','2026-05-09 00:16:24.640939','GMAIL_SMTP','provider=GMAIL_SMTP; channel=EMAIL; recipient=masud.jee68@gmail.com','ACTIVE',21),(27,'EMAIL','2026-05-09 00:18:56.025922','SENT','2026-05-09 00:18:56.025922','GMAIL_SMTP','provider=GMAIL_SMTP; channel=EMAIL; recipient=masud.jee68@gmail.com','ACTIVE',21),(28,'EMAIL','2026-05-09 00:42:34.238117','SENT','2026-05-09 00:42:34.237113','GMAIL_SMTP','provider=GMAIL_SMTP; channel=EMAIL; recipient=masud.jee68@gmail.com','ACTIVE',22),(29,'EMAIL','2026-05-09 00:42:38.426509','SENT','2026-05-09 00:42:38.426509','GMAIL_SMTP','provider=GMAIL_SMTP; channel=EMAIL; recipient=masud.jee68@gmail.com','ACTIVE',23),(30,'EMAIL','2026-05-09 01:41:23.663850','SENT','2026-05-09 01:41:23.662848','GMAIL_SMTP','provider=GMAIL_SMTP; channel=EMAIL; recipient=masud.jee68@gmail.com','ACTIVE',24),(31,'EMAIL','2026-05-09 13:27:46.234657','SENT','2026-05-09 13:27:46.233656','EMAIL_SIMULATOR','provider=EMAIL_SIMULATOR; channel=EMAIL; purpose=LOGIN_OTP; template=Login OTP Email; otpPreview=768057; remarks=Login OTP issued after credential validation','ACTIVE',25),(32,'EMAIL','2026-05-09 15:57:02.849666','SENT','2026-05-09 15:57:02.848667','EMAIL_SIMULATOR','provider=EMAIL_SIMULATOR; channel=EMAIL; purpose=LOGIN_OTP; template=Login OTP Email; otpPreview=760031; remarks=Login OTP issued after credential validation','ACTIVE',26),(33,'EMAIL','2026-05-09 16:00:23.300810','SENT','2026-05-09 16:00:23.298816','EMAIL_SIMULATOR','provider=EMAIL_SIMULATOR; channel=EMAIL; purpose=LOGIN_OTP; template=Login OTP Email; otpPreview=536245; remarks=Login OTP issued after credential validation','ACTIVE',27),(34,'EMAIL','2026-05-09 16:00:45.698779','SENT','2026-05-09 16:00:45.698779','EMAIL_SIMULATOR','provider=EMAIL_SIMULATOR; channel=EMAIL; purpose=LOGIN_OTP; template=Login OTP Email; otpPreview=622045; remarks=Login OTP issued after credential validation','ACTIVE',28),(35,'EMAIL','2026-05-13 06:06:44.179863','SENT','2026-05-13 06:06:44.178859','EMAIL_SIMULATOR','provider=EMAIL_SIMULATOR; channel=EMAIL; purpose=LOGIN_OTP; template=Login OTP Email; otpPreview=454213; remarks=Login OTP issued after credential validation','ACTIVE',29),(36,'EMAIL','2026-05-14 19:08:52.689013','SENT','2026-05-14 19:08:52.688010','EMAIL_SIMULATOR','provider=EMAIL_SIMULATOR; channel=EMAIL; purpose=LOGIN_OTP; template=Login OTP Email; otpPreview=984415; remarks=Login OTP issued after credential validation','ACTIVE',30),(37,'EMAIL','2026-05-14 19:13:35.505658','SENT','2026-05-14 19:13:35.505658','EMAIL_SIMULATOR','provider=EMAIL_SIMULATOR; channel=EMAIL; purpose=LOGIN_OTP; template=Login OTP Email; otpPreview=827984; remarks=Login OTP issued after credential validation','ACTIVE',31),(38,'EMAIL','2026-05-15 09:17:37.042534','SENT','2026-05-15 09:17:37.041537','EMAIL_SIMULATOR','provider=EMAIL_SIMULATOR; channel=EMAIL; purpose=LOGIN_OTP; template=Login OTP Email; otpPreview=407296; remarks=Login OTP issued after credential validation','ACTIVE',32),(39,'EMAIL','2026-05-15 13:57:29.398345','SENT','2026-05-15 13:57:29.398345','EMAIL_SIMULATOR','provider=EMAIL_SIMULATOR; channel=EMAIL; purpose=LOGIN_OTP; template=Login OTP Email; otpPreview=269742; remarks=Login OTP issued after credential validation','ACTIVE',33),(40,'EMAIL','2026-05-16 01:07:08.818555','SENT','2026-05-16 01:07:08.817556','EMAIL_SIMULATOR','provider=EMAIL_SIMULATOR; channel=EMAIL; purpose=PASSWORD_RESET; template=Password Reset Email; otpPreview=575760; remarks=Password reset token issued','ACTIVE',34),(41,'EMAIL','2026-05-16 01:10:39.733839','SENT','2026-05-16 01:10:39.732838','EMAIL_SIMULATOR','provider=EMAIL_SIMULATOR; channel=EMAIL; purpose=PASSWORD_RESET; template=Password Reset Email; otpPreview=337730; remarks=Password reset token issued','ACTIVE',35),(42,'EMAIL','2026-05-16 01:10:40.515837','SENT','2026-05-16 01:10:40.515837','EMAIL_SIMULATOR','provider=EMAIL_SIMULATOR; channel=EMAIL; purpose=LOGIN_OTP; template=Login OTP Email; otpPreview=410746; remarks=Login OTP issued after credential validation','ACTIVE',36),(43,'EMAIL','2026-05-16 01:10:40.771838','SENT','2026-05-16 01:10:40.771838','EMAIL_SIMULATOR','provider=EMAIL_SIMULATOR; channel=EMAIL; purpose=PASSWORD_RESET; template=Password Reset Email; otpPreview=416233; remarks=Password reset token issued','ACTIVE',37),(44,'EMAIL','2026-05-16 01:10:41.249834','SENT','2026-05-16 01:10:41.248834','EMAIL_SIMULATOR','provider=EMAIL_SIMULATOR; channel=EMAIL; purpose=LOGIN_OTP; template=Login OTP Email; otpPreview=598276; remarks=Login OTP issued after credential validation','ACTIVE',38),(45,'EMAIL','2026-05-16 01:10:41.376837','SENT','2026-05-16 01:10:41.376837','EMAIL_SIMULATOR','provider=EMAIL_SIMULATOR; channel=EMAIL; purpose=PASSWORD_RESET; template=Password Reset Email; otpPreview=476480; remarks=Password reset token issued','ACTIVE',39),(46,'EMAIL','2026-05-16 01:10:41.846836','SENT','2026-05-16 01:10:41.846836','EMAIL_SIMULATOR','provider=EMAIL_SIMULATOR; channel=EMAIL; purpose=LOGIN_OTP; template=Login OTP Email; otpPreview=914455; remarks=Login OTP issued after credential validation','ACTIVE',40),(47,'EMAIL','2026-05-16 01:10:41.954837','SENT','2026-05-16 01:10:41.954837','EMAIL_SIMULATOR','provider=EMAIL_SIMULATOR; channel=EMAIL; purpose=PASSWORD_RESET; template=Password Reset Email; otpPreview=541127; remarks=Password reset token issued','ACTIVE',41),(48,'EMAIL','2026-05-16 01:10:42.436838','SENT','2026-05-16 01:10:42.435839','EMAIL_SIMULATOR','provider=EMAIL_SIMULATOR; channel=EMAIL; purpose=LOGIN_OTP; template=Login OTP Email; otpPreview=161667; remarks=Login OTP issued after credential validation','ACTIVE',42),(49,'EMAIL','2026-05-16 01:10:42.664831','SENT','2026-05-16 01:10:42.664831','EMAIL_SIMULATOR','provider=EMAIL_SIMULATOR; channel=EMAIL; purpose=PASSWORD_RESET; template=Password Reset Email; otpPreview=511828; remarks=Password reset token issued','ACTIVE',43),(50,'EMAIL','2026-05-16 01:10:43.146833','SENT','2026-05-16 01:10:43.145835','EMAIL_SIMULATOR','provider=EMAIL_SIMULATOR; channel=EMAIL; purpose=LOGIN_OTP; template=Login OTP Email; otpPreview=456356; remarks=Login OTP issued after credential validation','ACTIVE',44),(51,'EMAIL','2026-05-16 01:10:43.363836','SENT','2026-05-16 01:10:43.363836','EMAIL_SIMULATOR','provider=EMAIL_SIMULATOR; channel=EMAIL; purpose=PASSWORD_RESET; template=Password Reset Email; otpPreview=626151; remarks=Password reset token issued','ACTIVE',45),(52,'EMAIL','2026-05-16 01:10:43.830833','SENT','2026-05-16 01:10:43.830833','EMAIL_SIMULATOR','provider=EMAIL_SIMULATOR; channel=EMAIL; purpose=LOGIN_OTP; template=Login OTP Email; otpPreview=611578; remarks=Login OTP issued after credential validation','ACTIVE',46),(53,'EMAIL','2026-05-16 01:18:08.701467','SENT','2026-05-16 01:18:08.701467','EMAIL_SIMULATOR','provider=EMAIL_SIMULATOR; channel=EMAIL; purpose=PASSWORD_RESET; template=Password Reset Email; otpPreview=172885; remarks=Password reset token issued','ACTIVE',47),(54,'EMAIL','2026-05-16 01:18:08.880466','SENT','2026-05-16 01:18:08.880466','EMAIL_SIMULATOR','provider=EMAIL_SIMULATOR; channel=EMAIL; purpose=PASSWORD_RESET; template=Password Reset Email; otpPreview=714310; remarks=Password reset token issued','ACTIVE',48),(55,'EMAIL','2026-05-16 01:18:08.998470','SENT','2026-05-16 01:18:08.998470','EMAIL_SIMULATOR','provider=EMAIL_SIMULATOR; channel=EMAIL; purpose=PASSWORD_RESET; template=Password Reset Email; otpPreview=313967; remarks=Password reset token issued','ACTIVE',49),(56,'EMAIL','2026-05-16 01:18:09.127469','SENT','2026-05-16 01:18:09.127469','EMAIL_SIMULATOR','provider=EMAIL_SIMULATOR; channel=EMAIL; purpose=PASSWORD_RESET; template=Password Reset Email; otpPreview=745505; remarks=Password reset token issued','ACTIVE',50),(57,'EMAIL','2026-05-16 01:18:09.224469','SENT','2026-05-16 01:18:09.224469','EMAIL_SIMULATOR','provider=EMAIL_SIMULATOR; channel=EMAIL; purpose=PASSWORD_RESET; template=Password Reset Email; otpPreview=539458; remarks=Password reset token issued','ACTIVE',51),(58,'EMAIL','2026-05-16 01:18:09.325471','SENT','2026-05-16 01:18:09.325471','EMAIL_SIMULATOR','provider=EMAIL_SIMULATOR; channel=EMAIL; purpose=PASSWORD_RESET; template=Password Reset Email; otpPreview=879461; remarks=Password reset token issued','ACTIVE',52),(59,'EMAIL','2026-05-16 01:18:26.124462','SENT','2026-05-16 01:18:26.124462','EMAIL_SIMULATOR','provider=EMAIL_SIMULATOR; channel=EMAIL; purpose=PASSWORD_RESET; template=Password Reset Email; otpPreview=724887; remarks=Password reset token issued','ACTIVE',53),(60,'EMAIL','2026-05-16 01:18:55.810977','SENT','2026-05-16 01:18:55.810977','EMAIL_SIMULATOR','provider=EMAIL_SIMULATOR; channel=EMAIL; purpose=PASSWORD_RESET; template=Password Reset Email; otpPreview=579934; remarks=Password reset token issued','ACTIVE',54),(61,'EMAIL','2026-05-16 01:18:56.462878','SENT','2026-05-16 01:18:56.461884','EMAIL_SIMULATOR','provider=EMAIL_SIMULATOR; channel=EMAIL; purpose=LOGIN_OTP; template=Login OTP Email; otpPreview=231879; remarks=Login OTP issued after credential validation','ACTIVE',55),(62,'EMAIL','2026-05-16 01:18:56.683878','SENT','2026-05-16 01:18:56.679881','EMAIL_SIMULATOR','provider=EMAIL_SIMULATOR; channel=EMAIL; purpose=PASSWORD_RESET; template=Password Reset Email; otpPreview=313723; remarks=Password reset token issued','ACTIVE',56),(63,'EMAIL','2026-05-16 01:18:57.184879','SENT','2026-05-16 01:18:57.184879','EMAIL_SIMULATOR','provider=EMAIL_SIMULATOR; channel=EMAIL; purpose=LOGIN_OTP; template=Login OTP Email; otpPreview=480993; remarks=Login OTP issued after credential validation','ACTIVE',57),(64,'EMAIL','2026-05-16 01:18:57.350882','SENT','2026-05-16 01:18:57.350882','EMAIL_SIMULATOR','provider=EMAIL_SIMULATOR; channel=EMAIL; purpose=PASSWORD_RESET; template=Password Reset Email; otpPreview=903026; remarks=Password reset token issued','ACTIVE',58),(65,'EMAIL','2026-05-16 01:18:57.852882','SENT','2026-05-16 01:18:57.852882','EMAIL_SIMULATOR','provider=EMAIL_SIMULATOR; channel=EMAIL; purpose=LOGIN_OTP; template=Login OTP Email; otpPreview=686825; remarks=Login OTP issued after credential validation','ACTIVE',59),(66,'EMAIL','2026-05-16 01:18:57.998878','SENT','2026-05-16 01:18:57.998878','EMAIL_SIMULATOR','provider=EMAIL_SIMULATOR; channel=EMAIL; purpose=PASSWORD_RESET; template=Password Reset Email; otpPreview=198503; remarks=Password reset token issued','ACTIVE',60),(67,'EMAIL','2026-05-16 01:18:58.419878','SENT','2026-05-16 01:18:58.419878','EMAIL_SIMULATOR','provider=EMAIL_SIMULATOR; channel=EMAIL; purpose=LOGIN_OTP; template=Login OTP Email; otpPreview=304630; remarks=Login OTP issued after credential validation','ACTIVE',61),(68,'EMAIL','2026-05-16 01:18:58.578881','SENT','2026-05-16 01:18:58.577882','EMAIL_SIMULATOR','provider=EMAIL_SIMULATOR; channel=EMAIL; purpose=PASSWORD_RESET; template=Password Reset Email; otpPreview=998743; remarks=Password reset token issued','ACTIVE',62),(69,'EMAIL','2026-05-16 01:18:59.068886','SENT','2026-05-16 01:18:59.068886','EMAIL_SIMULATOR','provider=EMAIL_SIMULATOR; channel=EMAIL; purpose=LOGIN_OTP; template=Login OTP Email; otpPreview=718412; remarks=Login OTP issued after credential validation','ACTIVE',63),(70,'EMAIL','2026-05-16 01:18:59.175876','SENT','2026-05-16 01:18:59.175876','EMAIL_SIMULATOR','provider=EMAIL_SIMULATOR; channel=EMAIL; purpose=PASSWORD_RESET; template=Password Reset Email; otpPreview=772876; remarks=Password reset token issued','ACTIVE',64),(71,'EMAIL','2026-05-16 01:18:59.608882','SENT','2026-05-16 01:18:59.607875','EMAIL_SIMULATOR','provider=EMAIL_SIMULATOR; channel=EMAIL; purpose=LOGIN_OTP; template=Login OTP Email; otpPreview=873495; remarks=Login OTP issued after credential validation','ACTIVE',65),(72,'EMAIL','2026-05-16 01:24:00.762659','SENT','2026-05-16 01:24:00.760649','EMAIL_SIMULATOR','provider=EMAIL_SIMULATOR; channel=EMAIL; purpose=PASSWORD_RESET; template=Password Reset Email; otpPreview=171952; remarks=Password reset token issued','ACTIVE',66),(73,'EMAIL','2026-05-16 01:24:01.562656','SENT','2026-05-16 01:24:01.562656','EMAIL_SIMULATOR','provider=EMAIL_SIMULATOR; channel=EMAIL; purpose=LOGIN_OTP; template=Login OTP Email; otpPreview=978279; remarks=Login OTP issued after credential validation','ACTIVE',67),(74,'EMAIL','2026-05-16 01:24:01.843649','SENT','2026-05-16 01:24:01.843649','EMAIL_SIMULATOR','provider=EMAIL_SIMULATOR; channel=EMAIL; purpose=PASSWORD_RESET; template=Password Reset Email; otpPreview=977691; remarks=Password reset token issued','ACTIVE',68),(75,'EMAIL','2026-05-16 01:24:02.642656','SENT','2026-05-16 01:24:02.642656','EMAIL_SIMULATOR','provider=EMAIL_SIMULATOR; channel=EMAIL; purpose=LOGIN_OTP; template=Login OTP Email; otpPreview=167101; remarks=Login OTP issued after credential validation','ACTIVE',69),(76,'EMAIL','2026-05-16 01:24:02.794654','SENT','2026-05-16 01:24:02.794654','EMAIL_SIMULATOR','provider=EMAIL_SIMULATOR; channel=EMAIL; purpose=PASSWORD_RESET; template=Password Reset Email; otpPreview=135212; remarks=Password reset token issued','ACTIVE',70),(77,'EMAIL','2026-05-16 01:24:03.423656','SENT','2026-05-16 01:24:03.423656','EMAIL_SIMULATOR','provider=EMAIL_SIMULATOR; channel=EMAIL; purpose=LOGIN_OTP; template=Login OTP Email; otpPreview=829900; remarks=Login OTP issued after credential validation','ACTIVE',71),(78,'EMAIL','2026-05-16 01:24:03.530679','SENT','2026-05-16 01:24:03.529679','EMAIL_SIMULATOR','provider=EMAIL_SIMULATOR; channel=EMAIL; purpose=PASSWORD_RESET; template=Password Reset Email; otpPreview=598841; remarks=Password reset token issued','ACTIVE',72),(79,'EMAIL','2026-05-16 01:24:03.974676','SENT','2026-05-16 01:24:03.974676','EMAIL_SIMULATOR','provider=EMAIL_SIMULATOR; channel=EMAIL; purpose=LOGIN_OTP; template=Login OTP Email; otpPreview=786521; remarks=Login OTP issued after credential validation','ACTIVE',73),(80,'EMAIL','2026-05-16 01:24:19.060551','SENT','2026-05-16 01:24:19.060551','EMAIL_SIMULATOR','provider=EMAIL_SIMULATOR; channel=EMAIL; purpose=PASSWORD_RESET; template=Password Reset Email; otpPreview=769718; remarks=Password reset token issued','ACTIVE',74),(81,'EMAIL','2026-05-16 01:24:19.531553','SENT','2026-05-16 01:24:19.531553','EMAIL_SIMULATOR','provider=EMAIL_SIMULATOR; channel=EMAIL; purpose=LOGIN_OTP; template=Login OTP Email; otpPreview=202511; remarks=Login OTP issued after credential validation','ACTIVE',75),(82,'EMAIL','2026-05-16 01:24:19.706555','SENT','2026-05-16 01:24:19.706555','EMAIL_SIMULATOR','provider=EMAIL_SIMULATOR; channel=EMAIL; purpose=PASSWORD_RESET; template=Password Reset Email; otpPreview=877009; remarks=Password reset token issued','ACTIVE',76),(83,'EMAIL','2026-05-16 01:24:20.108556','SENT','2026-05-16 01:24:20.108556','EMAIL_SIMULATOR','provider=EMAIL_SIMULATOR; channel=EMAIL; purpose=LOGIN_OTP; template=Login OTP Email; otpPreview=584097; remarks=Login OTP issued after credential validation','ACTIVE',77),(84,'EMAIL','2026-05-16 01:24:20.192551','SENT','2026-05-16 01:24:20.192551','EMAIL_SIMULATOR','provider=EMAIL_SIMULATOR; channel=EMAIL; purpose=PASSWORD_RESET; template=Password Reset Email; otpPreview=251686; remarks=Password reset token issued','ACTIVE',78),(85,'EMAIL','2026-05-16 01:24:20.568545','SENT','2026-05-16 01:24:20.566554','EMAIL_SIMULATOR','provider=EMAIL_SIMULATOR; channel=EMAIL; purpose=LOGIN_OTP; template=Login OTP Email; otpPreview=227043; remarks=Login OTP issued after credential validation','ACTIVE',79),(86,'EMAIL','2026-05-16 01:24:20.656315','SENT','2026-05-16 01:24:20.656315','EMAIL_SIMULATOR','provider=EMAIL_SIMULATOR; channel=EMAIL; purpose=PASSWORD_RESET; template=Password Reset Email; otpPreview=497282; remarks=Password reset token issued','ACTIVE',80),(87,'EMAIL','2026-05-16 01:24:21.104094','SENT','2026-05-16 01:24:21.099101','EMAIL_SIMULATOR','provider=EMAIL_SIMULATOR; channel=EMAIL; purpose=LOGIN_OTP; template=Login OTP Email; otpPreview=692237; remarks=Login OTP issued after credential validation','ACTIVE',81),(88,'EMAIL','2026-05-16 01:24:21.231102','SENT','2026-05-16 01:24:21.230102','EMAIL_SIMULATOR','provider=EMAIL_SIMULATOR; channel=EMAIL; purpose=PASSWORD_RESET; template=Password Reset Email; otpPreview=164589; remarks=Password reset token issued','ACTIVE',82),(89,'EMAIL','2026-05-16 01:24:21.704097','SENT','2026-05-16 01:24:21.704097','EMAIL_SIMULATOR','provider=EMAIL_SIMULATOR; channel=EMAIL; purpose=LOGIN_OTP; template=Login OTP Email; otpPreview=384563; remarks=Login OTP issued after credential validation','ACTIVE',83),(90,'EMAIL','2026-05-16 01:24:21.816096','SENT','2026-05-16 01:24:21.816096','EMAIL_SIMULATOR','provider=EMAIL_SIMULATOR; channel=EMAIL; purpose=PASSWORD_RESET; template=Password Reset Email; otpPreview=817185; remarks=Password reset token issued','ACTIVE',84),(91,'EMAIL','2026-05-16 01:24:22.525100','SENT','2026-05-16 01:24:22.525100','EMAIL_SIMULATOR','provider=EMAIL_SIMULATOR; channel=EMAIL; purpose=LOGIN_OTP; template=Login OTP Email; otpPreview=165221; remarks=Login OTP issued after credential validation','ACTIVE',85),(92,'EMAIL','2026-05-16 01:24:24.628101','SENT','2026-05-16 01:24:24.628101','EMAIL_SIMULATOR','provider=EMAIL_SIMULATOR; channel=EMAIL; purpose=LOGIN_OTP; template=Login OTP Email; otpPreview=482599; remarks=Login OTP issued after credential validation','ACTIVE',86),(93,'EMAIL','2026-05-16 01:24:24.833099','SENT','2026-05-16 01:24:24.833099','EMAIL_SIMULATOR','provider=EMAIL_SIMULATOR; channel=EMAIL; purpose=LOGIN_OTP; template=Login OTP Email; otpPreview=374933; remarks=Login OTP issued after credential validation','ACTIVE',87),(94,'EMAIL','2026-05-16 01:27:43.265927','SENT','2026-05-16 01:27:43.264927','EMAIL_SIMULATOR','provider=EMAIL_SIMULATOR; channel=EMAIL; purpose=PASSWORD_RESET; template=Password Reset Email; otpPreview=585473; remarks=Password reset token issued','ACTIVE',88),(95,'EMAIL','2026-05-16 01:27:43.963927','SENT','2026-05-16 01:27:43.963927','EMAIL_SIMULATOR','provider=EMAIL_SIMULATOR; channel=EMAIL; purpose=LOGIN_OTP; template=Login OTP Email; otpPreview=698828; remarks=Login OTP issued after credential validation','ACTIVE',89),(96,'EMAIL','2026-05-16 01:27:44.145932','SENT','2026-05-16 01:27:44.145932','EMAIL_SIMULATOR','provider=EMAIL_SIMULATOR; channel=EMAIL; purpose=PASSWORD_RESET; template=Password Reset Email; otpPreview=828714; remarks=Password reset token issued','ACTIVE',90),(97,'EMAIL','2026-05-16 01:27:44.576938','SENT','2026-05-16 01:27:44.575945','EMAIL_SIMULATOR','provider=EMAIL_SIMULATOR; channel=EMAIL; purpose=LOGIN_OTP; template=Login OTP Email; otpPreview=566163; remarks=Login OTP issued after credential validation','ACTIVE',91),(98,'EMAIL','2026-05-16 01:27:44.673928','SENT','2026-05-16 01:27:44.673928','EMAIL_SIMULATOR','provider=EMAIL_SIMULATOR; channel=EMAIL; purpose=PASSWORD_RESET; template=Password Reset Email; otpPreview=717246; remarks=Password reset token issued','ACTIVE',92),(99,'EMAIL','2026-05-16 01:27:45.111929','SENT','2026-05-16 01:27:45.111929','EMAIL_SIMULATOR','provider=EMAIL_SIMULATOR; channel=EMAIL; purpose=LOGIN_OTP; template=Login OTP Email; otpPreview=711033; remarks=Login OTP issued after credential validation','ACTIVE',93),(100,'EMAIL','2026-05-16 01:27:45.211931','SENT','2026-05-16 01:27:45.211931','EMAIL_SIMULATOR','provider=EMAIL_SIMULATOR; channel=EMAIL; purpose=PASSWORD_RESET; template=Password Reset Email; otpPreview=440326; remarks=Password reset token issued','ACTIVE',94),(101,'EMAIL','2026-05-16 01:27:45.647928','SENT','2026-05-16 01:27:45.647928','EMAIL_SIMULATOR','provider=EMAIL_SIMULATOR; channel=EMAIL; purpose=LOGIN_OTP; template=Login OTP Email; otpPreview=248796; remarks=Login OTP issued after credential validation','ACTIVE',95),(102,'EMAIL','2026-05-16 01:27:57.515337','SENT','2026-05-16 01:27:57.515337','EMAIL_SIMULATOR','provider=EMAIL_SIMULATOR; channel=EMAIL; purpose=PASSWORD_RESET; template=Password Reset Email; otpPreview=646549; remarks=Password reset token issued','ACTIVE',96),(103,'EMAIL','2026-05-16 01:27:58.028646','SENT','2026-05-16 01:27:58.028646','EMAIL_SIMULATOR','provider=EMAIL_SIMULATOR; channel=EMAIL; purpose=LOGIN_OTP; template=Login OTP Email; otpPreview=604552; remarks=Login OTP issued after credential validation','ACTIVE',97),(104,'EMAIL','2026-05-16 01:27:58.174646','SENT','2026-05-16 01:27:58.174646','EMAIL_SIMULATOR','provider=EMAIL_SIMULATOR; channel=EMAIL; purpose=PASSWORD_RESET; template=Password Reset Email; otpPreview=989348; remarks=Password reset token issued','ACTIVE',98),(105,'EMAIL','2026-05-16 01:27:58.571791','SENT','2026-05-16 01:27:58.571791','EMAIL_SIMULATOR','provider=EMAIL_SIMULATOR; channel=EMAIL; purpose=LOGIN_OTP; template=Login OTP Email; otpPreview=984629; remarks=Login OTP issued after credential validation','ACTIVE',99),(106,'EMAIL','2026-05-16 01:27:58.659716','SENT','2026-05-16 01:27:58.659716','EMAIL_SIMULATOR','provider=EMAIL_SIMULATOR; channel=EMAIL; purpose=PASSWORD_RESET; template=Password Reset Email; otpPreview=529241; remarks=Password reset token issued','ACTIVE',100),(107,'EMAIL','2026-05-16 01:27:59.080710','SENT','2026-05-16 01:27:59.080710','EMAIL_SIMULATOR','provider=EMAIL_SIMULATOR; channel=EMAIL; purpose=LOGIN_OTP; template=Login OTP Email; otpPreview=765432; remarks=Login OTP issued after credential validation','ACTIVE',101),(108,'EMAIL','2026-05-16 01:27:59.155711','SENT','2026-05-16 01:27:59.155711','EMAIL_SIMULATOR','provider=EMAIL_SIMULATOR; channel=EMAIL; purpose=PASSWORD_RESET; template=Password Reset Email; otpPreview=564848; remarks=Password reset token issued','ACTIVE',102),(109,'EMAIL','2026-05-16 01:27:59.626712','SENT','2026-05-16 01:27:59.625712','EMAIL_SIMULATOR','provider=EMAIL_SIMULATOR; channel=EMAIL; purpose=LOGIN_OTP; template=Login OTP Email; otpPreview=248708; remarks=Login OTP issued after credential validation','ACTIVE',103),(110,'EMAIL','2026-05-16 01:27:59.737716','SENT','2026-05-16 01:27:59.737716','EMAIL_SIMULATOR','provider=EMAIL_SIMULATOR; channel=EMAIL; purpose=PASSWORD_RESET; template=Password Reset Email; otpPreview=142498; remarks=Password reset token issued','ACTIVE',104),(111,'EMAIL','2026-05-16 01:28:00.263713','SENT','2026-05-16 01:28:00.263713','EMAIL_SIMULATOR','provider=EMAIL_SIMULATOR; channel=EMAIL; purpose=LOGIN_OTP; template=Login OTP Email; otpPreview=785452; remarks=Login OTP issued after credential validation','ACTIVE',105),(112,'EMAIL','2026-05-16 01:28:00.355710','SENT','2026-05-16 01:28:00.355710','EMAIL_SIMULATOR','provider=EMAIL_SIMULATOR; channel=EMAIL; purpose=PASSWORD_RESET; template=Password Reset Email; otpPreview=873283; remarks=Password reset token issued','ACTIVE',106),(113,'EMAIL','2026-05-16 01:28:00.807714','SENT','2026-05-16 01:28:00.807714','EMAIL_SIMULATOR','provider=EMAIL_SIMULATOR; channel=EMAIL; purpose=LOGIN_OTP; template=Login OTP Email; otpPreview=743212; remarks=Login OTP issued after credential validation','ACTIVE',107),(114,'EMAIL','2026-05-16 01:28:02.676815','SENT','2026-05-16 01:28:02.676815','EMAIL_SIMULATOR','provider=EMAIL_SIMULATOR; channel=EMAIL; purpose=LOGIN_OTP; template=Login OTP Email; otpPreview=519462; remarks=Login OTP issued after credential validation','ACTIVE',108),(115,'EMAIL','2026-05-16 01:28:02.893815','SENT','2026-05-16 01:28:02.893815','EMAIL_SIMULATOR','provider=EMAIL_SIMULATOR; channel=EMAIL; purpose=LOGIN_OTP; template=Login OTP Email; otpPreview=789453; remarks=Login OTP issued after credential validation','ACTIVE',109),(116,'EMAIL','2026-05-16 01:28:59.093859','SENT','2026-05-16 01:28:59.093859','EMAIL_SIMULATOR','provider=EMAIL_SIMULATOR; channel=EMAIL; purpose=PASSWORD_RESET; template=Password Reset Email; otpPreview=490828; remarks=Password reset token issued','ACTIVE',110),(117,'EMAIL','2026-05-16 01:28:59.607864','SENT','2026-05-16 01:28:59.607864','EMAIL_SIMULATOR','provider=EMAIL_SIMULATOR; channel=EMAIL; purpose=LOGIN_OTP; template=Login OTP Email; otpPreview=135159; remarks=Login OTP issued after credential validation','ACTIVE',111),(118,'EMAIL','2026-05-16 01:28:59.796852','SENT','2026-05-16 01:28:59.796852','EMAIL_SIMULATOR','provider=EMAIL_SIMULATOR; channel=EMAIL; purpose=PASSWORD_RESET; template=Password Reset Email; otpPreview=136957; remarks=Password reset token issued','ACTIVE',112),(119,'EMAIL','2026-05-16 01:29:00.241858','SENT','2026-05-16 01:29:00.241858','EMAIL_SIMULATOR','provider=EMAIL_SIMULATOR; channel=EMAIL; purpose=LOGIN_OTP; template=Login OTP Email; otpPreview=506117; remarks=Login OTP issued after credential validation','ACTIVE',113),(120,'EMAIL','2026-05-16 01:29:00.344856','SENT','2026-05-16 01:29:00.343852','EMAIL_SIMULATOR','provider=EMAIL_SIMULATOR; channel=EMAIL; purpose=PASSWORD_RESET; template=Password Reset Email; otpPreview=131386; remarks=Password reset token issued','ACTIVE',114),(121,'EMAIL','2026-05-16 01:29:00.844856','SENT','2026-05-16 01:29:00.844856','EMAIL_SIMULATOR','provider=EMAIL_SIMULATOR; channel=EMAIL; purpose=LOGIN_OTP; template=Login OTP Email; otpPreview=260481; remarks=Login OTP issued after credential validation','ACTIVE',115),(122,'EMAIL','2026-05-16 01:29:00.929851','SENT','2026-05-16 01:29:00.929851','EMAIL_SIMULATOR','provider=EMAIL_SIMULATOR; channel=EMAIL; purpose=PASSWORD_RESET; template=Password Reset Email; otpPreview=844274; remarks=Password reset token issued','ACTIVE',116),(123,'EMAIL','2026-05-16 01:29:01.324857','SENT','2026-05-16 01:29:01.323853','EMAIL_SIMULATOR','provider=EMAIL_SIMULATOR; channel=EMAIL; purpose=LOGIN_OTP; template=Login OTP Email; otpPreview=137951; remarks=Login OTP issued after credential validation','ACTIVE',117),(124,'EMAIL','2026-05-16 01:29:01.396231','SENT','2026-05-16 01:29:01.396231','EMAIL_SIMULATOR','provider=EMAIL_SIMULATOR; channel=EMAIL; purpose=PASSWORD_RESET; template=Password Reset Email; otpPreview=248835; remarks=Password reset token issued','ACTIVE',118),(125,'EMAIL','2026-05-16 01:29:01.762840','SENT','2026-05-16 01:29:01.762840','EMAIL_SIMULATOR','provider=EMAIL_SIMULATOR; channel=EMAIL; purpose=LOGIN_OTP; template=Login OTP Email; otpPreview=747842; remarks=Login OTP issued after credential validation','ACTIVE',119),(126,'EMAIL','2026-05-16 01:29:01.839845','SENT','2026-05-16 01:29:01.839845','EMAIL_SIMULATOR','provider=EMAIL_SIMULATOR; channel=EMAIL; purpose=PASSWORD_RESET; template=Password Reset Email; otpPreview=210872; remarks=Password reset token issued','ACTIVE',120),(127,'EMAIL','2026-05-16 01:29:02.225510','SENT','2026-05-16 01:29:02.225510','EMAIL_SIMULATOR','provider=EMAIL_SIMULATOR; channel=EMAIL; purpose=LOGIN_OTP; template=Login OTP Email; otpPreview=389124; remarks=Login OTP issued after credential validation','ACTIVE',121),(128,'EMAIL','2026-05-16 01:29:04.265788','SENT','2026-05-16 01:29:04.265788','EMAIL_SIMULATOR','provider=EMAIL_SIMULATOR; channel=EMAIL; purpose=LOGIN_OTP; template=Login OTP Email; otpPreview=219231; remarks=Login OTP issued after credential validation','ACTIVE',122),(129,'EMAIL','2026-05-16 01:29:04.456789','SENT','2026-05-16 01:29:04.456789','EMAIL_SIMULATOR','provider=EMAIL_SIMULATOR; channel=EMAIL; purpose=LOGIN_OTP; template=Login OTP Email; otpPreview=439654; remarks=Login OTP issued after credential validation','ACTIVE',123),(130,'EMAIL','2026-05-16 01:29:32.269643','SENT','2026-05-16 01:29:32.269643','EMAIL_SIMULATOR','provider=EMAIL_SIMULATOR; channel=EMAIL; purpose=PASSWORD_RESET; template=Password Reset Email; otpPreview=974883; remarks=Password reset token issued','ACTIVE',124),(131,'EMAIL','2026-05-16 01:29:32.786295','SENT','2026-05-16 01:29:32.786295','EMAIL_SIMULATOR','provider=EMAIL_SIMULATOR; channel=EMAIL; purpose=LOGIN_OTP; template=Login OTP Email; otpPreview=427581; remarks=Login OTP issued after credential validation','ACTIVE',125),(132,'EMAIL','2026-05-16 01:29:33.032296','SENT','2026-05-16 01:29:33.032296','EMAIL_SIMULATOR','provider=EMAIL_SIMULATOR; channel=EMAIL; purpose=PASSWORD_RESET; template=Password Reset Email; otpPreview=353840; remarks=Password reset token issued','ACTIVE',126),(133,'EMAIL','2026-05-16 01:29:33.487299','SENT','2026-05-16 01:29:33.487299','EMAIL_SIMULATOR','provider=EMAIL_SIMULATOR; channel=EMAIL; purpose=LOGIN_OTP; template=Login OTP Email; otpPreview=663384; remarks=Login OTP issued after credential validation','ACTIVE',127),(134,'EMAIL','2026-05-16 01:29:33.556761','SENT','2026-05-16 01:29:33.555764','EMAIL_SIMULATOR','provider=EMAIL_SIMULATOR; channel=EMAIL; purpose=PASSWORD_RESET; template=Password Reset Email; otpPreview=505325; remarks=Password reset token issued','ACTIVE',128),(135,'EMAIL','2026-05-16 01:29:33.965762','SENT','2026-05-16 01:29:33.965762','EMAIL_SIMULATOR','provider=EMAIL_SIMULATOR; channel=EMAIL; purpose=LOGIN_OTP; template=Login OTP Email; otpPreview=700268; remarks=Login OTP issued after credential validation','ACTIVE',129),(136,'EMAIL','2026-05-16 01:29:34.054760','SENT','2026-05-16 01:29:34.054760','EMAIL_SIMULATOR','provider=EMAIL_SIMULATOR; channel=EMAIL; purpose=PASSWORD_RESET; template=Password Reset Email; otpPreview=101616; remarks=Password reset token issued','ACTIVE',130),(137,'EMAIL','2026-05-16 01:29:34.625761','SENT','2026-05-16 01:29:34.625761','EMAIL_SIMULATOR','provider=EMAIL_SIMULATOR; channel=EMAIL; purpose=LOGIN_OTP; template=Login OTP Email; otpPreview=277485; remarks=Login OTP issued after credential validation','ACTIVE',131),(138,'EMAIL','2026-05-16 01:29:34.719767','SENT','2026-05-16 01:29:34.719767','EMAIL_SIMULATOR','provider=EMAIL_SIMULATOR; channel=EMAIL; purpose=PASSWORD_RESET; template=Password Reset Email; otpPreview=353553; remarks=Password reset token issued','ACTIVE',132),(139,'EMAIL','2026-05-16 01:29:35.198776','SENT','2026-05-16 01:29:35.198776','EMAIL_SIMULATOR','provider=EMAIL_SIMULATOR; channel=EMAIL; purpose=LOGIN_OTP; template=Login OTP Email; otpPreview=645690; remarks=Login OTP issued after credential validation','ACTIVE',133),(140,'EMAIL','2026-05-16 01:29:35.317758','SENT','2026-05-16 01:29:35.317758','EMAIL_SIMULATOR','provider=EMAIL_SIMULATOR; channel=EMAIL; purpose=PASSWORD_RESET; template=Password Reset Email; otpPreview=663144; remarks=Password reset token issued','ACTIVE',134),(141,'EMAIL','2026-05-16 01:29:35.757760','SENT','2026-05-16 01:29:35.757760','EMAIL_SIMULATOR','provider=EMAIL_SIMULATOR; channel=EMAIL; purpose=LOGIN_OTP; template=Login OTP Email; otpPreview=610455; remarks=Login OTP issued after credential validation','ACTIVE',135),(142,'EMAIL','2026-05-16 01:29:37.846765','SENT','2026-05-16 01:29:37.845762','EMAIL_SIMULATOR','provider=EMAIL_SIMULATOR; channel=EMAIL; purpose=LOGIN_OTP; template=Login OTP Email; otpPreview=679092; remarks=Login OTP issued after credential validation','ACTIVE',136),(143,'EMAIL','2026-05-16 01:29:38.048764','SENT','2026-05-16 01:29:38.048764','EMAIL_SIMULATOR','provider=EMAIL_SIMULATOR; channel=EMAIL; purpose=LOGIN_OTP; template=Login OTP Email; otpPreview=239960; remarks=Login OTP issued after credential validation','ACTIVE',137),(144,'EMAIL','2026-05-16 01:30:08.427697','SENT','2026-05-16 01:30:08.427697','EMAIL_SIMULATOR','provider=EMAIL_SIMULATOR; channel=EMAIL; purpose=PASSWORD_RESET; template=Password Reset Email; otpPreview=649374; remarks=Password reset token issued','ACTIVE',138),(145,'EMAIL','2026-05-16 01:30:08.978274','SENT','2026-05-16 01:30:08.978274','EMAIL_SIMULATOR','provider=EMAIL_SIMULATOR; channel=EMAIL; purpose=LOGIN_OTP; template=Login OTP Email; otpPreview=460760; remarks=Login OTP issued after credential validation','ACTIVE',139),(146,'EMAIL','2026-05-16 01:30:09.116277','SENT','2026-05-16 01:30:09.116277','EMAIL_SIMULATOR','provider=EMAIL_SIMULATOR; channel=EMAIL; purpose=PASSWORD_RESET; template=Password Reset Email; otpPreview=178610; remarks=Password reset token issued','ACTIVE',140),(147,'EMAIL','2026-05-16 01:30:09.531273','SENT','2026-05-16 01:30:09.531273','EMAIL_SIMULATOR','provider=EMAIL_SIMULATOR; channel=EMAIL; purpose=LOGIN_OTP; template=Login OTP Email; otpPreview=916822; remarks=Login OTP issued after credential validation','ACTIVE',141),(148,'EMAIL','2026-05-16 01:30:09.627275','SENT','2026-05-16 01:30:09.627275','EMAIL_SIMULATOR','provider=EMAIL_SIMULATOR; channel=EMAIL; purpose=PASSWORD_RESET; template=Password Reset Email; otpPreview=204373; remarks=Password reset token issued','ACTIVE',142),(149,'EMAIL','2026-05-16 01:30:10.092274','SENT','2026-05-16 01:30:10.092274','EMAIL_SIMULATOR','provider=EMAIL_SIMULATOR; channel=EMAIL; purpose=LOGIN_OTP; template=Login OTP Email; otpPreview=388360; remarks=Login OTP issued after credential validation','ACTIVE',143),(150,'EMAIL','2026-05-16 01:30:10.174272','SENT','2026-05-16 01:30:10.174272','EMAIL_SIMULATOR','provider=EMAIL_SIMULATOR; channel=EMAIL; purpose=PASSWORD_RESET; template=Password Reset Email; otpPreview=297518; remarks=Password reset token issued','ACTIVE',144),(151,'EMAIL','2026-05-16 01:30:10.640275','SENT','2026-05-16 01:30:10.640275','EMAIL_SIMULATOR','provider=EMAIL_SIMULATOR; channel=EMAIL; purpose=LOGIN_OTP; template=Login OTP Email; otpPreview=939542; remarks=Login OTP issued after credential validation','ACTIVE',145),(152,'EMAIL','2026-05-16 01:30:10.701270','SENT','2026-05-16 01:30:10.701270','EMAIL_SIMULATOR','provider=EMAIL_SIMULATOR; channel=EMAIL; purpose=PASSWORD_RESET; template=Password Reset Email; otpPreview=817261; remarks=Password reset token issued','ACTIVE',146),(153,'EMAIL','2026-05-16 01:30:11.129276','SENT','2026-05-16 01:30:11.128275','EMAIL_SIMULATOR','provider=EMAIL_SIMULATOR; channel=EMAIL; purpose=LOGIN_OTP; template=Login OTP Email; otpPreview=597500; remarks=Login OTP issued after credential validation','ACTIVE',147),(154,'EMAIL','2026-05-16 01:30:11.233271','SENT','2026-05-16 01:30:11.233271','EMAIL_SIMULATOR','provider=EMAIL_SIMULATOR; channel=EMAIL; purpose=PASSWORD_RESET; template=Password Reset Email; otpPreview=477919; remarks=Password reset token issued','ACTIVE',148),(155,'EMAIL','2026-05-16 01:30:11.813274','SENT','2026-05-16 01:30:11.813274','EMAIL_SIMULATOR','provider=EMAIL_SIMULATOR; channel=EMAIL; purpose=LOGIN_OTP; template=Login OTP Email; otpPreview=314412; remarks=Login OTP issued after credential validation','ACTIVE',149),(156,'EMAIL','2026-05-16 01:30:13.664275','SENT','2026-05-16 01:30:13.664275','EMAIL_SIMULATOR','provider=EMAIL_SIMULATOR; channel=EMAIL; purpose=LOGIN_OTP; template=Login OTP Email; otpPreview=970502; remarks=Login OTP issued after credential validation','ACTIVE',150),(157,'EMAIL','2026-05-16 01:30:13.859275','SENT','2026-05-16 01:30:13.859275','EMAIL_SIMULATOR','provider=EMAIL_SIMULATOR; channel=EMAIL; purpose=LOGIN_OTP; template=Login OTP Email; otpPreview=324704; remarks=Login OTP issued after credential validation','ACTIVE',151),(158,'EMAIL','2026-05-16 01:30:44.502701','SENT','2026-05-16 01:30:44.502701','EMAIL_SIMULATOR','provider=EMAIL_SIMULATOR; channel=EMAIL; purpose=PASSWORD_RESET; template=Password Reset Email; otpPreview=604127; remarks=Password reset token issued','ACTIVE',152),(159,'EMAIL','2026-05-16 01:30:45.035705','SENT','2026-05-16 01:30:45.034707','EMAIL_SIMULATOR','provider=EMAIL_SIMULATOR; channel=EMAIL; purpose=LOGIN_OTP; template=Login OTP Email; otpPreview=820336; remarks=Login OTP issued after credential validation','ACTIVE',153),(160,'EMAIL','2026-05-16 01:30:45.182704','SENT','2026-05-16 01:30:45.182704','EMAIL_SIMULATOR','provider=EMAIL_SIMULATOR; channel=EMAIL; purpose=PASSWORD_RESET; template=Password Reset Email; otpPreview=122249; remarks=Password reset token issued','ACTIVE',154),(161,'EMAIL','2026-05-16 01:30:45.664705','SENT','2026-05-16 01:30:45.664705','EMAIL_SIMULATOR','provider=EMAIL_SIMULATOR; channel=EMAIL; purpose=LOGIN_OTP; template=Login OTP Email; otpPreview=254724; remarks=Login OTP issued after credential validation','ACTIVE',155),(162,'EMAIL','2026-05-16 01:30:45.738705','SENT','2026-05-16 01:30:45.738705','EMAIL_SIMULATOR','provider=EMAIL_SIMULATOR; channel=EMAIL; purpose=PASSWORD_RESET; template=Password Reset Email; otpPreview=604993; remarks=Password reset token issued','ACTIVE',156),(163,'EMAIL','2026-05-16 01:30:46.142704','SENT','2026-05-16 01:30:46.142704','EMAIL_SIMULATOR','provider=EMAIL_SIMULATOR; channel=EMAIL; purpose=LOGIN_OTP; template=Login OTP Email; otpPreview=363834; remarks=Login OTP issued after credential validation','ACTIVE',157),(164,'EMAIL','2026-05-16 01:30:46.260702','SENT','2026-05-16 01:30:46.260702','EMAIL_SIMULATOR','provider=EMAIL_SIMULATOR; channel=EMAIL; purpose=PASSWORD_RESET; template=Password Reset Email; otpPreview=278572; remarks=Password reset token issued','ACTIVE',158),(165,'EMAIL','2026-05-16 01:30:46.750702','SENT','2026-05-16 01:30:46.750702','EMAIL_SIMULATOR','provider=EMAIL_SIMULATOR; channel=EMAIL; purpose=LOGIN_OTP; template=Login OTP Email; otpPreview=381213; remarks=Login OTP issued after credential validation','ACTIVE',159),(166,'EMAIL','2026-05-16 01:30:46.817702','SENT','2026-05-16 01:30:46.817702','EMAIL_SIMULATOR','provider=EMAIL_SIMULATOR; channel=EMAIL; purpose=PASSWORD_RESET; template=Password Reset Email; otpPreview=644057; remarks=Password reset token issued','ACTIVE',160),(167,'EMAIL','2026-05-16 01:30:47.271705','SENT','2026-05-16 01:30:47.271705','EMAIL_SIMULATOR','provider=EMAIL_SIMULATOR; channel=EMAIL; purpose=LOGIN_OTP; template=Login OTP Email; otpPreview=545227; remarks=Login OTP issued after credential validation','ACTIVE',161),(168,'EMAIL','2026-05-16 01:30:47.356702','SENT','2026-05-16 01:30:47.356702','EMAIL_SIMULATOR','provider=EMAIL_SIMULATOR; channel=EMAIL; purpose=PASSWORD_RESET; template=Password Reset Email; otpPreview=346056; remarks=Password reset token issued','ACTIVE',162),(169,'EMAIL','2026-05-16 01:30:48.038707','SENT','2026-05-16 01:30:48.038707','EMAIL_SIMULATOR','provider=EMAIL_SIMULATOR; channel=EMAIL; purpose=LOGIN_OTP; template=Login OTP Email; otpPreview=289283; remarks=Login OTP issued after credential validation','ACTIVE',163),(170,'EMAIL','2026-05-16 01:30:50.254702','SENT','2026-05-16 01:30:50.254702','EMAIL_SIMULATOR','provider=EMAIL_SIMULATOR; channel=EMAIL; purpose=LOGIN_OTP; template=Login OTP Email; otpPreview=909098; remarks=Login OTP issued after credential validation','ACTIVE',164),(171,'EMAIL','2026-05-16 01:30:50.447702','SENT','2026-05-16 01:30:50.447702','EMAIL_SIMULATOR','provider=EMAIL_SIMULATOR; channel=EMAIL; purpose=LOGIN_OTP; template=Login OTP Email; otpPreview=456815; remarks=Login OTP issued after credential validation','ACTIVE',165),(172,'EMAIL','2026-05-16 01:31:18.030340','SENT','2026-05-16 01:31:18.030340','EMAIL_SIMULATOR','provider=EMAIL_SIMULATOR; channel=EMAIL; purpose=PASSWORD_RESET; template=Password Reset Email; otpPreview=656586; remarks=Password reset token issued','ACTIVE',166),(173,'EMAIL','2026-05-16 01:31:18.713340','SENT','2026-05-16 01:31:18.713340','EMAIL_SIMULATOR','provider=EMAIL_SIMULATOR; channel=EMAIL; purpose=LOGIN_OTP; template=Login OTP Email; otpPreview=985256; remarks=Login OTP issued after credential validation','ACTIVE',167),(174,'EMAIL','2026-05-16 01:31:18.893344','SENT','2026-05-16 01:31:18.893344','EMAIL_SIMULATOR','provider=EMAIL_SIMULATOR; channel=EMAIL; purpose=PASSWORD_RESET; template=Password Reset Email; otpPreview=472087; remarks=Password reset token issued','ACTIVE',168),(175,'EMAIL','2026-05-16 01:31:19.357344','SENT','2026-05-16 01:31:19.357344','EMAIL_SIMULATOR','provider=EMAIL_SIMULATOR; channel=EMAIL; purpose=LOGIN_OTP; template=Login OTP Email; otpPreview=781120; remarks=Login OTP issued after credential validation','ACTIVE',169),(176,'EMAIL','2026-05-16 01:31:19.452343','SENT','2026-05-16 01:31:19.451336','EMAIL_SIMULATOR','provider=EMAIL_SIMULATOR; channel=EMAIL; purpose=PASSWORD_RESET; template=Password Reset Email; otpPreview=436920; remarks=Password reset token issued','ACTIVE',170),(177,'EMAIL','2026-05-16 01:31:19.891342','SENT','2026-05-16 01:31:19.891342','EMAIL_SIMULATOR','provider=EMAIL_SIMULATOR; channel=EMAIL; purpose=LOGIN_OTP; template=Login OTP Email; otpPreview=545358; remarks=Login OTP issued after credential validation','ACTIVE',171),(178,'EMAIL','2026-05-16 01:31:19.982340','SENT','2026-05-16 01:31:19.982340','EMAIL_SIMULATOR','provider=EMAIL_SIMULATOR; channel=EMAIL; purpose=PASSWORD_RESET; template=Password Reset Email; otpPreview=516800; remarks=Password reset token issued','ACTIVE',172),(179,'EMAIL','2026-05-16 01:31:20.423346','SENT','2026-05-16 01:31:20.423346','EMAIL_SIMULATOR','provider=EMAIL_SIMULATOR; channel=EMAIL; purpose=LOGIN_OTP; template=Login OTP Email; otpPreview=193376; remarks=Login OTP issued after credential validation','ACTIVE',173),(180,'EMAIL','2026-05-16 01:31:20.498344','SENT','2026-05-16 01:31:20.497338','EMAIL_SIMULATOR','provider=EMAIL_SIMULATOR; channel=EMAIL; purpose=PASSWORD_RESET; template=Password Reset Email; otpPreview=118012; remarks=Password reset token issued','ACTIVE',174),(181,'EMAIL','2026-05-16 01:31:21.017341','SENT','2026-05-16 01:31:21.017341','EMAIL_SIMULATOR','provider=EMAIL_SIMULATOR; channel=EMAIL; purpose=LOGIN_OTP; template=Login OTP Email; otpPreview=195865; remarks=Login OTP issued after credential validation','ACTIVE',175),(182,'EMAIL','2026-05-16 01:31:21.109346','SENT','2026-05-16 01:31:21.109346','EMAIL_SIMULATOR','provider=EMAIL_SIMULATOR; channel=EMAIL; purpose=PASSWORD_RESET; template=Password Reset Email; otpPreview=216086; remarks=Password reset token issued','ACTIVE',176),(183,'EMAIL','2026-05-16 01:31:21.597345','SENT','2026-05-16 01:31:21.597345','EMAIL_SIMULATOR','provider=EMAIL_SIMULATOR; channel=EMAIL; purpose=LOGIN_OTP; template=Login OTP Email; otpPreview=394208; remarks=Login OTP issued after credential validation','ACTIVE',177),(184,'EMAIL','2026-05-16 01:31:24.617340','SENT','2026-05-16 01:31:24.617340','EMAIL_SIMULATOR','provider=EMAIL_SIMULATOR; channel=EMAIL; purpose=LOGIN_OTP; template=Login OTP Email; otpPreview=192649; remarks=Login OTP issued after credential validation','ACTIVE',178),(185,'EMAIL','2026-05-16 01:31:24.847346','SENT','2026-05-16 01:31:24.847346','EMAIL_SIMULATOR','provider=EMAIL_SIMULATOR; channel=EMAIL; purpose=LOGIN_OTP; template=Login OTP Email; otpPreview=539200; remarks=Login OTP issued after credential validation','ACTIVE',179),(186,'EMAIL','2026-05-16 01:32:40.070656','SENT','2026-05-16 01:32:40.070656','EMAIL_SIMULATOR','provider=EMAIL_SIMULATOR; channel=EMAIL; purpose=PASSWORD_RESET; template=Password Reset Email; otpPreview=807854; remarks=Password reset token issued','ACTIVE',180),(187,'EMAIL','2026-05-16 01:32:40.513761','SENT','2026-05-16 01:32:40.513761','EMAIL_SIMULATOR','provider=EMAIL_SIMULATOR; channel=EMAIL; purpose=LOGIN_OTP; template=Login OTP Email; otpPreview=527046; remarks=Login OTP issued after credential validation','ACTIVE',181),(188,'EMAIL','2026-05-16 01:32:40.680761','SENT','2026-05-16 01:32:40.679757','EMAIL_SIMULATOR','provider=EMAIL_SIMULATOR; channel=EMAIL; purpose=PASSWORD_RESET; template=Password Reset Email; otpPreview=303299; remarks=Password reset token issued','ACTIVE',182),(189,'EMAIL','2026-05-16 01:32:41.106758','SENT','2026-05-16 01:32:41.106758','EMAIL_SIMULATOR','provider=EMAIL_SIMULATOR; channel=EMAIL; purpose=LOGIN_OTP; template=Login OTP Email; otpPreview=727238; remarks=Login OTP issued after credential validation','ACTIVE',183),(190,'EMAIL','2026-05-16 01:32:41.176759','SENT','2026-05-16 01:32:41.176759','EMAIL_SIMULATOR','provider=EMAIL_SIMULATOR; channel=EMAIL; purpose=PASSWORD_RESET; template=Password Reset Email; otpPreview=537675; remarks=Password reset token issued','ACTIVE',184),(191,'EMAIL','2026-05-16 01:32:41.565762','SENT','2026-05-16 01:32:41.565762','EMAIL_SIMULATOR','provider=EMAIL_SIMULATOR; channel=EMAIL; purpose=LOGIN_OTP; template=Login OTP Email; otpPreview=609369; remarks=Login OTP issued after credential validation','ACTIVE',185),(192,'EMAIL','2026-05-16 01:32:41.643758','SENT','2026-05-16 01:32:41.642757','EMAIL_SIMULATOR','provider=EMAIL_SIMULATOR; channel=EMAIL; purpose=PASSWORD_RESET; template=Password Reset Email; otpPreview=243803; remarks=Password reset token issued','ACTIVE',186),(193,'EMAIL','2026-05-16 01:32:42.510761','SENT','2026-05-16 01:32:42.510761','EMAIL_SIMULATOR','provider=EMAIL_SIMULATOR; channel=EMAIL; purpose=LOGIN_OTP; template=Login OTP Email; otpPreview=700505; remarks=Login OTP issued after credential validation','ACTIVE',187),(194,'EMAIL','2026-05-16 01:32:42.613764','SENT','2026-05-16 01:32:42.613764','EMAIL_SIMULATOR','provider=EMAIL_SIMULATOR; channel=EMAIL; purpose=PASSWORD_RESET; template=Password Reset Email; otpPreview=223991; remarks=Password reset token issued','ACTIVE',188),(195,'EMAIL','2026-05-16 01:32:43.079761','SENT','2026-05-16 01:32:43.079761','EMAIL_SIMULATOR','provider=EMAIL_SIMULATOR; channel=EMAIL; purpose=LOGIN_OTP; template=Login OTP Email; otpPreview=789423; remarks=Login OTP issued after credential validation','ACTIVE',189),(196,'EMAIL','2026-05-16 01:32:43.175760','SENT','2026-05-16 01:32:43.175760','EMAIL_SIMULATOR','provider=EMAIL_SIMULATOR; channel=EMAIL; purpose=PASSWORD_RESET; template=Password Reset Email; otpPreview=376486; remarks=Password reset token issued','ACTIVE',190),(197,'EMAIL','2026-05-16 01:32:43.778762','SENT','2026-05-16 01:32:43.778762','EMAIL_SIMULATOR','provider=EMAIL_SIMULATOR; channel=EMAIL; purpose=LOGIN_OTP; template=Login OTP Email; otpPreview=780173; remarks=Login OTP issued after credential validation','ACTIVE',191),(198,'EMAIL','2026-05-16 01:32:45.377761','SENT','2026-05-16 01:32:45.377761','EMAIL_SIMULATOR','provider=EMAIL_SIMULATOR; channel=EMAIL; purpose=LOGIN_OTP; template=Login OTP Email; otpPreview=482777; remarks=Login OTP issued after credential validation','ACTIVE',192),(199,'EMAIL','2026-05-16 01:32:45.570760','SENT','2026-05-16 01:32:45.569763','EMAIL_SIMULATOR','provider=EMAIL_SIMULATOR; channel=EMAIL; purpose=LOGIN_OTP; template=Login OTP Email; otpPreview=551145; remarks=Login OTP issued after credential validation','ACTIVE',193),(200,'EMAIL','2026-05-16 01:36:25.466736','SENT','2026-05-16 01:36:25.466736','EMAIL_SIMULATOR','provider=EMAIL_SIMULATOR; channel=EMAIL; purpose=PASSWORD_RESET; template=Password Reset Email; otpPreview=932252; remarks=Password reset token issued','ACTIVE',194),(201,'EMAIL','2026-05-16 01:36:26.176741','SENT','2026-05-16 01:36:26.175741','EMAIL_SIMULATOR','provider=EMAIL_SIMULATOR; channel=EMAIL; purpose=LOGIN_OTP; template=Login OTP Email; otpPreview=864994; remarks=Login OTP issued after credential validation','ACTIVE',195),(202,'EMAIL','2026-05-16 01:36:26.386744','SENT','2026-05-16 01:36:26.386744','EMAIL_SIMULATOR','provider=EMAIL_SIMULATOR; channel=EMAIL; purpose=PASSWORD_RESET; template=Password Reset Email; otpPreview=432450; remarks=Password reset token issued','ACTIVE',196),(203,'EMAIL','2026-05-16 01:36:26.889740','SENT','2026-05-16 01:36:26.889740','EMAIL_SIMULATOR','provider=EMAIL_SIMULATOR; channel=EMAIL; purpose=LOGIN_OTP; template=Login OTP Email; otpPreview=283536; remarks=Login OTP issued after credential validation','ACTIVE',197),(204,'EMAIL','2026-05-16 01:36:26.962739','SENT','2026-05-16 01:36:26.962739','EMAIL_SIMULATOR','provider=EMAIL_SIMULATOR; channel=EMAIL; purpose=PASSWORD_RESET; template=Password Reset Email; otpPreview=610135; remarks=Password reset token issued','ACTIVE',198),(205,'EMAIL','2026-05-16 01:36:27.318736','SENT','2026-05-16 01:36:27.318736','EMAIL_SIMULATOR','provider=EMAIL_SIMULATOR; channel=EMAIL; purpose=LOGIN_OTP; template=Login OTP Email; otpPreview=385696; remarks=Login OTP issued after credential validation','ACTIVE',199),(206,'EMAIL','2026-05-16 01:36:27.386963','SENT','2026-05-16 01:36:27.386963','EMAIL_SIMULATOR','provider=EMAIL_SIMULATOR; channel=EMAIL; purpose=PASSWORD_RESET; template=Password Reset Email; otpPreview=956335; remarks=Password reset token issued','ACTIVE',200),(207,'EMAIL','2026-05-16 01:36:27.743962','SENT','2026-05-16 01:36:27.742962','EMAIL_SIMULATOR','provider=EMAIL_SIMULATOR; channel=EMAIL; purpose=LOGIN_OTP; template=Login OTP Email; otpPreview=448908; remarks=Login OTP issued after credential validation','ACTIVE',201),(208,'EMAIL','2026-05-16 01:36:27.803963','SENT','2026-05-16 01:36:27.803963','EMAIL_SIMULATOR','provider=EMAIL_SIMULATOR; channel=EMAIL; purpose=PASSWORD_RESET; template=Password Reset Email; otpPreview=462218; remarks=Password reset token issued','ACTIVE',202),(209,'EMAIL','2026-05-16 01:36:28.196962','SENT','2026-05-16 01:36:28.196962','EMAIL_SIMULATOR','provider=EMAIL_SIMULATOR; channel=EMAIL; purpose=LOGIN_OTP; template=Login OTP Email; otpPreview=405798; remarks=Login OTP issued after credential validation','ACTIVE',203),(210,'EMAIL','2026-05-16 01:36:28.266962','SENT','2026-05-16 01:36:28.266962','EMAIL_SIMULATOR','provider=EMAIL_SIMULATOR; channel=EMAIL; purpose=PASSWORD_RESET; template=Password Reset Email; otpPreview=593144; remarks=Password reset token issued','ACTIVE',204),(211,'EMAIL','2026-05-16 01:36:28.608037','SENT','2026-05-16 01:36:28.608037','EMAIL_SIMULATOR','provider=EMAIL_SIMULATOR; channel=EMAIL; purpose=LOGIN_OTP; template=Login OTP Email; otpPreview=583529; remarks=Login OTP issued after credential validation','ACTIVE',205),(212,'EMAIL','2026-05-16 01:36:30.137076','SENT','2026-05-16 01:36:30.137076','EMAIL_SIMULATOR','provider=EMAIL_SIMULATOR; channel=EMAIL; purpose=LOGIN_OTP; template=Login OTP Email; otpPreview=143277; remarks=Login OTP issued after credential validation','ACTIVE',206),(213,'EMAIL','2026-05-16 01:36:30.388071','SENT','2026-05-16 01:36:30.388071','EMAIL_SIMULATOR','provider=EMAIL_SIMULATOR; channel=EMAIL; purpose=LOGIN_OTP; template=Login OTP Email; otpPreview=672782; remarks=Login OTP issued after credential validation','ACTIVE',207),(214,'EMAIL','2026-05-16 08:07:06.179821','SENT','2026-05-16 08:07:06.178818','EMAIL_SIMULATOR','provider=EMAIL_SIMULATOR; channel=EMAIL; purpose=PASSWORD_RESET; template=Password Reset Email; otpPreview=790557; remarks=Password reset token issued','ACTIVE',208),(215,'EMAIL','2026-05-16 08:07:06.861827','SENT','2026-05-16 08:07:06.860821','EMAIL_SIMULATOR','provider=EMAIL_SIMULATOR; channel=EMAIL; purpose=LOGIN_OTP; template=Login OTP Email; otpPreview=190707; remarks=Login OTP issued after credential validation','ACTIVE',209),(216,'EMAIL','2026-05-16 08:07:07.055822','SENT','2026-05-16 08:07:07.055822','EMAIL_SIMULATOR','provider=EMAIL_SIMULATOR; channel=EMAIL; purpose=PASSWORD_RESET; template=Password Reset Email; otpPreview=486236; remarks=Password reset token issued','ACTIVE',210),(217,'EMAIL','2026-05-16 08:07:07.600826','SENT','2026-05-16 08:07:07.600826','EMAIL_SIMULATOR','provider=EMAIL_SIMULATOR; channel=EMAIL; purpose=LOGIN_OTP; template=Login OTP Email; otpPreview=818971; remarks=Login OTP issued after credential validation','ACTIVE',211),(218,'EMAIL','2026-05-16 08:07:07.687821','SENT','2026-05-16 08:07:07.687821','EMAIL_SIMULATOR','provider=EMAIL_SIMULATOR; channel=EMAIL; purpose=PASSWORD_RESET; template=Password Reset Email; otpPreview=690281; remarks=Password reset token issued','ACTIVE',212),(219,'EMAIL','2026-05-16 08:07:08.222819','SENT','2026-05-16 08:07:08.222819','EMAIL_SIMULATOR','provider=EMAIL_SIMULATOR; channel=EMAIL; purpose=LOGIN_OTP; template=Login OTP Email; otpPreview=465311; remarks=Login OTP issued after credential validation','ACTIVE',213),(220,'EMAIL','2026-05-16 08:07:08.296818','SENT','2026-05-16 08:07:08.296818','EMAIL_SIMULATOR','provider=EMAIL_SIMULATOR; channel=EMAIL; purpose=PASSWORD_RESET; template=Password Reset Email; otpPreview=454950; remarks=Password reset token issued','ACTIVE',214),(221,'EMAIL','2026-05-16 08:07:08.745821','SENT','2026-05-16 08:07:08.745821','EMAIL_SIMULATOR','provider=EMAIL_SIMULATOR; channel=EMAIL; purpose=LOGIN_OTP; template=Login OTP Email; otpPreview=764696; remarks=Login OTP issued after credential validation','ACTIVE',215),(222,'EMAIL','2026-05-16 08:07:08.817823','SENT','2026-05-16 08:07:08.817823','EMAIL_SIMULATOR','provider=EMAIL_SIMULATOR; channel=EMAIL; purpose=PASSWORD_RESET; template=Password Reset Email; otpPreview=741942; remarks=Password reset token issued','ACTIVE',216),(223,'EMAIL','2026-05-16 08:07:09.304822','SENT','2026-05-16 08:07:09.304822','EMAIL_SIMULATOR','provider=EMAIL_SIMULATOR; channel=EMAIL; purpose=LOGIN_OTP; template=Login OTP Email; otpPreview=925925; remarks=Login OTP issued after credential validation','ACTIVE',217),(224,'EMAIL','2026-05-16 08:07:09.374824','SENT','2026-05-16 08:07:09.373822','EMAIL_SIMULATOR','provider=EMAIL_SIMULATOR; channel=EMAIL; purpose=PASSWORD_RESET; template=Password Reset Email; otpPreview=576246; remarks=Password reset token issued','ACTIVE',218),(225,'EMAIL','2026-05-16 08:07:09.803820','SENT','2026-05-16 08:07:09.802817','EMAIL_SIMULATOR','provider=EMAIL_SIMULATOR; channel=EMAIL; purpose=LOGIN_OTP; template=Login OTP Email; otpPreview=668554; remarks=Login OTP issued after credential validation','ACTIVE',219),(226,'EMAIL','2026-05-16 08:07:11.792819','SENT','2026-05-16 08:07:11.792819','EMAIL_SIMULATOR','provider=EMAIL_SIMULATOR; channel=EMAIL; purpose=LOGIN_OTP; template=Login OTP Email; otpPreview=553623; remarks=Login OTP issued after credential validation','ACTIVE',220),(227,'EMAIL','2026-05-16 08:07:12.007821','SENT','2026-05-16 08:07:12.006820','EMAIL_SIMULATOR','provider=EMAIL_SIMULATOR; channel=EMAIL; purpose=LOGIN_OTP; template=Login OTP Email; otpPreview=469582; remarks=Login OTP issued after credential validation','ACTIVE',221),(228,'EMAIL','2026-05-16 08:09:46.934796','SENT','2026-05-16 08:09:46.934796','EMAIL_SIMULATOR','provider=EMAIL_SIMULATOR; channel=EMAIL; purpose=PASSWORD_RESET; template=Password Reset Email; otpPreview=703655; remarks=Password reset token issued','ACTIVE',222),(229,'EMAIL','2026-05-16 08:09:47.475213','SENT','2026-05-16 08:09:47.475213','EMAIL_SIMULATOR','provider=EMAIL_SIMULATOR; channel=EMAIL; purpose=LOGIN_OTP; template=Login OTP Email; otpPreview=988239; remarks=Login OTP issued after credential validation','ACTIVE',223),(230,'EMAIL','2026-05-16 08:09:47.623213','SENT','2026-05-16 08:09:47.623213','EMAIL_SIMULATOR','provider=EMAIL_SIMULATOR; channel=EMAIL; purpose=PASSWORD_RESET; template=Password Reset Email; otpPreview=782306; remarks=Password reset token issued','ACTIVE',224),(231,'EMAIL','2026-05-16 08:09:48.048213','SENT','2026-05-16 08:09:48.048213','EMAIL_SIMULATOR','provider=EMAIL_SIMULATOR; channel=EMAIL; purpose=LOGIN_OTP; template=Login OTP Email; otpPreview=583674; remarks=Login OTP issued after credential validation','ACTIVE',225),(232,'EMAIL','2026-05-16 08:09:48.107811','SENT','2026-05-16 08:09:48.107811','EMAIL_SIMULATOR','provider=EMAIL_SIMULATOR; channel=EMAIL; purpose=PASSWORD_RESET; template=Password Reset Email; otpPreview=619925; remarks=Password reset token issued','ACTIVE',226),(233,'EMAIL','2026-05-16 08:09:48.512792','SENT','2026-05-16 08:09:48.512792','EMAIL_SIMULATOR','provider=EMAIL_SIMULATOR; channel=EMAIL; purpose=LOGIN_OTP; template=Login OTP Email; otpPreview=682519; remarks=Login OTP issued after credential validation','ACTIVE',227),(234,'EMAIL','2026-05-16 08:09:48.633792','SENT','2026-05-16 08:09:48.633792','EMAIL_SIMULATOR','provider=EMAIL_SIMULATOR; channel=EMAIL; purpose=PASSWORD_RESET; template=Password Reset Email; otpPreview=516792; remarks=Password reset token issued','ACTIVE',228),(235,'EMAIL','2026-05-16 08:09:49.274797','SENT','2026-05-16 08:09:49.274797','EMAIL_SIMULATOR','provider=EMAIL_SIMULATOR; channel=EMAIL; purpose=LOGIN_OTP; template=Login OTP Email; otpPreview=606523; remarks=Login OTP issued after credential validation','ACTIVE',229),(236,'EMAIL','2026-05-16 08:09:49.356798','SENT','2026-05-16 08:09:49.356798','EMAIL_SIMULATOR','provider=EMAIL_SIMULATOR; channel=EMAIL; purpose=PASSWORD_RESET; template=Password Reset Email; otpPreview=846049; remarks=Password reset token issued','ACTIVE',230),(237,'EMAIL','2026-05-16 08:09:49.799795','SENT','2026-05-16 08:09:49.799795','EMAIL_SIMULATOR','provider=EMAIL_SIMULATOR; channel=EMAIL; purpose=LOGIN_OTP; template=Login OTP Email; otpPreview=108241; remarks=Login OTP issued after credential validation','ACTIVE',231),(238,'EMAIL','2026-05-16 08:09:49.885797','SENT','2026-05-16 08:09:49.885797','EMAIL_SIMULATOR','provider=EMAIL_SIMULATOR; channel=EMAIL; purpose=PASSWORD_RESET; template=Password Reset Email; otpPreview=988142; remarks=Password reset token issued','ACTIVE',232),(239,'EMAIL','2026-05-16 08:09:50.321799','SENT','2026-05-16 08:09:50.321799','EMAIL_SIMULATOR','provider=EMAIL_SIMULATOR; channel=EMAIL; purpose=LOGIN_OTP; template=Login OTP Email; otpPreview=349394; remarks=Login OTP issued after credential validation','ACTIVE',233),(240,'EMAIL','2026-05-16 08:09:52.304373','SENT','2026-05-16 08:09:52.304373','EMAIL_SIMULATOR','provider=EMAIL_SIMULATOR; channel=EMAIL; purpose=LOGIN_OTP; template=Login OTP Email; otpPreview=692478; remarks=Login OTP issued after credential validation','ACTIVE',234),(241,'EMAIL','2026-05-16 08:09:52.522375','SENT','2026-05-16 08:09:52.521371','EMAIL_SIMULATOR','provider=EMAIL_SIMULATOR; channel=EMAIL; purpose=LOGIN_OTP; template=Login OTP Email; otpPreview=952744; remarks=Login OTP issued after credential validation','ACTIVE',235),(242,'EMAIL','2026-05-16 08:15:22.863698','SENT','2026-05-16 08:15:22.863698','EMAIL_SIMULATOR','provider=EMAIL_SIMULATOR; channel=EMAIL; purpose=PASSWORD_RESET; template=Password Reset Email; otpPreview=696532; remarks=Password reset token issued','ACTIVE',236),(243,'EMAIL','2026-05-16 08:15:23.529699','SENT','2026-05-16 08:15:23.528699','EMAIL_SIMULATOR','provider=EMAIL_SIMULATOR; channel=EMAIL; purpose=LOGIN_OTP; template=Login OTP Email; otpPreview=739074; remarks=Login OTP issued after credential validation','ACTIVE',237),(244,'EMAIL','2026-05-16 08:16:03.587510','SENT','2026-05-16 08:16:03.587510','EMAIL_SIMULATOR','provider=EMAIL_SIMULATOR; channel=EMAIL; purpose=PASSWORD_RESET; template=Password Reset Email; otpPreview=564965; remarks=Password reset token issued','ACTIVE',238),(245,'EMAIL','2026-05-16 08:16:04.050591','SENT','2026-05-16 08:16:04.050591','EMAIL_SIMULATOR','provider=EMAIL_SIMULATOR; channel=EMAIL; purpose=LOGIN_OTP; template=Login OTP Email; otpPreview=117486; remarks=Login OTP issued after credential validation','ACTIVE',239),(246,'EMAIL','2026-05-16 08:16:04.132359','SENT','2026-05-16 08:16:04.132359','EMAIL_SIMULATOR','provider=EMAIL_SIMULATOR; channel=EMAIL; purpose=PASSWORD_RESET; template=Password Reset Email; otpPreview=504994; remarks=Password reset token issued','ACTIVE',240),(247,'EMAIL','2026-05-16 08:16:04.638356','SENT','2026-05-16 08:16:04.638356','EMAIL_SIMULATOR','provider=EMAIL_SIMULATOR; channel=EMAIL; purpose=LOGIN_OTP; template=Login OTP Email; otpPreview=916232; remarks=Login OTP issued after credential validation','ACTIVE',241),(248,'EMAIL','2026-05-16 08:16:04.719352','SENT','2026-05-16 08:16:04.719352','EMAIL_SIMULATOR','provider=EMAIL_SIMULATOR; channel=EMAIL; purpose=PASSWORD_RESET; template=Password Reset Email; otpPreview=105169; remarks=Password reset token issued','ACTIVE',242),(249,'EMAIL','2026-05-16 08:16:05.125618','SENT','2026-05-16 08:16:05.125618','EMAIL_SIMULATOR','provider=EMAIL_SIMULATOR; channel=EMAIL; purpose=LOGIN_OTP; template=Login OTP Email; otpPreview=536727; remarks=Login OTP issued after credential validation','ACTIVE',243),(250,'EMAIL','2026-05-16 08:16:05.200616','SENT','2026-05-16 08:16:05.199614','EMAIL_SIMULATOR','provider=EMAIL_SIMULATOR; channel=EMAIL; purpose=PASSWORD_RESET; template=Password Reset Email; otpPreview=592838; remarks=Password reset token issued','ACTIVE',244),(251,'EMAIL','2026-05-16 08:16:05.628612','SENT','2026-05-16 08:16:05.628612','EMAIL_SIMULATOR','provider=EMAIL_SIMULATOR; channel=EMAIL; purpose=LOGIN_OTP; template=Login OTP Email; otpPreview=164733; remarks=Login OTP issued after credential validation','ACTIVE',245),(252,'EMAIL','2026-05-16 08:17:21.356002','SENT','2026-05-16 08:17:21.356002','EMAIL_SIMULATOR','provider=EMAIL_SIMULATOR; channel=EMAIL; purpose=PASSWORD_RESET; template=Password Reset Email; otpPreview=226489; remarks=Password reset token issued','ACTIVE',246),(253,'EMAIL','2026-05-16 08:17:21.980001','SENT','2026-05-16 08:17:21.980001','EMAIL_SIMULATOR','provider=EMAIL_SIMULATOR; channel=EMAIL; purpose=LOGIN_OTP; template=Login OTP Email; otpPreview=561551; remarks=Login OTP issued after credential validation','ACTIVE',247),(254,'EMAIL','2026-05-16 08:17:22.067239','SENT','2026-05-16 08:17:22.067239','EMAIL_SIMULATOR','provider=EMAIL_SIMULATOR; channel=EMAIL; purpose=PASSWORD_RESET; template=Password Reset Email; otpPreview=262997; remarks=Password reset token issued','ACTIVE',248),(255,'EMAIL','2026-05-16 08:17:22.449808','SENT','2026-05-16 08:17:22.449808','EMAIL_SIMULATOR','provider=EMAIL_SIMULATOR; channel=EMAIL; purpose=LOGIN_OTP; template=Login OTP Email; otpPreview=706701; remarks=Login OTP issued after credential validation','ACTIVE',249),(256,'EMAIL','2026-05-16 08:17:22.548209','SENT','2026-05-16 08:17:22.548209','EMAIL_SIMULATOR','provider=EMAIL_SIMULATOR; channel=EMAIL; purpose=PASSWORD_RESET; template=Password Reset Email; otpPreview=548390; remarks=Password reset token issued','ACTIVE',250),(257,'EMAIL','2026-05-16 08:17:23.207557','SENT','2026-05-16 08:17:23.207557','EMAIL_SIMULATOR','provider=EMAIL_SIMULATOR; channel=EMAIL; purpose=LOGIN_OTP; template=Login OTP Email; otpPreview=823873; remarks=Login OTP issued after credential validation','ACTIVE',251),(258,'EMAIL','2026-05-16 08:18:24.130110','SENT','2026-05-16 08:18:24.130110','EMAIL_SIMULATOR','provider=EMAIL_SIMULATOR; channel=EMAIL; purpose=PASSWORD_RESET; template=Password Reset Email; otpPreview=599770; remarks=Password reset token issued','ACTIVE',252),(259,'EMAIL','2026-05-16 08:18:25.282107','SENT','2026-05-16 08:18:25.281106','EMAIL_SIMULATOR','provider=EMAIL_SIMULATOR; channel=EMAIL; purpose=LOGIN_OTP; template=Login OTP Email; otpPreview=719807; remarks=Login OTP issued after credential validation','ACTIVE',253),(260,'EMAIL','2026-05-16 08:18:25.442106','SENT','2026-05-16 08:18:25.442106','EMAIL_SIMULATOR','provider=EMAIL_SIMULATOR; channel=EMAIL; purpose=PASSWORD_RESET; template=Password Reset Email; otpPreview=350918; remarks=Password reset token issued','ACTIVE',254),(261,'EMAIL','2026-05-16 08:18:26.224109','SENT','2026-05-16 08:18:26.224109','EMAIL_SIMULATOR','provider=EMAIL_SIMULATOR; channel=EMAIL; purpose=LOGIN_OTP; template=Login OTP Email; otpPreview=350450; remarks=Login OTP issued after credential validation','ACTIVE',255),(262,'EMAIL','2026-05-16 08:18:26.365112','SENT','2026-05-16 08:18:26.365112','EMAIL_SIMULATOR','provider=EMAIL_SIMULATOR; channel=EMAIL; purpose=PASSWORD_RESET; template=Password Reset Email; otpPreview=862455; remarks=Password reset token issued','ACTIVE',256),(263,'EMAIL','2026-05-16 08:18:27.054106','SENT','2026-05-16 08:18:27.054106','EMAIL_SIMULATOR','provider=EMAIL_SIMULATOR; channel=EMAIL; purpose=LOGIN_OTP; template=Login OTP Email; otpPreview=690666; remarks=Login OTP issued after credential validation','ACTIVE',257),(264,'EMAIL','2026-05-16 09:05:55.956253','SENT','2026-05-16 09:05:55.955250','EMAIL_SIMULATOR','provider=EMAIL_SIMULATOR; channel=EMAIL; purpose=LOGIN_OTP; template=Login OTP Email; otpPreview=825950; remarks=Login OTP issued after credential validation','ACTIVE',258),(265,'EMAIL','2026-05-16 09:05:56.226254','SENT','2026-05-16 09:05:56.226254','EMAIL_SIMULATOR','provider=EMAIL_SIMULATOR; channel=EMAIL; purpose=LOGIN_OTP; template=Login OTP Email; otpPreview=726273; remarks=Login OTP issued after credential validation','ACTIVE',259),(266,'EMAIL','2026-05-16 09:05:56.385251','SENT','2026-05-16 09:05:56.385251','EMAIL_SIMULATOR','provider=EMAIL_SIMULATOR; channel=EMAIL; purpose=LOGIN_OTP; template=Login OTP Email; otpPreview=251611; remarks=Login OTP issued after credential validation','ACTIVE',260),(267,'EMAIL','2026-05-16 09:05:56.555253','SENT','2026-05-16 09:05:56.555253','EMAIL_SIMULATOR','provider=EMAIL_SIMULATOR; channel=EMAIL; purpose=LOGIN_OTP; template=Login OTP Email; otpPreview=178617; remarks=Login OTP issued after credential validation','ACTIVE',261),(268,'EMAIL','2026-05-16 09:05:56.749248','SENT','2026-05-16 09:05:56.748250','EMAIL_SIMULATOR','provider=EMAIL_SIMULATOR; channel=EMAIL; purpose=LOGIN_OTP; template=Login OTP Email; otpPreview=432627; remarks=Login OTP issued after credential validation','ACTIVE',262),(269,'EMAIL','2026-05-16 09:05:56.924250','SENT','2026-05-16 09:05:56.923253','EMAIL_SIMULATOR','provider=EMAIL_SIMULATOR; channel=EMAIL; purpose=LOGIN_OTP; template=Login OTP Email; otpPreview=488028; remarks=Login OTP issued after credential validation','ACTIVE',263),(270,'EMAIL','2026-05-16 09:16:22.728072','SENT','2026-05-16 09:16:22.727074','EMAIL_SIMULATOR','provider=EMAIL_SIMULATOR; channel=EMAIL; purpose=PASSWORD_RESET; template=Password Reset Email; otpPreview=144699; remarks=Password reset token issued','ACTIVE',264),(271,'EMAIL','2026-05-16 09:16:23.313070','SENT','2026-05-16 09:16:23.313070','EMAIL_SIMULATOR','provider=EMAIL_SIMULATOR; channel=EMAIL; purpose=LOGIN_OTP; template=Login OTP Email; otpPreview=451747; remarks=Login OTP issued after credential validation','ACTIVE',265),(272,'EMAIL','2026-05-16 09:16:23.373067','SENT','2026-05-16 09:16:23.373067','EMAIL_SIMULATOR','provider=EMAIL_SIMULATOR; channel=EMAIL; purpose=PASSWORD_RESET; template=Password Reset Email; otpPreview=263453; remarks=Password reset token issued','ACTIVE',266),(273,'EMAIL','2026-05-16 09:16:23.781072','SENT','2026-05-16 09:16:23.780070','EMAIL_SIMULATOR','provider=EMAIL_SIMULATOR; channel=EMAIL; purpose=LOGIN_OTP; template=Login OTP Email; otpPreview=533149; remarks=Login OTP issued after credential validation','ACTIVE',267),(274,'EMAIL','2026-05-16 09:16:23.830066','SENT','2026-05-16 09:16:23.830066','EMAIL_SIMULATOR','provider=EMAIL_SIMULATOR; channel=EMAIL; purpose=PASSWORD_RESET; template=Password Reset Email; otpPreview=205064; remarks=Password reset token issued','ACTIVE',268),(275,'EMAIL','2026-05-16 09:16:24.242099','SENT','2026-05-16 09:16:24.242099','EMAIL_SIMULATOR','provider=EMAIL_SIMULATOR; channel=EMAIL; purpose=LOGIN_OTP; template=Login OTP Email; otpPreview=729422; remarks=Login OTP issued after credential validation','ACTIVE',269),(276,'EMAIL','2026-05-16 09:16:24.287067','SENT','2026-05-16 09:16:24.287067','EMAIL_SIMULATOR','provider=EMAIL_SIMULATOR; channel=EMAIL; purpose=PASSWORD_RESET; template=Password Reset Email; otpPreview=501843; remarks=Password reset token issued','ACTIVE',270),(277,'EMAIL','2026-05-16 09:16:24.690075','SENT','2026-05-16 09:16:24.690075','EMAIL_SIMULATOR','provider=EMAIL_SIMULATOR; channel=EMAIL; purpose=LOGIN_OTP; template=Login OTP Email; otpPreview=415518; remarks=Login OTP issued after credential validation','ACTIVE',271),(278,'EMAIL','2026-05-16 09:16:24.738070','SENT','2026-05-16 09:16:24.738070','EMAIL_SIMULATOR','provider=EMAIL_SIMULATOR; channel=EMAIL; purpose=PASSWORD_RESET; template=Password Reset Email; otpPreview=323948; remarks=Password reset token issued','ACTIVE',272),(279,'EMAIL','2026-05-16 09:16:25.192068','SENT','2026-05-16 09:16:25.191069','EMAIL_SIMULATOR','provider=EMAIL_SIMULATOR; channel=EMAIL; purpose=LOGIN_OTP; template=Login OTP Email; otpPreview=913493; remarks=Login OTP issued after credential validation','ACTIVE',273),(280,'EMAIL','2026-05-16 09:16:25.236068','SENT','2026-05-16 09:16:25.236068','EMAIL_SIMULATOR','provider=EMAIL_SIMULATOR; channel=EMAIL; purpose=PASSWORD_RESET; template=Password Reset Email; otpPreview=866356; remarks=Password reset token issued','ACTIVE',274),(281,'EMAIL','2026-05-16 09:16:25.686073','SENT','2026-05-16 09:16:25.685071','EMAIL_SIMULATOR','provider=EMAIL_SIMULATOR; channel=EMAIL; purpose=LOGIN_OTP; template=Login OTP Email; otpPreview=230450; remarks=Login OTP issued after credential validation','ACTIVE',275),(282,'EMAIL','2026-05-16 09:20:30.689667','SENT','2026-05-16 09:20:30.689667','EMAIL_SIMULATOR','provider=EMAIL_SIMULATOR; channel=EMAIL; purpose=LOGIN_OTP; template=Login OTP Email; otpPreview=461942; remarks=Login OTP issued after credential validation','ACTIVE',265),(283,'EMAIL','2026-05-16 09:20:30.903935','SENT','2026-05-16 09:20:30.903935','EMAIL_SIMULATOR','provider=EMAIL_SIMULATOR; channel=EMAIL; purpose=LOGIN_OTP; template=Login OTP Email; otpPreview=906386; remarks=Login OTP issued after credential validation','ACTIVE',267),(284,'EMAIL','2026-05-16 09:20:31.054932','SENT','2026-05-16 09:20:31.053933','EMAIL_SIMULATOR','provider=EMAIL_SIMULATOR; channel=EMAIL; purpose=LOGIN_OTP; template=Login OTP Email; otpPreview=154555; remarks=Login OTP issued after credential validation','ACTIVE',269),(285,'EMAIL','2026-05-16 09:20:31.230930','SENT','2026-05-16 09:20:31.230930','EMAIL_SIMULATOR','provider=EMAIL_SIMULATOR; channel=EMAIL; purpose=LOGIN_OTP; template=Login OTP Email; otpPreview=915293; remarks=Login OTP issued after credential validation','ACTIVE',271),(286,'EMAIL','2026-05-16 09:20:31.395932','SENT','2026-05-16 09:20:31.395932','EMAIL_SIMULATOR','provider=EMAIL_SIMULATOR; channel=EMAIL; purpose=LOGIN_OTP; template=Login OTP Email; otpPreview=622608; remarks=Login OTP issued after credential validation','ACTIVE',273),(287,'EMAIL','2026-05-16 09:20:31.546940','SENT','2026-05-16 09:20:31.546940','EMAIL_SIMULATOR','provider=EMAIL_SIMULATOR; channel=EMAIL; purpose=LOGIN_OTP; template=Login OTP Email; otpPreview=895260; remarks=Login OTP issued after credential validation','ACTIVE',275),(288,'EMAIL','2026-05-16 09:22:03.744502','SENT','2026-05-16 09:22:03.743485','EMAIL_SIMULATOR','provider=EMAIL_SIMULATOR; channel=EMAIL; purpose=LOGIN_OTP; template=Login OTP Email; otpPreview=736517; remarks=Login OTP issued after credential validation','ACTIVE',265),(289,'EMAIL','2026-05-16 09:43:46.365770','SENT','2026-05-16 09:43:46.365770','GMAIL_SMTP','provider=GMAIL_SMTP; channel=EMAIL; recipient=masud.jee68@gmail.com','ACTIVE',276),(290,'EMAIL','2026-05-16 09:45:23.390779','SENT','2026-05-16 09:45:23.390779','GMAIL_SMTP','provider=GMAIL_SMTP; channel=EMAIL; recipient=masud.jee68@gmail.com','ACTIVE',277),(291,'EMAIL','2026-05-16 09:49:27.112442','SENT','2026-05-16 09:49:27.112442','GMAIL_SMTP','provider=GMAIL_SMTP; channel=EMAIL; recipient=masud.jee68@gmail.com','ACTIVE',278),(292,'EMAIL','2026-05-16 09:57:58.017460','SENT','2026-05-16 09:57:58.016455','GMAIL_SMTP','provider=GMAIL_SMTP; channel=EMAIL; recipient=masud.jee68+u.kyc.reviewer01@gmail.com','ACTIVE',279),(293,'EMAIL','2026-05-16 10:05:03.715814','SENT','2026-05-16 10:05:03.713813','GMAIL_SMTP','provider=GMAIL_SMTP; channel=EMAIL; recipient=masud.jee68@gmail.com','ACTIVE',280),(294,'EMAIL','2026-05-16 10:31:11.669279','SENT','2026-05-16 10:31:11.668238','GMAIL_SMTP','provider=GMAIL_SMTP; channel=EMAIL; recipient=masud.jee68@gmail.com','ACTIVE',281),(295,'EMAIL','2026-05-16 20:54:51.465372','SENT','2026-05-16 20:54:51.465372','GMAIL_SMTP','provider=GMAIL_SMTP; channel=EMAIL; recipient=masud.jee68@gmail.com','ACTIVE',282),(296,'EMAIL','2026-05-17 08:58:13.052347','SENT','2026-05-17 08:58:13.051349','GMAIL_SMTP','provider=GMAIL_SMTP; channel=EMAIL; recipient=masud.jee68@gmail.com','ACTIVE',283),(297,'EMAIL','2026-05-17 23:37:30.518404','SENT','2026-05-17 23:37:30.516406','GMAIL_SMTP','provider=GMAIL_SMTP; channel=EMAIL; recipient=masud.jee68@gmail.com','ACTIVE',284),(298,'EMAIL','2026-05-18 00:26:09.800906','SENT','2026-05-18 00:26:09.800906','GMAIL_SMTP','provider=GMAIL_SMTP; channel=EMAIL; recipient=masud.jee68@gmail.com','ACTIVE',285),(299,'EMAIL','2026-05-18 00:26:51.031743','SENT','2026-05-18 00:26:51.031743','GMAIL_SMTP','provider=GMAIL_SMTP; channel=EMAIL; recipient=masud.jee68@gmail.com','ACTIVE',285),(300,'EMAIL','2026-05-18 07:57:06.876659','SENT','2026-05-18 07:57:06.876659','GMAIL_SMTP','provider=GMAIL_SMTP; channel=EMAIL; recipient=masud.jee68@gmail.com','ACTIVE',286);
/*!40000 ALTER TABLE `verification_dispatch_queue` ENABLE KEYS */;
UNLOCK TABLES;

--
-- Table structure for table `verification_template`
--

DROP TABLE IF EXISTS `verification_template`;
/*!40101 SET @saved_cs_client     = @@character_set_client */;
/*!50503 SET character_set_client = utf8mb4 */;
CREATE TABLE `verification_template` (
  `id` bigint NOT NULL AUTO_INCREMENT,
  `channel_type` enum('EMAIL','SMS') NOT NULL,
  `created_at` datetime(6) NOT NULL,
  `purpose` enum('LOGIN_OTP','PASSWORD_RESET','PROVIDER_TEST','STEP_UP_ACTION','VERIFY_EMAIL','VERIFY_MOBILE') NOT NULL,
  `status` enum('ACTIVE','ARCHIVED','PENDING') NOT NULL,
  `subject_line` varchar(200) DEFAULT NULL,
  `template_body` varchar(2000) NOT NULL,
  `template_code` varchar(40) NOT NULL,
  `template_name` varchar(150) NOT NULL,
  `updated_at` datetime(6) NOT NULL,
  PRIMARY KEY (`id`),
  UNIQUE KEY `UK27uqkkqwfsebjfxopt4ies1rv` (`template_code`)
) ENGINE=InnoDB AUTO_INCREMENT=11 DEFAULT CHARSET=utf8mb4 COLLATE=utf8mb4_0900_ai_ci;
/*!40101 SET character_set_client = @saved_cs_client */;

--
-- Dumping data for table `verification_template`
--

LOCK TABLES `verification_template` WRITE;
/*!40000 ALTER TABLE `verification_template` DISABLE KEYS */;
INSERT INTO `verification_template` VALUES (1,'EMAIL','2026-04-01 09:10:00.000000','VERIFY_EMAIL','ACTIVE','Verify your email address','Dear customer, your email verification OTP is {{otp}} and expires in 5 minutes.','VT-EMAIL-01','Customer Email Verification','2026-04-01 09:10:00.000000'),(2,'SMS','2026-04-01 09:12:00.000000','VERIFY_MOBILE','ACTIVE',NULL,'Your mobile verification OTP is {{otp}}. It will expire in 5 minutes.','VT-SMS-01','Customer Mobile Verification','2026-04-01 09:12:00.000000'),(3,'EMAIL','2026-04-01 09:14:00.000000','PASSWORD_RESET','ACTIVE','Reset your password','Use OTP {{otp}} to reset your password. This request expires in 5 minutes.','VT-EMAIL-02','Password Reset Email','2026-04-01 09:14:00.000000'),(4,'SMS','2026-04-01 09:16:00.000000','PASSWORD_RESET','ACTIVE',NULL,'Password reset OTP {{otp}} is valid for 5 minutes.','VT-SMS-02','Password Reset SMS','2026-04-01 09:16:00.000000'),(5,'EMAIL','2026-04-01 09:18:00.000000','PROVIDER_TEST','ACTIVE','Provider test email','Local provider test OTP {{otp}} generated for validation.','VT-EMAIL-03','Provider Test Email','2026-04-01 09:18:00.000000'),(6,'SMS','2026-04-01 09:20:00.000000','PROVIDER_TEST','ACTIVE',NULL,'Local provider test OTP {{otp}} generated for SMS validation.','VT-SMS-03','Provider Test SMS','2026-04-01 09:20:00.000000'),(7,'EMAIL','2026-04-01 09:22:00.000000','VERIFY_MOBILE','ACTIVE','Staff alert','Cross-check contact verification OTP {{otp}} for operational review only.','VT-EMAIL-04','Operational Support Email','2026-04-01 09:22:00.000000'),(8,'SMS','2026-04-01 09:24:00.000000','VERIFY_EMAIL','ACTIVE',NULL,'Operational mirror OTP {{otp}} generated for audit simulation.','VT-SMS-04','Operational Support SMS','2026-04-01 09:24:00.000000'),(9,'EMAIL','2026-05-08 18:36:43.000000','LOGIN_OTP','ACTIVE','Your secure login OTP','Assalamu Alaikum, your SBMS login OTP is {{otp}}. This code will expire in {{expiresMinutes}} minutes. If you did not try to sign in, please contact support immediately.','VT-EMAIL-LOGIN-01','Login OTP Email','2026-05-08 18:36:43.000000'),(10,'SMS','2026-05-08 18:36:43.000000','LOGIN_OTP','ACTIVE',NULL,'SBMS login OTP: {{otp}}. Valid for {{expiresMinutes}} minutes. Do not share this code with anyone.','VT-SMS-LOGIN-01','Login OTP SMS','2026-05-08 18:36:43.000000');
/*!40000 ALTER TABLE `verification_template` ENABLE KEYS */;
UNLOCK TABLES;

--
-- Table structure for table `workflow_comment`
--

DROP TABLE IF EXISTS `workflow_comment`;
/*!40101 SET @saved_cs_client     = @@character_set_client */;
/*!50503 SET character_set_client = utf8mb4 */;
CREATE TABLE `workflow_comment` (
  `id` bigint NOT NULL AUTO_INCREMENT,
  `comment_at` datetime(6) NOT NULL,
  `comment_by` varchar(120) NOT NULL,
  `comment_text` varchar(1000) NOT NULL,
  `module_name` varchar(80) NOT NULL,
  `reference_id` bigint NOT NULL,
  `status` enum('ACTIVE','ARCHIVED','PENDING') NOT NULL,
  PRIMARY KEY (`id`)
) ENGINE=InnoDB AUTO_INCREMENT=16 DEFAULT CHARSET=utf8mb4 COLLATE=utf8mb4_0900_ai_ci;
/*!40101 SET character_set_client = @saved_cs_client */;

--
-- Dumping data for table `workflow_comment`
--

LOCK TABLES `workflow_comment` WRITE;
/*!40000 ALTER TABLE `workflow_comment` DISABLE KEYS */;
INSERT INTO `workflow_comment` VALUES (1,'2026-05-04 08:12:00.000000','WORKFLOW_SEED','Customer profile documents were received and checked at branch desk. | WORKFLOW_SEED','CUSTOMER',1,'ACTIVE'),(2,'2026-05-04 08:23:00.000000','WORKFLOW_SEED','Risk screening completed before forwarding to review desk. | WORKFLOW_SEED','KYC',1,'ACTIVE'),(3,'2026-05-04 08:42:00.000000','WORKFLOW_SEED','Linked customer and KYC profile matched successfully. | WORKFLOW_SEED','ACCOUNT',1,'ACTIVE'),(4,'2026-05-04 09:03:00.000000','WORKFLOW_SEED','Committee approval remarks attached with recommendation sheet. | WORKFLOW_SEED','FINANCING',1,'ACTIVE'),(5,'2026-05-04 09:18:00.000000','WORKFLOW_SEED','Checklist item mismatch noted for revised contract wording. | WORKFLOW_SEED','SHARIAH',1,'ACTIVE'),(6,'2026-05-04 09:33:00.000000','WORKFLOW_SEED','Branch clarification required for missing CCTV reference. | WORKFLOW_SEED','SECURITY_INVESTIGATION',1,'ACTIVE'),(7,'2026-05-04 09:53:00.000000','WORKFLOW_SEED','Draft ownership assigned to legal support queue. | WORKFLOW_SEED','CONTRACT',1,'ACTIVE'),(8,'2026-05-04 10:08:00.000000','WORKFLOW_SEED','File export completed and queued for regulatory dispatch. | WORKFLOW_SEED','REPORTS',1,'ACTIVE'),(9,'2026-05-04 10:22:00.000000','WORKFLOW_SEED','Retry failed due to upstream SMTP timeout. | WORKFLOW_SEED','NOTIFICATION',1,'ACTIVE'),(10,'2026-05-04 10:48:00.000000','WORKFLOW_SEED','Reconciliation variance cleared by operations officer. | WORKFLOW_SEED','ATM',1,'ACTIVE'),(11,'2026-05-04 11:02:00.000000','WORKFLOW_SEED','Payout request requires final beneficiary approval. | WORKFLOW_SEED','ZAKAT',1,'ACTIVE'),(12,'2026-05-04 11:23:00.000000','WORKFLOW_SEED','Disbursement supporting file archived and locked. | WORKFLOW_SEED','FINANCING',2,'ACTIVE'),(13,'2026-05-04 11:38:00.000000','WORKFLOW_SEED','Nominee photo ID mismatch caused rejection. | WORKFLOW_SEED','DEPOSIT_SCHEME',1,'ACTIVE'),(14,'2026-05-04 11:53:00.000000','WORKFLOW_SEED','Approval completed after second-level address verification. | WORKFLOW_SEED','KYC',2,'ACTIVE'),(15,'2026-05-04 12:08:00.000000','WORKFLOW_SEED','Posting queue assignment completed for maker-checker stage. | WORKFLOW_SEED','ACCOUNT',2,'ACTIVE');
/*!40000 ALTER TABLE `workflow_comment` ENABLE KEYS */;
UNLOCK TABLES;

--
-- Table structure for table `workflow_history`
--

DROP TABLE IF EXISTS `workflow_history`;
/*!40101 SET @saved_cs_client     = @@character_set_client */;
/*!50503 SET character_set_client = utf8mb4 */;
CREATE TABLE `workflow_history` (
  `id` bigint NOT NULL AUTO_INCREMENT,
  `action_at` datetime(6) NOT NULL,
  `action_by` varchar(120) NOT NULL,
  `action_name` varchar(80) NOT NULL,
  `from_status` varchar(40) DEFAULT NULL,
  `module_name` varchar(80) NOT NULL,
  `reference_id` bigint NOT NULL,
  `remarks` varchar(1000) DEFAULT NULL,
  `status` enum('ACTIVE','ARCHIVED','PENDING') NOT NULL,
  `to_status` varchar(40) DEFAULT NULL,
  PRIMARY KEY (`id`)
) ENGINE=InnoDB AUTO_INCREMENT=16 DEFAULT CHARSET=utf8mb4 COLLATE=utf8mb4_0900_ai_ci;
/*!40101 SET character_set_client = @saved_cs_client */;

--
-- Dumping data for table `workflow_history`
--

LOCK TABLES `workflow_history` WRITE;
/*!40000 ALTER TABLE `workflow_history` DISABLE KEYS */;
INSERT INTO `workflow_history` VALUES (1,'2026-05-04 08:10:00.000000','SYSTEM','SUBMIT_PROFILE','DRAFT','CUSTOMER',1,'Customer onboarding submitted from branch desk | WORKFLOW_SEED','ACTIVE','SUBMITTED'),(2,'2026-05-04 08:20:00.000000','SYSTEM','ROUTE_FOR_REVIEW','SUBMITTED','KYC',1,'KYC profile routed to compliance review | WORKFLOW_SEED','ACTIVE','PENDING_REVIEW'),(3,'2026-05-04 08:40:00.000000','OPS_OFFICER','VERIFY_ACCOUNT','PENDING_REVIEW','ACCOUNT',1,'Account opening request validated against KYC and branch profile | WORKFLOW_SEED','ACTIVE','VERIFIED'),(4,'2026-05-04 09:00:00.000000','INVESTMENT_OFFICER','APPROVE_APPLICATION','UNDER_REVIEW','FINANCING',1,'Financing application approved after review committee sign-off | WORKFLOW_SEED','ACTIVE','APPROVED'),(5,'2026-05-04 09:15:00.000000','SHARIAH_BOARD_MEMBER','START_REVIEW','SUBMITTED','SHARIAH',1,'Shariah case picked for detailed review and checklist validation | WORKFLOW_SEED','ACTIVE','UNDER_REVIEW'),(6,'2026-05-04 09:30:00.000000','SYSTEM','RETURN_CASE','ASSIGNED','SECURITY_INVESTIGATION',1,'Investigation returned for branch clarification and supporting evidence | WORKFLOW_SEED','ACTIVE','RETURNED'),(7,'2026-05-04 09:50:00.000000','SYSTEM','ASSIGN_DRAFT','DRAFT','CONTRACT',1,'Contract drafting task assigned to legal workflow pool | WORKFLOW_SEED','ACTIVE','ASSIGNED'),(8,'2026-05-04 10:05:00.000000','OPS_OFFICER','EXPORT_REPORT','APPROVED','REPORTS',1,'Regulatory export finished and file reference logged | WORKFLOW_SEED','ACTIVE','COMPLETED'),(9,'2026-05-04 10:20:00.000000','SYSTEM','RETRY_DELIVERY','FAILED','NOTIFICATION',1,'Notification delivery retried but provider failure persisted | WORKFLOW_SEED','ACTIVE','FAILED'),(10,'2026-05-04 10:45:00.000000','OPS_OFFICER','POST_RECONCILIATION','VERIFIED','ATM',1,'ATM reconciliation posted to terminal journal and cash ledger | WORKFLOW_SEED','ACTIVE','POSTED'),(11,'2026-05-04 11:00:00.000000','SYSTEM','SUBMIT_PAYOUT','DRAFT','ZAKAT',1,'Charity payout request submitted for operational approval | WORKFLOW_SEED','ACTIVE','PENDING'),(12,'2026-05-04 11:20:00.000000','BRANCH_MANAGER','CLOSE_DISBURSEMENT','APPROVED','FINANCING',2,'Disbursement file closed after release confirmation | WORKFLOW_SEED','ACTIVE','CLOSED'),(13,'2026-05-04 11:35:00.000000','OPS_OFFICER','REJECT_ENROLLMENT','UNDER_REVIEW','DEPOSIT_SCHEME',1,'Enrollment rejected because nominee verification remained incomplete | WORKFLOW_SEED','ACTIVE','REJECTED'),(14,'2026-05-04 11:50:00.000000','SYSTEM','APPROVE_PROFILE','UNDER_REVIEW','KYC',2,'KYC profile approved after identity and address confirmation | WORKFLOW_SEED','ACTIVE','APPROVED'),(15,'2026-05-04 12:05:00.000000','SYSTEM','ASSIGN_FOR_POSTING','VERIFIED','ACCOUNT',2,'Account assigned to maker-checker posting queue | WORKFLOW_SEED','ACTIVE','ASSIGNED');
/*!40000 ALTER TABLE `workflow_history` ENABLE KEYS */;
UNLOCK TABLES;

--
-- Table structure for table `zakat_profile`
--

DROP TABLE IF EXISTS `zakat_profile`;
/*!40101 SET @saved_cs_client     = @@character_set_client */;
/*!50503 SET character_set_client = utf8mb4 */;
CREATE TABLE `zakat_profile` (
  `id` bigint NOT NULL AUTO_INCREMENT,
  `calculation_status` enum('BELOW_NISAB','CALCULATED','DEDUCTED','PROFILED') NOT NULL,
  `created_at` datetime(6) NOT NULL,
  `eligible_asset_amount` decimal(18,2) NOT NULL,
  `nisab_amount` decimal(18,2) NOT NULL,
  `remarks` varchar(1000) DEFAULT NULL,
  `updated_at` datetime(6) NOT NULL,
  `zakat_amount` decimal(18,2) NOT NULL,
  `zakat_year` int NOT NULL,
  `customer_id` bigint NOT NULL,
  `proof_document_name` varchar(255) DEFAULT NULL,
  PRIMARY KEY (`id`),
  UNIQUE KEY `uk_zakat_profile_customer_year` (`customer_id`,`zakat_year`),
  CONSTRAINT `FK9do7aokj4ao2x3y2fwq94jbk0` FOREIGN KEY (`customer_id`) REFERENCES `customer` (`id`)
) ENGINE=InnoDB AUTO_INCREMENT=16 DEFAULT CHARSET=utf8mb4 COLLATE=utf8mb4_0900_ai_ci;
/*!40101 SET character_set_client = @saved_cs_client */;

--
-- Dumping data for table `zakat_profile`
--

LOCK TABLES `zakat_profile` WRITE;
/*!40000 ALTER TABLE `zakat_profile` DISABLE KEYS */;
INSERT INTO `zakat_profile` VALUES (1,'DEDUCTED','2026-04-01 09:00:00.000000',540000.00,85000.00,'Primary zakat profile settled through yearly deduction workflow.','2026-04-10 11:30:00.000000',13500.00,2025,1,NULL),(2,'DEDUCTED','2026-04-01 09:15:00.000000',450000.00,85000.00,'Business reserve adjusted and zakat routed to charity fund.','2026-04-10 11:45:00.000000',11250.00,2025,2,NULL),(3,'BELOW_NISAB','2026-04-01 09:30:00.000000',72000.00,85000.00,'Retail savings remained below nisab threshold for the year.','2026-04-10 12:00:00.000000',0.00,2025,3,NULL),(4,'BELOW_NISAB','2026-04-01 09:45:00.000000',81000.00,90000.00,'Personal assets reviewed and kept for reminder tracking only.','2026-04-10 12:15:00.000000',0.00,2026,4,NULL),(5,'DEDUCTED','2026-04-01 10:00:00.000000',650000.00,85000.00,'Corporate zakat amount deducted after asset review.','2026-04-10 12:30:00.000000',16250.00,2025,5,NULL),(6,'CALCULATED','2026-04-01 10:15:00.000000',390000.00,90000.00,'Calculated and waiting finance confirmation before deduction.','2026-04-10 12:45:00.000000',9750.00,2026,6,NULL),(7,'DEDUCTED','2026-04-01 10:30:00.000000',390000.00,85000.00,'Salary and deposit mix cleared for deduction posting.','2026-04-10 13:00:00.000000',9750.00,2025,7,NULL),(8,'PROFILED','2026-04-01 10:45:00.000000',580000.00,90000.00,'Asset profile opened and waiting calculation run by officer.','2026-04-10 13:15:00.000000',0.00,2026,8,NULL),(9,'DEDUCTED','2026-04-01 11:00:00.000000',575000.00,90000.00,'Customer requested immediate deduction after yearly review.','2026-04-10 13:30:00.000000',14375.00,2025,9,NULL),(10,'CALCULATED','2026-04-01 11:15:00.000000',440000.00,90000.00,'Calculated amount waiting customer approval for deduction.','2026-04-10 13:45:00.000000',11000.00,2026,10,NULL),(11,'DEDUCTED','2026-04-01 11:30:00.000000',500000.00,90000.00,'Trade inventory exposure converted into posted zakat amount.','2026-04-10 14:00:00.000000',12500.00,2025,11,NULL),(12,'PROFILED','2026-04-01 11:45:00.000000',315000.00,90000.00,'New profile captured and waiting verified eligible asset review.','2026-04-10 14:15:00.000000',0.00,2026,12,NULL),(13,'DEDUCTED','2026-04-01 12:00:00.000000',425000.00,90000.00,'Family zakat pool cleared and routed to charity fund.','2026-04-10 14:30:00.000000',10625.00,2025,13,NULL),(14,'DEDUCTED','2026-04-01 12:15:00.000000',620000.00,90000.00,'High balance assets reviewed and deducted for current cycle.','2026-04-10 14:45:00.000000',15500.00,2026,14,NULL),(15,'DEDUCTED','2026-04-01 12:30:00.000000',350000.00,90000.00,'Community savings portfolio settled through yearly zakat process.','2026-04-10 15:00:00.000000',8750.00,2025,15,NULL);
/*!40000 ALTER TABLE `zakat_profile` ENABLE KEYS */;
UNLOCK TABLES;
/*!40103 SET TIME_ZONE=@OLD_TIME_ZONE */;

/*!40101 SET SQL_MODE=@OLD_SQL_MODE */;
/*!40014 SET FOREIGN_KEY_CHECKS=@OLD_FOREIGN_KEY_CHECKS */;
/*!40014 SET UNIQUE_CHECKS=@OLD_UNIQUE_CHECKS */;
/*!40101 SET CHARACTER_SET_CLIENT=@OLD_CHARACTER_SET_CLIENT */;
/*!40101 SET CHARACTER_SET_RESULTS=@OLD_CHARACTER_SET_RESULTS */;
/*!40101 SET COLLATION_CONNECTION=@OLD_COLLATION_CONNECTION */;
/*!40111 SET SQL_NOTES=@OLD_SQL_NOTES */;

-- Dump completed on 2026-05-18 15:22:29
