SET FOREIGN_KEY_CHECKS = 0;
TRUNCATE TABLE contract_version;
TRUNCATE TABLE contract;
TRUNCATE TABLE contract_template;
SET FOREIGN_KEY_CHECKS = 1;

INSERT INTO contract_template
  (id, contract_type, created_at, status, template_body, template_code, template_name, updated_at, version_no)
VALUES
  (1, 'ACCOUNT_OPENING', '2026-02-01 09:00:00', 'ACTIVE', 'Account opening agreement for {{customerName}} ({{customerCode}}) under contract {{contractNo}} dated {{today}}.', 'CTM-00001', 'Account Opening Standard', '2026-02-01 09:00:00', 1),
  (2, 'FINANCING', '2026-02-01 09:05:00', 'ACTIVE', 'Murabaha financing agreement for {{customerName}} against {{referenceModule}} #{{referenceId}} under contract {{contractNo}}.', 'CTM-00002', 'Financing Murabaha Core', '2026-02-01 09:05:00', 1),
  (3, 'FINANCING', '2026-02-01 09:10:00', 'ACTIVE', 'Ijarah rental contract for {{customerName}} generated as {{contractNo}} from template {{templateName}}.', 'CTM-00003', 'Financing Ijarah Lease', '2026-02-01 09:10:00', 2),
  (4, 'DEPOSIT_SCHEME', '2026-02-01 09:15:00', 'ACTIVE', 'Deposit scheme enrollment contract for {{customerName}} linked to reference {{referenceId}}.', 'CTM-00004', 'Deposit Scheme Enrollment', '2026-02-01 09:15:00', 1),
  (5, 'CARD_ISSUE', '2026-02-01 09:20:00', 'ACTIVE', 'Card issuance acknowledgement for {{customerName}} under contract {{contractNo}}.', 'CTM-00005', 'Card Issue Undertaking', '2026-02-01 09:20:00', 1),
  (6, 'GENERAL', '2026-02-01 09:25:00', 'ACTIVE', 'General service contract generated for {{customerName}} with source {{referenceModule}} / {{referenceId}}.', 'CTM-00006', 'General Service Contract', '2026-02-01 09:25:00', 1),
  (7, 'ACCOUNT_OPENING', '2026-02-01 09:30:00', 'ACTIVE', 'Premium account opening clauses for {{customerName}} under agreement {{contractNo}}.', 'CTM-00007', 'Account Opening Premium', '2026-02-01 09:30:00', 2),
  (8, 'FINANCING', '2026-02-01 09:35:00', 'ACTIVE', 'Working capital financing contract prepared for {{customerName}} under reference {{referenceId}}.', 'CTM-00008', 'Working Capital Financing', '2026-02-01 09:35:00', 1),
  (9, 'DEPOSIT_SCHEME', '2026-02-01 09:40:00', 'ACTIVE', 'Long-term savings scheme contract for {{customerName}} generated on {{today}}.', 'CTM-00009', 'Savings Scheme Long Term', '2026-02-01 09:40:00', 1),
  (10, 'FINANCING', '2026-02-01 09:45:00', 'ACTIVE', 'Medical equipment financing agreement for {{customerName}} with contract no {{contractNo}}.', 'CTM-00010', 'Medical Equipment Financing', '2026-02-01 09:45:00', 1),
  (11, 'CARD_ISSUE', '2026-02-01 09:50:00', 'ACTIVE', 'Corporate card issue contract for {{customerName}} using template {{templateName}}.', 'CTM-00011', 'Corporate Card Contract', '2026-02-01 09:50:00', 2),
  (12, 'GENERAL', '2026-02-01 09:55:00', 'ACTIVE', 'Shariah advisory service contract for {{customerName}} against general reference {{referenceId}}.', 'CTM-00012', 'Shariah Advisory Service', '2026-02-01 09:55:00', 1),
  (13, 'ACCOUNT_OPENING', '2026-02-01 10:00:00', 'ACTIVE', 'SME account opening agreement for {{customerName}} prepared under {{contractNo}}.', 'CTM-00013', 'SME Account Opening', '2026-02-01 10:00:00', 1),
  (14, 'FINANCING', '2026-02-01 10:05:00', 'ACTIVE', 'Commodity financing contract for {{customerName}} generated from financing case {{referenceId}}.', 'CTM-00014', 'Commodity Financing Contract', '2026-02-01 10:05:00', 1),
  (15, 'GENERAL', '2026-02-01 10:10:00', 'ACTIVE', 'Final general undertaking executed by {{customerName}} under contract {{contractNo}}.', 'CTM-00015', 'General Undertaking', '2026-02-01 10:10:00', 1);

INSERT INTO contract
  (id, contract_no, contract_status, contract_text, contract_type, created_at, customer_signed_at, reference_id, reference_module, remarks, shariah_signed_at, signed_by_customer, signed_by_shariah, signed_date, status, updated_at, customer_id, template_id)
VALUES
  (1, 'CTR-00001', 'DRAFT', 'Account opening draft contract for Md. Masud Rana linked to request 1. Awaiting customer signature.', 'ACCOUNT_OPENING', '2026-02-02 09:00:00', NULL, 1, 'ACCOUNT_OPENING', 'Draft contract waiting for customer review', NULL, NULL, NULL, NULL, 'ACTIVE', '2026-02-02 09:00:00', 1, 1),
  (2, 'CTR-00002', 'ACTIVE', 'Murabaha contract for Md. Woalinur linked to financing application 1. Customer signed, waiting for shariah sign.', 'FINANCING', '2026-02-02 09:20:00', '2026-02-03 10:15:00', 1, 'FINANCING', 'Customer accepted financing terms', NULL, 'Customer Signer 02', NULL, NULL, 'ACTIVE', '2026-02-03 10:15:00', 2, 2),
  (3, 'CTR-00003', 'LOCKED', 'Ijarah contract for Md. Rahim Uddin linked to financing application 2. Fully executed and locked.', 'FINANCING', '2026-02-02 09:40:00', '2026-02-03 11:00:00', 2, 'FINANCING', 'Final executed lease contract', '2026-02-04 12:10:00', 'Customer Signer 03', 'Shariah Signer 03', '2026-02-04 12:10:00', 'ACTIVE', '2026-02-04 12:10:00', 3, 3),
  (4, 'CTR-00004', 'ACTIVE', 'Deposit scheme enrollment contract for Sadia Islam linked to enrollment 1. Customer signed and pending final board sign.', 'DEPOSIT_SCHEME', '2026-02-02 10:00:00', '2026-02-03 13:20:00', 1, 'DEPOSIT_SCHEME', 'Customer signed savings scheme terms', NULL, 'Customer Signer 04', NULL, NULL, 'ACTIVE', '2026-02-03 13:20:00', 4, 4),
  (5, 'CTR-00005', 'LOCKED', 'Card issue undertaking for Al-Amin Traders linked to card issue 1. Fully signed and locked.', 'CARD_ISSUE', '2026-02-02 10:20:00', '2026-02-03 14:00:00', 1, 'CARD_ISSUE', 'Corporate card issue finalized', '2026-02-04 15:30:00', 'Customer Signer 05', 'Shariah Signer 05', '2026-02-04 15:30:00', 'ACTIVE', '2026-02-04 15:30:00', 5, 5),
  (6, 'CTR-00006', 'DRAFT', 'General service contract for Tanvir Ahmed prepared from general reference 6. Awaiting review edits.', 'GENERAL', '2026-02-02 10:40:00', NULL, 6, 'GENERAL', 'Draft advisory scope under review', NULL, NULL, NULL, NULL, 'ACTIVE', '2026-02-02 10:40:00', 6, 6),
  (7, 'CTR-00007', 'ACTIVE', 'Premium account opening contract for Nadia Rahman linked to request 7. Customer signed only.', 'ACCOUNT_OPENING', '2026-02-02 11:00:00', '2026-02-03 16:10:00', 7, 'ACCOUNT_OPENING', 'Customer accepted premium account obligations', NULL, 'Customer Signer 07', NULL, NULL, 'ACTIVE', '2026-02-03 16:10:00', 7, 7),
  (8, 'CTR-00008', 'LOCKED', 'Working capital financing contract for Rafiq Hasan linked to financing application 8. Finalized and locked.', 'FINANCING', '2026-02-02 11:20:00', '2026-02-03 17:00:00', 8, 'FINANCING', 'Final working capital contract executed', '2026-02-04 17:45:00', 'Customer Signer 08', 'Shariah Signer 08', '2026-02-04 17:45:00', 'ACTIVE', '2026-02-04 17:45:00', 8, 8),
  (9, 'CTR-00009', 'DRAFT', 'Long-term savings scheme contract for Farhana Akter created from enrollment 9 and awaiting first signature.', 'DEPOSIT_SCHEME', '2026-02-02 11:40:00', NULL, 9, 'DEPOSIT_SCHEME', 'Draft contract waiting for customer acknowledgment', NULL, NULL, NULL, NULL, 'ACTIVE', '2026-02-02 11:40:00', 9, 9),
  (10, 'CTR-00010', 'ACTIVE', 'Medical equipment financing contract for Shakil Ahmed linked to financing application 10. Customer signed and active.', 'FINANCING', '2026-02-02 12:00:00', '2026-02-03 18:20:00', 10, 'FINANCING', 'Customer signed medical financing deal', NULL, 'Customer Signer 10', NULL, NULL, 'ACTIVE', '2026-02-03 18:20:00', 10, 10),
  (11, 'CTR-00011', 'LOCKED', 'Corporate card contract for Jannatul Ferdous linked to card issue 11. Shariah and customer signatures completed.', 'CARD_ISSUE', '2026-02-02 12:20:00', '2026-02-03 19:10:00', 11, 'CARD_ISSUE', 'Card issue contract locked', '2026-02-04 19:45:00', 'Customer Signer 11', 'Shariah Signer 11', '2026-02-04 19:45:00', 'ACTIVE', '2026-02-04 19:45:00', 11, 11),
  (12, 'CTR-00012', 'DRAFT', 'Shariah advisory service contract for Mahmudul Hasan from general reference 12. Drafted for review.', 'GENERAL', '2026-02-02 12:40:00', NULL, 12, 'GENERAL', 'Draft service scope not yet signed', NULL, NULL, NULL, NULL, 'ACTIVE', '2026-02-02 12:40:00', 12, 12),
  (13, 'CTR-00013', 'ACTIVE', 'SME account opening contract for Tasnia Ahmed linked to request 13 with customer signature completed.', 'ACCOUNT_OPENING', '2026-02-02 13:00:00', '2026-02-03 20:00:00', 13, 'ACCOUNT_OPENING', 'Customer signature captured for SME account opening', NULL, 'Customer Signer 13', NULL, NULL, 'ACTIVE', '2026-02-03 20:00:00', 13, 13),
  (14, 'CTR-00014', 'LOCKED', 'Commodity financing contract for Kamrul Islam linked to financing application 14. Fully signed and stored as final.', 'FINANCING', '2026-02-02 13:20:00', '2026-02-03 20:40:00', 14, 'FINANCING', 'Commodity financing fully executed', '2026-02-04 21:30:00', 'Customer Signer 14', 'Shariah Signer 14', '2026-02-04 21:30:00', 'ACTIVE', '2026-02-04 21:30:00', 14, 14),
  (15, 'CTR-00015', 'ACTIVE', 'General undertaking for Rokeya Begum linked to general reference 15. Customer sign exists and final lock pending.', 'GENERAL', '2026-02-02 13:40:00', '2026-02-03 21:10:00', 15, 'GENERAL', 'General undertaking customer-signed', NULL, 'Customer Signer 15', NULL, NULL, 'ACTIVE', '2026-02-03 21:10:00', 15, 15);

INSERT INTO contract_version
  (id, change_note, change_type, changed_by, contract_text, created_at, status, version_no, contract_id)
VALUES
  (1, 'Initial generated draft', 'GENERATED', 'SYSTEM_GENERATOR', 'Account opening draft contract for Md. Masud Rana linked to request 1. Awaiting customer signature.', '2026-02-02 09:00:00', 'ACTIVE', 1, 1),
  (2, 'Initial generated draft', 'GENERATED', 'SYSTEM_GENERATOR', 'Murabaha contract for Md. Woalinur linked to financing application 1. Customer signed, waiting for shariah sign.', '2026-02-02 09:20:00', 'ACTIVE', 1, 2),
  (3, 'Customer signed financing terms', 'CUSTOMER_SIGN', 'Customer Signer 02', 'Murabaha contract for Md. Woalinur linked to financing application 1. Customer signed, waiting for shariah sign.', '2026-02-03 10:15:00', 'ACTIVE', 2, 2),
  (4, 'Initial generated draft', 'GENERATED', 'SYSTEM_GENERATOR', 'Ijarah contract for Md. Rahim Uddin linked to financing application 2. Fully executed and locked.', '2026-02-02 09:40:00', 'ACTIVE', 1, 3),
  (5, 'Customer signed lease terms', 'CUSTOMER_SIGN', 'Customer Signer 03', 'Ijarah contract for Md. Rahim Uddin linked to financing application 2. Fully executed and locked.', '2026-02-03 11:00:00', 'ACTIVE', 2, 3),
  (6, 'Shariah sign completed', 'SHARIAH_SIGN', 'Shariah Signer 03', 'Ijarah contract for Md. Rahim Uddin linked to financing application 2. Fully executed and locked.', '2026-02-04 12:10:00', 'ACTIVE', 3, 3),
  (7, 'Initial generated draft', 'GENERATED', 'SYSTEM_GENERATOR', 'Deposit scheme enrollment contract for Sadia Islam linked to enrollment 1. Customer signed and pending final board sign.', '2026-02-02 10:00:00', 'ACTIVE', 1, 4),
  (8, 'Customer accepted savings scheme terms', 'CUSTOMER_SIGN', 'Customer Signer 04', 'Deposit scheme enrollment contract for Sadia Islam linked to enrollment 1. Customer signed and pending final board sign.', '2026-02-03 13:20:00', 'ACTIVE', 2, 4),
  (9, 'Initial generated draft', 'GENERATED', 'SYSTEM_GENERATOR', 'Card issue undertaking for Al-Amin Traders linked to card issue 1. Fully signed and locked.', '2026-02-02 10:20:00', 'ACTIVE', 1, 5),
  (10, 'Customer signed card undertaking', 'CUSTOMER_SIGN', 'Customer Signer 05', 'Card issue undertaking for Al-Amin Traders linked to card issue 1. Fully signed and locked.', '2026-02-03 14:00:00', 'ACTIVE', 2, 5),
  (11, 'Shariah sign completed', 'SHARIAH_SIGN', 'Shariah Signer 05', 'Card issue undertaking for Al-Amin Traders linked to card issue 1. Fully signed and locked.', '2026-02-04 15:30:00', 'ACTIVE', 3, 5),
  (12, 'Initial generated draft', 'GENERATED', 'SYSTEM_GENERATOR', 'General service contract for Tanvir Ahmed prepared from general reference 6. Awaiting review edits.', '2026-02-02 10:40:00', 'ACTIVE', 1, 6),
  (13, 'Initial generated draft', 'GENERATED', 'SYSTEM_GENERATOR', 'Premium account opening contract for Nadia Rahman linked to request 7. Customer signed only.', '2026-02-02 11:00:00', 'ACTIVE', 1, 7),
  (14, 'Customer signed premium account terms', 'CUSTOMER_SIGN', 'Customer Signer 07', 'Premium account opening contract for Nadia Rahman linked to request 7. Customer signed only.', '2026-02-03 16:10:00', 'ACTIVE', 2, 7),
  (15, 'Initial generated draft', 'GENERATED', 'SYSTEM_GENERATOR', 'Working capital financing contract for Rafiq Hasan linked to financing application 8. Finalized and locked.', '2026-02-02 11:20:00', 'ACTIVE', 1, 8),
  (16, 'Customer signed working capital contract', 'CUSTOMER_SIGN', 'Customer Signer 08', 'Working capital financing contract for Rafiq Hasan linked to financing application 8. Finalized and locked.', '2026-02-03 17:00:00', 'ACTIVE', 2, 8),
  (17, 'Shariah sign completed', 'SHARIAH_SIGN', 'Shariah Signer 08', 'Working capital financing contract for Rafiq Hasan linked to financing application 8. Finalized and locked.', '2026-02-04 17:45:00', 'ACTIVE', 3, 8),
  (18, 'Initial generated draft', 'GENERATED', 'SYSTEM_GENERATOR', 'Long-term savings scheme contract for Farhana Akter created from enrollment 9 and awaiting first signature.', '2026-02-02 11:40:00', 'ACTIVE', 1, 9),
  (19, 'Initial generated draft', 'GENERATED', 'SYSTEM_GENERATOR', 'Medical equipment financing contract for Shakil Ahmed linked to financing application 10. Customer signed and active.', '2026-02-02 12:00:00', 'ACTIVE', 1, 10),
  (20, 'Customer signed medical financing deal', 'CUSTOMER_SIGN', 'Customer Signer 10', 'Medical equipment financing contract for Shakil Ahmed linked to financing application 10. Customer signed and active.', '2026-02-03 18:20:00', 'ACTIVE', 2, 10),
  (21, 'Initial generated draft', 'GENERATED', 'SYSTEM_GENERATOR', 'Corporate card contract for Jannatul Ferdous linked to card issue 11. Shariah and customer signatures completed.', '2026-02-02 12:20:00', 'ACTIVE', 1, 11),
  (22, 'Customer signed card contract', 'CUSTOMER_SIGN', 'Customer Signer 11', 'Corporate card contract for Jannatul Ferdous linked to card issue 11. Shariah and customer signatures completed.', '2026-02-03 19:10:00', 'ACTIVE', 2, 11),
  (23, 'Shariah sign completed', 'SHARIAH_SIGN', 'Shariah Signer 11', 'Corporate card contract for Jannatul Ferdous linked to card issue 11. Shariah and customer signatures completed.', '2026-02-04 19:45:00', 'ACTIVE', 3, 11),
  (24, 'Initial generated draft', 'GENERATED', 'SYSTEM_GENERATOR', 'Shariah advisory service contract for Mahmudul Hasan from general reference 12. Drafted for review.', '2026-02-02 12:40:00', 'ACTIVE', 1, 12),
  (25, 'Initial generated draft', 'GENERATED', 'SYSTEM_GENERATOR', 'SME account opening contract for Tasnia Ahmed linked to request 13 with customer signature completed.', '2026-02-02 13:00:00', 'ACTIVE', 1, 13),
  (26, 'Customer signature captured for SME account opening', 'CUSTOMER_SIGN', 'Customer Signer 13', 'SME account opening contract for Tasnia Ahmed linked to request 13 with customer signature completed.', '2026-02-03 20:00:00', 'ACTIVE', 2, 13),
  (27, 'Initial generated draft', 'GENERATED', 'SYSTEM_GENERATOR', 'Commodity financing contract for Kamrul Islam linked to financing application 14. Fully signed and stored as final.', '2026-02-02 13:20:00', 'ACTIVE', 1, 14),
  (28, 'Customer signed commodity financing deal', 'CUSTOMER_SIGN', 'Customer Signer 14', 'Commodity financing contract for Kamrul Islam linked to financing application 14. Fully signed and stored as final.', '2026-02-03 20:40:00', 'ACTIVE', 2, 14),
  (29, 'Shariah sign completed', 'SHARIAH_SIGN', 'Shariah Signer 14', 'Commodity financing contract for Kamrul Islam linked to financing application 14. Fully signed and stored as final.', '2026-02-04 21:30:00', 'ACTIVE', 3, 14),
  (30, 'Initial generated draft', 'GENERATED', 'SYSTEM_GENERATOR', 'General undertaking for Rokeya Begum linked to general reference 15. Customer sign exists and final lock pending.', '2026-02-02 13:40:00', 'ACTIVE', 1, 15),
  (31, 'Customer signed general undertaking', 'CUSTOMER_SIGN', 'Customer Signer 15', 'General undertaking for Rokeya Begum linked to general reference 15. Customer sign exists and final lock pending.', '2026-02-03 21:10:00', 'ACTIVE', 2, 15);
